entityId,name,namedPerson,serviceAddress,companyRegisteredOffice,source,verificationMethod,verifiedAt,addressReuseCount,equalsRegisteredOffice,ownershipEvidence,riskFlags,defensibility,countsPostal
ent_ch_14645536,A FAMILY OFFICE LTD,Mr Mike Peter Adams,"DEVONSHIRE STREET, GROUND FLOOR, LONDON, W1G 7AJ","London, United Kingdom, W1G 7AJ, 41 Devonshire Street",gov.uk/companies-house,route appears in evidence naming the individual,Sat Aug 01 2026 15:58:55 GMT+0500 (Pakistan Standard Time),1,YES,"officers.items[].address for ADAMS, Mike Peter: DEVONSHIRE STREET, GROUND FLOOR, LONDON, W1G 7AJ",matches the company registered office,REVIEW — the flags above weaken the personal-route claim,false
ent_ch_10449161,AJEGBO FAMILY HOLDINGS LTD,Ms Carol Joy Ajegbo,"ADMIRALS WAY, CANARY WHARF, E14 9XL","Canary Wharf, United Kingdom, E14 9XL, 16 Beaufort Court Admirals Way",gov.uk/companies-house,route appears in evidence naming the individual,Sat Aug 01 2026 17:25:38 GMT+0500 (Pakistan Standard Time),2,YES,"officers.items[].address for AJEGBO, Carol Joy: ADMIRALS WAY, CANARY WHARF, E14 9XL",shared with 1 other route(s) in this file; matches the company registered office,REVIEW — the flags above weaken the personal-route claim,false
ent_ch_03419689,ALEXANDER FAMILY HOLDINGS LTD.,Mr Costas Alexander,"SOUTH AVENUE, STOURBRIDGE, DY8 3XY","London, N11 1BL, 12 Brookdale",gov.uk/companies-house,route appears in evidence naming the individual,Fri Jul 31 2026 13:22:30 GMT+0500 (Pakistan Standard Time),1,no,"officers.items[].address for ALEXANDER, Brian Andrew: SOUTH AVENUE, STOURBRIDGE, DY8 3XY",none,"defensible — a director-filed service address, adjudicated, not the registered office and not shared",true
ent_ch_12980963,ALMOND FAMILY HOLDINGS LIMITED,"ALMOND, Emily","LUSTLEIGH CLOSE, MARSH BARTON TRADING ESTATE, EXETER, EX2 8PW","Exeter, United Kingdom, EX2 8PW, 1 The Barbican Centre Lustleigh Close",gov.uk/companies-house,route appears in evidence naming the individual,Sat Aug 01 2026 16:42:04 GMT+0500 (Pakistan Standard Time),1,YES,"officers.items[].address for ALMOND, Emily: LUSTLEIGH CLOSE, MARSH BARTON TRADING ESTATE, EXETER, EX2 8PW",matches the company registered office,REVIEW — the flags above weaken the personal-route claim,false
ent_ch_12980963,ALMOND FAMILY HOLDINGS LIMITED,"ALMOND, Emily","KENNFORD, EXETER, EX6 7UN","Exeter, United Kingdom, EX2 8PW, 1 The Barbican Centre Lustleigh Close",gov.uk/companies-house,route appears in evidence naming the individual,Sat Aug 01 2026 16:42:04 GMT+0500 (Pakistan Standard Time),1,no,"officers.items[].address for ALMOND, Simon Christopher: KENNFORD, EXETER, EX6 7UN",none,"defensible — a director-filed service address, adjudicated, not the registered office and not shared",true
ent_ch_NI659605,AMC LEGACY HOLDINGS LTD,Mr Martin Mccarron,"CHURCH STREET, BALLYGAWLEY, BT70 2HB","Ballygawley, United Kingdom, BT70 2HB, 2 Church Street",gov.uk/companies-house,route appears in evidence naming the individual,Fri Jul 31 2026 13:49:32 GMT+0500 (Pakistan Standard Time),1,YES,"officers.items[].address for MCCARRON, Martin: CHURCH STREET, BALLYGAWLEY, BT70 2HB",matches the company registered office,REVIEW — the flags above weaken the personal-route claim,false
ent_ch_11260750,ANDREWS FAMILY HOLDINGS LIMITED,Mr Christopher John Andrews,"FRANCIS STREET, LEICESTER, LE2 2BD","Leicester, United Kingdom, LE2 2BD, 4 Francis Street",gov.uk/companies-house,route appears in evidence naming the individual,Sat Aug 01 2026 17:13:08 GMT+0500 (Pakistan Standard Time),1,YES,"officers.items[].address for ANDREWS, Christopher John: FRANCIS STREET, LEICESTER, LE2 2BD",matches the company registered office,REVIEW — the flags above weaken the personal-route claim,false
ent_ch_10363573,ARAM FAMILY HOLDINGS LIMITED,Simon Michael James Aram,"BEACONSFIELD, HP9 1NB","Barnstaple, United Kingdom, EX32 7BZ, 36 Bear Street",gov.uk/companies-house,route appears in evidence naming the individual,Sat Aug 01 2026 16:39:59 GMT+0500 (Pakistan Standard Time),1,no,"officers.items[].address for ARAM, Simon Michael James: BEACONSFIELD, HP9 1NB",none,"defensible — a director-filed service address, adjudicated, not the registered office and not shared",true
ent_ch_01150304,ARCHITECTURAL HERITAGE FUND(THE),"MCKEAGUE, Matthew","SPITAL SQUARE, LONDON, E1 6AQ","London, E1 6AQ, 3 Spital Yard",gov.uk/companies-house,route appears in evidence naming the individual,Fri Jul 31 2026 13:54:34 GMT+0500 (Pakistan Standard Time),1,YES,"officers.items[].address for BAYNE, Syreeta: SPITAL SQUARE, LONDON, E1 6AQ",matches the company registered office,REVIEW — the flags above weaken the personal-route claim,false
ent_ch_01150304,ARCHITECTURAL HERITAGE FUND(THE),"MCKEAGUE, Matthew","RAYNERS ROAD, LONDON, SW15 2AY","London, E1 6AQ, 3 Spital Yard",gov.uk/companies-house,route appears in evidence naming the individual,Fri Jul 31 2026 13:54:36 GMT+0500 (Pakistan Standard Time),1,no,"officers.items[].address for WILLIAMS, Peter Wodehouse: RAYNERS ROAD, LONDON, SW15 2AY",none,"defensible — a director-filed service address, adjudicated, not the registered office and not shared",true
ent_ch_01150304,ARCHITECTURAL HERITAGE FUND(THE),"MCKEAGUE, Matthew","RICHMOND ROAD, LYTHAM ST. ANNES, FY8 1PE","London, E1 6AQ, 3 Spital Yard",gov.uk/companies-house,route appears in evidence naming the individual,Fri Jul 31 2026 13:54:35 GMT+0500 (Pakistan Standard Time),1,no,"officers.items[].address for ROBINSON WILD, Esther Jane: RICHMOND ROAD, LYTHAM ST. ANNES, FY8 1PE",none,"defensible — a director-filed service address, adjudicated, not the registered office and not shared",true
ent_ch_01150304,ARCHITECTURAL HERITAGE FUND(THE),"MCKEAGUE, Matthew","NORTHCOTT AVENUE, LONDON, N22 7DB","London, E1 6AQ, 3 Spital Yard",gov.uk/companies-house,route appears in evidence naming the individual,Fri Jul 31 2026 13:54:35 GMT+0500 (Pakistan Standard Time),1,no,"officers.items[].address for MEEK, Joshua Houston: NORTHCOTT AVENUE, LONDON, N22 7DB",none,"defensible — a director-filed service address, adjudicated, not the registered office and not shared",true
ent_ch_01150304,ARCHITECTURAL HERITAGE FUND(THE),"MCKEAGUE, Matthew","WOMANBY STREET, CARDIFF, CF10 1BR","London, E1 6AQ, 3 Spital Yard",gov.uk/companies-house,route appears in evidence naming the individual,Fri Jul 31 2026 13:54:35 GMT+0500 (Pakistan Standard Time),1,no,"officers.items[].address for FRANCIS, Alan Wakefield: WOMANBY STREET, CARDIFF, CF10 1BR",none,"defensible — a director-filed service address, adjudicated, not the registered office and not shared",true
ent_ch_01150304,ARCHITECTURAL HERITAGE FUND(THE),"MCKEAGUE, Matthew","ELAND ROAD, LONDON, SW11 5JY","London, E1 6AQ, 3 Spital Yard",gov.uk/companies-house,route appears in evidence naming the individual,Fri Jul 31 2026 13:54:36 GMT+0500 (Pakistan Standard Time),1,no,"officers.items[].address for WALSH, Mary Geraldine: ELAND ROAD, LONDON, SW11 5JY",none,"defensible — a director-filed service address, adjudicated, not the registered office and not shared",true
ent_ch_01150304,ARCHITECTURAL HERITAGE FUND(THE),"MCKEAGUE, Matthew","CROSSWAYS, BERKHAMSTED, HP4 3NH","London, E1 6AQ, 3 Spital Yard",gov.uk/companies-house,route appears in evidence naming the individual,Fri Jul 31 2026 13:54:36 GMT+0500 (Pakistan Standard Time),1,no,"officers.items[].address for WESTWOOD, Andrew William, Professor: CROSSWAYS, BERKHAMSTED, HP4 3NH",none,"defensible — a director-filed service address, adjudicated, not the registered office and not shared",true
ent_ch_01150304,ARCHITECTURAL HERITAGE FUND(THE),"MCKEAGUE, Matthew","ST. ALDATES, OXFORD, OX1 1DP","London, E1 6AQ, 3 Spital Yard",gov.uk/companies-house,route appears in evidence naming the individual,Fri Jul 31 2026 13:54:35 GMT+0500 (Pakistan Standard Time),1,no,"officers.items[].address for SHASORE, Neal Ethan, Dr: ST. ALDATES, OXFORD, OX1 1DP",none,"defensible — a director-filed service address, adjudicated, not the registered office and not shared",true
ent_ch_14046216,ARCTURUS FAMILY INVESTMENT LTD,Ms Pui Man Chan,"GREAT PORTLAND STRE, 5TH FLOOR, LONDON, W1W 5PF","London, United Kingdom, W1W 5PF, 167-169 Great Portland Stre",gov.uk/companies-house,route appears in evidence naming the individual,Sat Aug 01 2026 16:14:38 GMT+0500 (Pakistan Standard Time),1,YES,"officers.items[].address for CHAN, Pui Man: GREAT PORTLAND STRE, 5TH FLOOR, LONDON, W1W 5PF",matches the company registered office,REVIEW — the flags above weaken the personal-route claim,false
ent_ch_10448375,ARISTOU FAMILY HOLDINGS LTD,Ms Salome Aristou,"BIZ HUB TEES VALLEY, BELASIS HALL TECHNOLOGY PARK, BILLINGHAM, TS23 4EA","Billingham, United Kingdom, TS23 4EA, C/O Ocg Accountants Ltd Biz Hub Tees Valley",gov.uk/companies-house,route appears in evidence naming the individual,Sat Aug 01 2026 16:39:10 GMT+0500 (Pakistan Standard Time),38,YES,"officers.items[].address for ARISTOU, Salome: BIZ HUB TEES VALLEY, BELASIS HALL TECHNOLOGY PARK, BILLINGHAM, TS23 4EA",shared with 37 other route(s) in this file; matches the company registered office,REVIEW — the flags above weaken the personal-route claim,false
ent_ch_14805705,ASG FAMILY HOLDINGS LTD,Dr Ameet Singh Ghatahora,"BIZ HUB TEES VALLEY, BELASIS HALL TECHNOLOGY PARK, BILLINGHAM, TS23 4EA","Billingham, United Kingdom, TS23 4EA, C/O Ocg Accountants Ltd Biz Hub Tees Valley",gov.uk/companies-house,route appears in evidence naming the individual,Sat Aug 01 2026 16:38:48 GMT+0500 (Pakistan Standard Time),38,YES,"officers.items[].address for GHATAHORA, Ameet Singh, Dr: BIZ HUB TEES VALLEY, BELASIS HALL TECHNOLOGY PARK, BILLINGHAM, TS23 4EA",shared with 37 other route(s) in this file; matches the company registered office,REVIEW — the flags above weaken the personal-route claim,false
ent_ch_SC743302,AUSTIN CAREY FAMILY HOLDINGS LTD,Mr Austin Paul Daniel Carey,"CRAIG LEITH ROAD, STIRLING, FK7 7LQ","Stirling, United Kingdom, FK7 7LQ, 9 Craig Leith Road",gov.uk/companies-house,route appears in evidence naming the individual,Sat Aug 01 2026 16:47:24 GMT+0500 (Pakistan Standard Time),1,YES,"officers.items[].address for CAREY, Austin Paul Daniel: CRAIG LEITH ROAD, STIRLING, FK7 7LQ",matches the company registered office,REVIEW — the flags above weaken the personal-route claim,false
ent_ch_15142854,AUXILIUM FAMILY OFFICE LIMITED,Mr Christopher Theodorou,"GANDER GREEN LANE, CHEAM, SUTTON, SM3 9QZ","Sutton, United Kingdom, SM3 9QZ, 324 Gander Green Lane",gov.uk/companies-house,route appears in evidence naming the individual,Fri Jul 31 2026 13:41:35 GMT+0500 (Pakistan Standard Time),1,YES,"officers.items[].address for THEODOROU, Christopher: GANDER GREEN LANE, CHEAM, SUTTON, SM3 9QZ",matches the company registered office,REVIEW — the flags above weaken the personal-route claim,false
ent_ch_15588322,BA FAMILY INVESTMENT COMPANY LIMITED,Mr Alexander James Etheridge Geary,"FESTIVAL WAY, FESTIVAL PARK, STOKE-ON-TRENT, ST1 5BB","Stoke-On-Trent, United Kingdom, ST1 5BB, Rsm Festival Way",gov.uk/companies-house,route appears in evidence naming the individual,Sat Aug 01 2026 16:14:49 GMT+0500 (Pakistan Standard Time),1,YES,"officers.items[].address for ANDERSON, Ben Thomas: FESTIVAL WAY, FESTIVAL PARK, STOKE-ON-TRENT, ST1 5BB",matches the company registered office,REVIEW — the flags above weaken the personal-route claim,false
ent_ch_11796660,BAINBRIDGE FAMILY HOLDINGS LIMITED,Mr Sam Hardy Bainbridge,"BIZ HUB TEES VALLEY, BELASIS HALL TECHNOLOGY PARK, BILLINGHAM, TS23 4EA","Billingham, United Kingdom, TS23 4EA, C/O Ocg Accountants Ltd Biz Hub Tees Valley",gov.uk/companies-house,route appears in evidence naming the individual,Sat Aug 01 2026 17:14:02 GMT+0500 (Pakistan Standard Time),38,YES,"officers.items[].address for BAINBRIDGE, Sam Hardy: BIZ HUB TEES VALLEY, BELASIS HALL TECHNOLOGY PARK, BILLINGHAM, TS23 4EA",shared with 37 other route(s) in this file; matches the company registered office,REVIEW — the flags above weaken the personal-route claim,false
ent_ch_14831486,BARBER FAMILY HOLDINGS LIMITED,Mr Mark Peter Barber,"FULWOOD, PRESTON, PR2 3AE","Preston, United Kingdom, PR2 3AE, 316 Blackpool Road Fulwood",gov.uk/companies-house,route appears in evidence naming the individual,Sat Aug 01 2026 17:00:18 GMT+0500 (Pakistan Standard Time),1,YES,"officers.items[].address for BARBER, Mark Peter: FULWOOD, PRESTON, PR2 3AE",matches the company registered office,REVIEW — the flags above weaken the personal-route claim,false
ent_ch_12795539,BARNETT FAMILY HOLDINGS LIMITED,Mr Joshua Benjamin Barnett,"7-12 TAVISTOCK SQUARE, LONDON, WC1H 9BQ","London, United Kingdom, WC1H 9BQ, Lynton House",gov.uk/companies-house,route appears in evidence naming the individual,Fri Jul 31 2026 13:46:15 GMT+0500 (Pakistan Standard Time),1,no,"officers.items[].address for BARNETT, Joshua Benjamin: 7-12 TAVISTOCK SQUARE, LONDON, WC1H 9BQ",none,"defensible — a director-filed service address, adjudicated, not the registered office and not shared",true
ent_ch_12120974,BARRY FAMILY HOLDINGS LTD,Mr Francis Colin Barry,"BIZ HUB TEES VALLEY, BELASIS HALL TECHNOLOGY PARK, BILLINGHAM, TS23 4EA","Billingham, United Kingdom, TS23 4EA, C/O Ocg Accountants Ltd Biz Hub Tees Valley",gov.uk/companies-house,route appears in evidence naming the individual,Sat Aug 01 2026 16:33:57 GMT+0500 (Pakistan Standard Time),38,YES,"officers.items[].address for BARRY, Francis Colin: BIZ HUB TEES VALLEY, BELASIS HALL TECHNOLOGY PARK, BILLINGHAM, TS23 4EA",shared with 37 other route(s) in this file; matches the company registered office,REVIEW — the flags above weaken the personal-route claim,false
ent_ch_10000047,BEERSTECHER FAMILY INVESTMENT COMPANY LTD,Mr Simon Mark Beerstecher,"32-33 WATLING STREET, CANTERBURY, CT1 2AN","Canterbury, United Kingdom, CT1 2AN, 2nd Floor 32-33 Watling Street",gov.uk/companies-house,route appears in evidence naming the individual,Sat Aug 01 2026 16:04:53 GMT+0500 (Pakistan Standard Time),1,YES,"officers.items[].address for BEERSTECHER, Simon Mark: 32-33 WATLING STREET, CANTERBURY, CT1 2AN",matches the company registered office,REVIEW — the flags above weaken the personal-route claim,false
ent_ch_00790103,BERKMANN FAMILY HOLDINGS LIMITED,Mr Rupert Anthony Berkmann,"2 RUE HONORE LABANDE, 98000 MONACO","London, United Kingdom, EC1R 4RR, 70 Rosebery Avenue",gov.uk/companies-house,route appears in evidence naming the individual,Sat Aug 01 2026 16:47:47 GMT+0500 (Pakistan Standard Time),1,no,"officers.items[].address for BERKMANN, Ewa Smolinska: 2 RUE HONORE LABANDE, 98000 MONACO",none,"defensible — a director-filed service address, adjudicated, not the registered office and not shared",true
ent_ch_SC497921,BIG ISLAND FAMILY INVESTMENT COMPANY LIMITED,Mr Brian Ross Stewart Miller,"BELLEVUE CRESCENT, EDINBURGH, EH3 6ND","Edinburgh, United Kingdom, EH3 6ND, 4 Bellevue Crescent",gov.uk/companies-house,route appears in evidence naming the individual,Sat Aug 01 2026 16:12:07 GMT+0500 (Pakistan Standard Time),1,YES,"officers.items[].address for MILLER, Brian Ross Stewart: BELLEVUE CRESCENT, EDINBURGH, EH3 6ND",matches the company registered office,REVIEW — the flags above weaken the personal-route claim,false
ent_ch_14578402,BODEN RAIL HERITAGE SUPPLIES LIMITED,Mr Neil Robert Boden,"KIRKBY IN ASHFIELD, NOTTINGHAM, NG17 9EL","Nottingham, United Kingdom, NG17 9EL, 165 Nuncargate Road Kirkby In Ashfield",gov.uk/companies-house,route appears in evidence naming the individual,Fri Jul 31 2026 13:51:29 GMT+0500 (Pakistan Standard Time),1,YES,"officers.items[].address for BODEN, Neil Robert: KIRKBY IN ASHFIELD, NOTTINGHAM, NG17 9EL",matches the company registered office,REVIEW — the flags above weaken the personal-route claim,false
ent_ch_16292879,BRUCE FAMILY HOLDINGS LTD,Mr Matthew Howard Bruce,"463A GLOSSOP ROAD, SHEFFIELD, S10 2QD","Sheffield, United Kingdom, S10 2QD, Pegasus House",gov.uk/companies-house,route appears in evidence naming the individual,Sat Aug 01 2026 16:44:03 GMT+0500 (Pakistan Standard Time),1,no,"officers.items[].address for BRUCE, Matthew Howard: 463A GLOSSOP ROAD, SHEFFIELD, S10 2QD",none,"defensible — a director-filed service address, adjudicated, not the registered office and not shared",true
ent_ch_13997741,BURGAN FAMILY HOLDINGS LIMITED,Mr Philip John Burgan,"GELDERD ROAD, LEEDS, WEST YORKSHIRE, LS12 6DB","West Yorkshire, United Kingdom, LS12 6DB, Westcourt Gelderd Road",gov.uk/companies-house,route appears in evidence naming the individual,Fri Jul 31 2026 13:47:50 GMT+0500 (Pakistan Standard Time),1,YES,"officers.items[].address for BURGAN, Philip John: GELDERD ROAD, LEEDS, WEST YORKSHIRE, LS12 6DB",matches the company registered office,REVIEW — the flags above weaken the personal-route claim,false
ent_ch_13091951,BURTON & FAMILY HOLDINGS LIMITED,Mr Paul Edward Burton,"LOW ROAD, SCROOBY, DONCASTER, DN10 6AJ","Doncaster, United Kingdom, DN10 6AJ, 4 Low Road",gov.uk/companies-house,route appears in evidence naming the individual,Sat Aug 01 2026 16:34:09 GMT+0500 (Pakistan Standard Time),1,no,"officers.items[].address for BURTON, Paul Edward: LOW ROAD, SCROOBY, DONCASTER, DN10 6AJ",none,"defensible — a director-filed service address, adjudicated, not the registered office and not shared",true
ent_ch_15850256,C&W FAMILY OFFICE LTD,Ms Yile Wang,"41 MASTMAKER ROAD, LONDON, E14 9XS","London, United Kingdom, W1W 7LT, 85 Great Portland Street",gov.uk/companies-house,route appears in evidence naming the individual,Sat Aug 01 2026 15:57:39 GMT+0500 (Pakistan Standard Time),1,no,"officers.items[].address for WANG, Yile: 41 MASTMAKER ROAD, LONDON, E14 9XS",none,"defensible — a director-filed service address, adjudicated, not the registered office and not shared",true
ent_ch_SC521563,CAPSTONE FAMILY OFFICE (SCOTLAND) LIMITED,"CAMPBELL, Gillian Elizabeth","CHARLOTTE SQUARE, EDINBURGH, EH2 4DF","Edinburgh, United Kingdom, EH12 6DW, 27 Lennel Avenue",gov.uk/companies-house,route appears in evidence naming the individual,Sat Aug 01 2026 15:58:01 GMT+0500 (Pakistan Standard Time),1,no,"officers.items[].address for CAMPBELL, Donald Alasdair: CHARLOTTE SQUARE, EDINBURGH, EH2 4DF",none,"defensible — a director-filed service address, adjudicated, not the registered office and not shared",true
ent_ch_14183201,CARDWELL FAMILY HOLDINGS LIMITED,Mrs Karen Cardwell,"NORTH CAVE, BROUGH, HU15 2LW","Brough, United Kingdom, HU15 2LW, Old Chapel, 64 Church Street",gov.uk/companies-house,route appears in evidence naming the individual,Sat Aug 01 2026 16:45:11 GMT+0500 (Pakistan Standard Time),1,no,"officers.items[].address for CARDWELL, Harry Gelder: NORTH CAVE, BROUGH, HU15 2LW",none,"defensible — a director-filed service address, adjudicated, not the registered office and not shared",true
ent_ch_14183201,CARDWELL FAMILY HOLDINGS LIMITED,Mrs Karen Cardwell,"NORTH CAVE, HU15 2LW","Brough, United Kingdom, HU15 2LW, Old Chapel, 64 Church Street",gov.uk/companies-house,route appears in evidence naming the individual,Sat Aug 01 2026 16:45:12 GMT+0500 (Pakistan Standard Time),1,no,"officers.items[].address for CARDWELL, Karen Bridget: NORTH CAVE, HU15 2LW",none,"defensible — a director-filed service address, adjudicated, not the registered office and not shared",true
ent_ch_13138268,CARNOUSTIE GOLF HERITAGE AND HOSPITALITY GROUP LIMITED,Mr Johann Maximilian Herberstein,"MANCHESTER SQUARE, LONDON, W1U 3PT","London, United Kingdom, W1B 3DG, Henry Wood House",gov.uk/companies-house,route appears in evidence naming the individual,Fri Jul 31 2026 13:52:28 GMT+0500 (Pakistan Standard Time),1,no,"officers.items[].address for HERBERSTEIN, Johann Maximilian: MANCHESTER SQUARE, LONDON, W1U 3PT",none,"defensible — a director-filed service address, adjudicated, not the registered office and not shared",true
ent_ch_13138268,CARNOUSTIE GOLF HERITAGE AND HOSPITALITY GROUP LIMITED,Mr Johann Maximilian Herberstein,"4-5 LANGHAM PLACE, LONDON, W1B 3DG","London, United Kingdom, W1B 3DG, Henry Wood House",gov.uk/companies-house,route appears in evidence naming the individual,Fri Jul 31 2026 13:52:28 GMT+0500 (Pakistan Standard Time),1,no,"officers.items[].address for LISIAK, Paul Kenneth: 4-5 LANGHAM PLACE, LONDON, W1B 3DG",none,"defensible — a director-filed service address, adjudicated, not the registered office and not shared",true
ent_ch_11454380,CHRIS BROGAN FAMILY HOLDINGS LIMITED,Mr Christopher Stig Brogan,"BIZ HUB TEES VALLEY, BELASIS HALL TECHNOLOGY PARK, BILLINGHAM, TS23 4EA","Billingham, United Kingdom, TS23 4EA, C/O Ocg Accountants Ltd Biz Hub Tees Valley",gov.uk/companies-house,route appears in evidence naming the individual,Sat Aug 01 2026 16:51:02 GMT+0500 (Pakistan Standard Time),38,YES,"officers.items[].address for BROGAN, Christopher Stig: BIZ HUB TEES VALLEY, BELASIS HALL TECHNOLOGY PARK, BILLINGHAM, TS23 4EA",shared with 37 other route(s) in this file; matches the company registered office,REVIEW — the flags above weaken the personal-route claim,false
ent_ch_11872294,CHRISP FAMILY HOLDINGS LTD,Mr John Oswald Chrisp,"HORSEMAN SIDE, NAVESTOCK, BRENTWOOD, CM14 5ST","Brentwood, United Kingdom, CM14 5ST, Alma Lodge Horseman Side",gov.uk/companies-house,route appears in evidence naming the individual,Sat Aug 01 2026 17:26:32 GMT+0500 (Pakistan Standard Time),2,YES,"officers.items[].address for CHRISP, John Oswald: HORSEMAN SIDE, NAVESTOCK, BRENTWOOD, CM14 5ST",shared with 1 other route(s) in this file; matches the company registered office,REVIEW — the flags above weaken the personal-route claim,false
ent_ch_13299347,CK PROPERTIES AND FAMILY OFFICE LIMITED,Dr. Kylie Hohn,"CLIFFORD STREET, LONDON, W1S 2FT","Tangmere, United Kingdom, PO20 2FS, 1 Lincoln House",gov.uk/companies-house,route appears in evidence naming the individual,Sat Aug 01 2026 15:51:37 GMT+0500 (Pakistan Standard Time),1,no,"officers.items[].address for HOHN, Kylie, Dr.: CLIFFORD STREET, LONDON, W1S 2FT",none,"defensible — a director-filed service address, adjudicated, not the registered office and not shared",true
ent_ch_12112241,CLARKE FAMILY HOLDINGS LTD,Mr Peter James Clarke,"LANGESTON ROAD, LOUGHTON, IG10 3TQ","Loughton, United Kingdom, IG10 3TQ, 4 York House",gov.uk/companies-house,route appears in evidence naming the individual,Sat Aug 01 2026 17:12:17 GMT+0500 (Pakistan Standard Time),1,no,"officers.items[].address for CLARKE, Peter James: LANGESTON ROAD, LOUGHTON, IG10 3TQ",none,"defensible — a director-filed service address, adjudicated, not the registered office and not shared",true
ent_ch_12409606,CLEOPATRA FAMILY INVESTMENT COMPANY LTD,Mrs Penelope Jane Cheshire,"166 PRESCOT ROAD, ST HELENS, WA10 3TS","St Helens, United Kingdom, WA10 3TS, St Anns Mount",gov.uk/companies-house,route appears in evidence naming the individual,Sat Aug 01 2026 16:06:46 GMT+0500 (Pakistan Standard Time),1,no,"officers.items[].address for CHESHIRE, Penelope Jane: 166 PRESCOT ROAD, ST HELENS, WA10 3TS",none,"defensible — a director-filed service address, adjudicated, not the registered office and not shared",true
ent_ch_11359934,COLLINS FAMILY HOLDINGS LTD,Mrs Veronica Collins,"23 LONG STREET, TETBURY, GL8 8AA","Chepstow, United Kingdom, NP16 5EP, The Beaufort Hotel",gov.uk/companies-house,route appears in evidence naming the individual,Sat Aug 01 2026 17:04:40 GMT+0500 (Pakistan Standard Time),1,no,"officers.items[].address for BAILEY, Adrienne Claire Florence: 23 LONG STREET, TETBURY, GL8 8AA",none,"defensible — a director-filed service address, adjudicated, not the registered office and not shared",true
ent_ch_09972720,CRAIG FAMILY HOLDINGS LIMITED,Stephen George Craig,"LONDON ROAD, IPSWICH, IP1 2HA","Ipswich, United Kingdom, IP1 2HA, 1 London Road",gov.uk/companies-house,route appears in evidence naming the individual,Sat Aug 01 2026 16:59:06 GMT+0500 (Pakistan Standard Time),1,YES,"officers.items[].address for CRAIG, Stephen George: LONDON ROAD, IPSWICH, IP1 2HA",matches the company registered office,REVIEW — the flags above weaken the personal-route claim,false
ent_ch_NI648981,CUAN HERITAGE COMPANY LIMITED,Mr Neville Orr,"WHITEROCK ROAD, KILLINCHY, NEWTOWNARDS, BT23 6PT","Newtownards, United Kingdom, BT23 6PT, 50a Whiterock Road",gov.uk/companies-house,route appears in evidence naming the individual,Fri Jul 31 2026 13:53:54 GMT+0500 (Pakistan Standard Time),1,YES,"officers.items[].address for MCCANN, John: WHITEROCK ROAD, KILLINCHY, NEWTOWNARDS, BT23 6PT",matches the company registered office,REVIEW — the flags above weaken the personal-route claim,false
ent_ch_07398800,DAGAN FAMILY INVESTMENT COMPANY LIMITED,Mr Gary Raymond Nunnen,"THE BRIARS, SOUTHPORT, PR8 4QU","Southport, United Kingdom, PR8 4QU, 7 The Briars",gov.uk/companies-house,route appears in evidence naming the individual,Sat Aug 01 2026 16:21:30 GMT+0500 (Pakistan Standard Time),1,YES,"officers.items[].address for NUNNEN, Gary Raymond: THE BRIARS, SOUTHPORT, PR8 4QU",matches the company registered office,REVIEW — the flags above weaken the personal-route claim,false
ent_ch_04397963,DALZIEL FAMILY HOLDINGS LIMITED,Mr Robert Stephen Dalziel,"ALBION STREET, BRIERLEY HILL, DY5 3EE","Brierley Hill, United Kingdom, DY5 3EE, Swinford House",gov.uk/companies-house,route appears in evidence naming the individual,Fri Jul 31 2026 13:47:41 GMT+0500 (Pakistan Standard Time),1,no,"officers.items[].address for DALZIEL, Robert Stephen: ALBION STREET, BRIERLEY HILL, DY5 3EE",none,"defensible — a director-filed service address, adjudicated, not the registered office and not shared",true
ent_ch_15497552,DAO INVESTMENT FAMILY LTD,Viktoriia Parkhomenko,"CARDIFF, CF14 8LH","London, W1W 7LT, 85 Great Portland Street",gov.uk/companies-house,route appears in evidence naming the individual,Sat Aug 01 2026 16:07:29 GMT+0500 (Pakistan Standard Time),1,no,"officers.items[].address for PARKHOMENKO, Viktoriia: CARDIFF, CF14 8LH",none,"defensible — a director-filed service address, adjudicated, not the registered office and not shared",true
ent_ch_15399803,DARK HORSE FAMILY OFFICE LIMITED,Mr James Easdale,"ARLINGTON STREET, LONDON, SW1A 1RN","London, United Kingdom, SW1A 1RN, 21 Arlington Street",gov.uk/companies-house,route appears in evidence naming the individual,Sat Aug 01 2026 15:52:25 GMT+0500 (Pakistan Standard Time),1,YES,"officers.items[].address for STOCKBRIDGE, Brian: ARLINGTON STREET, LONDON, SW1A 1RN",matches the company registered office,REVIEW — the flags above weaken the personal-route claim,false
ent_ch_12129918,DAY FAMILY INVESTMENT COMPANY LTD,Mr Paul Francis Day,"CRESCENT ROAD, WORTHING, BN11 1RL","Worthing, United Kingdom, BN11 1RL, Amelia House",gov.uk/companies-house,route appears in evidence naming the individual,Sat Aug 01 2026 16:02:50 GMT+0500 (Pakistan Standard Time),2,no,"officers.items[].address for DAY, Paul Francis: CRESCENT ROAD, WORTHING, BN11 1RL",shared with 1 other route(s) in this file,REVIEW — the flags above weaken the personal-route claim,true
ent_ch_07579815,DECCAN HERITAGE FOUNDATION LIMITED,Mr Stephane Bloch Saloz,"EXPRESS TOWERS, BARRISTER RAJNI PATEL MARG, MUMBAI","London, United Kingdom, SW1H 0BL, Suite 1, 7th Floor 50 Broadway",gov.uk/companies-house,route appears in evidence naming the individual,Fri Jul 31 2026 13:53:28 GMT+0500 (Pakistan Standard Time),1,no,"officers.items[].address for MEHTA, Abhishek: EXPRESS TOWERS, BARRISTER RAJNI PATEL MARG, MUMBAI",none,"defensible — a director-filed service address, adjudicated, not the registered office and not shared",true
ent_ch_07579815,DECCAN HERITAGE FOUNDATION LIMITED,Mr Stephane Bloch Saloz,"ONE BKC, BANDRA KURLA COMPLEX, MUMBAI, 400 051","London, United Kingdom, SW1H 0BL, Suite 1, 7th Floor 50 Broadway",gov.uk/companies-house,route appears in evidence naming the individual,Fri Jul 31 2026 13:53:28 GMT+0500 (Pakistan Standard Time),1,no,"officers.items[].address for SHAH, Harish Pravinchandra, Mr.: ONE BKC, BANDRA KURLA COMPLEX, MUMBAI, 400 051",none,"defensible — a director-filed service address, adjudicated, not the registered office and not shared",true
ent_ch_09597855,DEMETRIOU FAMILY HOLDINGS LIMITED,Miss Anna Demetriou,"FULBOURNE ROAD, WALTHAMSTOW, E17 4EE","Walthamstow, United Kingdom, E17 4EE, Sterling House",gov.uk/companies-house,route appears in evidence naming the individual,Sat Aug 01 2026 16:51:37 GMT+0500 (Pakistan Standard Time),1,no,"officers.items[].address for KOUNNIS, Antony Mavroudhis: FULBOURNE ROAD, WALTHAMSTOW, E17 4EE",none,"defensible — a director-filed service address, adjudicated, not the registered office and not shared",true
ent_ch_12176541,DODD FAMILY HOLDINGS LTD,Mr Charles Joseph Dodd,"BIZ HUB TEES VALLEY, BELASIS HALL TECHNOLOGY PARK, BILLINGHAM, TS23 4EA","Billingham, United Kingdom, TS23 4EA, C/O Ocg Accountants Ltd Biz Hub Tees Valley",gov.uk/companies-house,route appears in evidence naming the individual,Sat Aug 01 2026 16:34:41 GMT+0500 (Pakistan Standard Time),38,YES,"officers.items[].address for DODD, Charles Joseph: BIZ HUB TEES VALLEY, BELASIS HALL TECHNOLOGY PARK, BILLINGHAM, TS23 4EA",shared with 37 other route(s) in this file; matches the company registered office,REVIEW — the flags above weaken the personal-route claim,false
ent_ch_13136021,DOLLYS FAMILY INVESTMENT LIMITED,Ms Susannah Louise Kennedy,"LIGHTOWLERS LANE, LITTLEBOROUGH, OL15 0LN","Littleborough, United Kingdom, OL15 0LN, Lower Lightowlers",gov.uk/companies-house,route appears in evidence naming the individual,Sat Aug 01 2026 16:04:41 GMT+0500 (Pakistan Standard Time),1,YES,"officers.items[].address for KENNEDY, Carole Ann: LIGHTOWLERS LANE, LITTLEBOROUGH, OL15 0LN",matches the company registered office,REVIEW — the flags above weaken the personal-route claim,false
ent_ch_13159175,DONNELLY FAMILY HOLDINGS UK LTD,Mrs Katy Donnelly,"UNIT 2 OLD BREWERY HOUSE, SOUTH BURNS, CHESTER LE STREET, DH3 3EZ","Chester Le Street, United Kingdom, DH3 3EZ, C/O The Advisory Group Unit 2 Old Brewery House",gov.uk/companies-house,route appears in evidence naming the individual,Sat Aug 01 2026 16:57:19 GMT+0500 (Pakistan Standard Time),1,YES,"officers.items[].address for DONNELLY, Andrew Gerald: UNIT 2 OLD BREWERY HOUSE, SOUTH BURNS, CHESTER LE STREET, DH3 3EZ",matches the company registered office,REVIEW — the flags above weaken the personal-route claim,false
ent_ch_05843174,EASTLORDS FAMILY OFFICE LIMITED,Dr Ahmed Mohamed El-Mokadem,"STATION ROAD WEST, OXTED, RH8 9EE","Oxted, RH8 9EE, 17-19 Station Road West",gov.uk/companies-house,route appears in evidence naming the individual,Sat Aug 01 2026 15:58:44 GMT+0500 (Pakistan Standard Time),1,YES,"officers.items[].address for JAMES, Andrew Christopher: STATION ROAD WEST, OXTED, RH8 9EE",matches the company registered office,REVIEW — the flags above weaken the personal-route claim,false
ent_ch_10937186,ERM FAMILY INVESTMENT COMPANY LIMITED,Mrs Rosemary Anne Millard,"THE SHIRES, CHATTERIS, PE16 6DQ","Chatteris, United Kingdom, PE16 6DQ, 9 Wesley Drive",gov.uk/companies-house,route appears in evidence naming the individual,Sat Aug 01 2026 16:16:55 GMT+0500 (Pakistan Standard Time),1,no,"officers.items[].address for MILLARD, Rosemary Anne: THE SHIRES, CHATTERIS, PE16 6DQ",none,"defensible — a director-filed service address, adjudicated, not the registered office and not shared",true
ent_ch_13370900,EVANS FAMILY GROUP HOLDINGS LTD,Mrs Pauline Jennifer Evans,"BIZ HUB TEES VALLEY, BELASIS HALL TECHNOLOGY PARK, BILLINGHAM, TS23 4EA","Billingham, United Kingdom, TS23 4EA, C/O Ocg Accountants Ltd Biz Hub Tees Valley",gov.uk/companies-house,route appears in evidence naming the individual,Sat Aug 01 2026 16:55:27 GMT+0500 (Pakistan Standard Time),38,YES,"officers.items[].address for EVANS, Pauline Jennifer: BIZ HUB TEES VALLEY, BELASIS HALL TECHNOLOGY PARK, BILLINGHAM, TS23 4EA",shared with 37 other route(s) in this file; matches the company registered office,REVIEW — the flags above weaken the personal-route claim,false
ent_ch_13261412,EVANS FAMILY HOLDINGS LIMITED,Mr Daniel Evans,"33-37 WATERGATE ROW SOUTH, CHESTER, CH1 2LE","Chester, United Kingdom, CH1 2LE, Champion Allwoods Ltd, 2nd Floor, Refuge House",gov.uk/companies-house,route appears in evidence naming the individual,Sat Aug 01 2026 17:05:16 GMT+0500 (Pakistan Standard Time),1,no,"officers.items[].address for EVANS, Daniel: 33-37 WATERGATE ROW SOUTH, CHESTER, CH1 2LE",none,"defensible — a director-filed service address, adjudicated, not the registered office and not shared",true
ent_ch_15559379,EVERSTREAM FAMILY OFFICE LIMITED,Syed Furqan Ahmed,"ST. NICHOLAS WAY, SUTTON, SM1 1JB","Sutton, United Kingdom, SM1 1JB, 3rd Floor Chancery House",gov.uk/companies-house,route appears in evidence naming the individual,Sat Aug 01 2026 15:52:11 GMT+0500 (Pakistan Standard Time),2,no,"officers.items[].address for AHMED, Syed Furqan: ST. NICHOLAS WAY, SUTTON, SM1 1JB",shared with 1 other route(s) in this file,REVIEW — the flags above weaken the personal-route claim,true
ent_ch_11962500,FAIRWAY FAMILY INVESTMENT COMPANY LIMITED,Mrs Andriana Loughlin,"CROSSOAKS FARM, BOREHAMWOOD, WD6 5PH","Borehamwood, United Kingdom, WD6 5PH, The Old Amenities Office",gov.uk/companies-house,route appears in evidence naming the individual,Sat Aug 01 2026 16:06:12 GMT+0500 (Pakistan Standard Time),1,no,"officers.items[].address for LOUGHLIN, Sean: CROSSOAKS FARM, BOREHAMWOOD, WD6 5PH",none,"defensible — a director-filed service address, adjudicated, not the registered office and not shared",true
ent_ch_09365153,FAMILY FUNERAL (HOLDINGS) LIMITED,Mr Michael Andrew Lawrence,"CAVENDISH WAY, BEARSTED, MAIDSTONE, ME15 8PW","Maidstone, ME15 6JZ, 5 North Court",gov.uk/companies-house,route appears in evidence naming the individual,Fri Jul 31 2026 13:47:16 GMT+0500 (Pakistan Standard Time),1,no,"officers.items[].address for LAWRENCE, Michael Andrew: CAVENDISH WAY, BEARSTED, MAIDSTONE, ME15 8PW",none,"defensible — a director-filed service address, adjudicated, not the registered office and not shared",true
ent_ch_02926825,FAMILY INVESTMENT (FOUR) LIMITED,"CORFE, Louise Elizabeth","HILLYFIELD, LEWES, BN7 1LA","Canterbury, CT4 6LE, Bridge House Green Hills",gov.uk/companies-house,route appears in evidence naming the individual,Sat Aug 01 2026 16:03:55 GMT+0500 (Pakistan Standard Time),1,no,"officers.items[].address for SAWYER, Sarah Ann, Professor: HILLYFIELD, LEWES, BN7 1LA",none,"defensible — a director-filed service address, adjudicated, not the registered office and not shared",true
ent_ch_02926825,FAMILY INVESTMENT (FOUR) LIMITED,"CORFE, Louise Elizabeth","BEAUMANOR, HERNE BAY, CT6 5TQ","Canterbury, CT4 6LE, Bridge House Green Hills",gov.uk/companies-house,route appears in evidence naming the individual,Sat Aug 01 2026 16:03:55 GMT+0500 (Pakistan Standard Time),1,no,"officers.items[].address for ELDER, Yvonne: BEAUMANOR, HERNE BAY, CT6 5TQ",none,"defensible — a director-filed service address, adjudicated, not the registered office and not shared",true
ent_ch_14290128,FAMILY INVESTMENT CONSULTING LIMITED,Mr Alex Khosrowpour,"16 PEPPER STREET, LONDON, E14 9RP","London, United Kingdom, E14 9RP, G-05 Davenport House",gov.uk/companies-house,route appears in evidence naming the individual,Sat Aug 01 2026 16:09:41 GMT+0500 (Pakistan Standard Time),1,no,"officers.items[].address for KHOSROWPOUR, Alex: 16 PEPPER STREET, LONDON, E14 9RP",none,"defensible — a director-filed service address, adjudicated, not the registered office and not shared",true
ent_ch_15298042,FAMILY INVESTMENT GROUP LIMITED,"BATEY, Philippa May","HEADLAND ROAD, NORTH CURL CURL, SYDNEY, 2099","London, United Kingdom, WC2H 7HF, Calder & Co",gov.uk/companies-house,route appears in evidence naming the individual,Sat Aug 01 2026 16:18:17 GMT+0500 (Pakistan Standard Time),1,no,"officers.items[].address for RUSSELL, Guy Bruce: HEADLAND ROAD, NORTH CURL CURL, SYDNEY, 2099",none,"defensible — a director-filed service address, adjudicated, not the registered office and not shared",true
ent_ch_15298042,FAMILY INVESTMENT GROUP LIMITED,"BATEY, Philippa May","HIGHGATE HIGH STREET, LONDON, N6 5JT","London, United Kingdom, WC2H 7HF, Calder & Co",gov.uk/companies-house,route appears in evidence naming the individual,Sat Aug 01 2026 16:18:17 GMT+0500 (Pakistan Standard Time),1,no,"officers.items[].address for RUSSELL, Jennifer Kay: HIGHGATE HIGH STREET, LONDON, N6 5JT",none,"defensible — a director-filed service address, adjudicated, not the registered office and not shared",true
ent_ch_03585991,FAMILY LEISURE HOLDINGS LIMITED,"BENNETT, Gary Roger","1585 BROADWAY, NEW YORK, 10036","London, United Kingdom, W1F 0UD, 2nd Floor Cinema House",gov.uk/companies-house,route appears in evidence naming the individual,Sat Aug 01 2026 17:03:07 GMT+0500 (Pakistan Standard Time),1,no,"officers.items[].address for STEENLAND, Will: 1585 BROADWAY, NEW YORK, 10036",none,"defensible — a director-filed service address, adjudicated, not the registered office and not shared",true
ent_ch_04126971,FAMILY OFFICE ANALYTICS LTD,Mr Alastair Michael William Graham,"PARK ROAD, HAMPTON WICK, KINGSTON UPON THAMES, KT1 4AS","Kingston Upon Thames, United Kingdom, KT1 4AS, 1 Park Road",gov.uk/companies-house,route appears in evidence naming the individual,Sat Aug 01 2026 15:52:01 GMT+0500 (Pakistan Standard Time),1,YES,"officers.items[].address for GRAHAM, Alastair Michael William: PARK ROAD, HAMPTON WICK, KINGSTON UPON THAMES, KT1 4AS",matches the company registered office,REVIEW — the flags above weaken the personal-route claim,true
ent_ch_07042858,FAMILY OFFICE MANAGEMENT CONSULTING LIMITED,Ms Corinna Schulthess,"STARNBERGER WIESE 18, STARNBERG","London, W1W 8DH, 27/28 Eastcastle Street",gov.uk/companies-house,route appears in evidence naming the individual,Sat Aug 01 2026 15:53:44 GMT+0500 (Pakistan Standard Time),1,no,"officers.items[].address for SCHULTHESS, Corinna: STARNBERGER WIESE 18, STARNBERG",none,"defensible — a director-filed service address, adjudicated, not the registered office and not shared",true
ent_ch_09928539,FAMILY OFFICE SOLUTIONS LIMITED,Mr Michael Richard Field,"FAIRFIELD CLOSE, EDENBRIDGE, TN8 5FJ","Edenbridge, United Kingdom, TN8 5FJ, 1 Fairfield Close",gov.uk/companies-house,route appears in evidence naming the individual,Sat Aug 01 2026 15:56:47 GMT+0500 (Pakistan Standard Time),1,YES,"officers.items[].address for FIELD, Michael Richard: FAIRFIELD CLOSE, EDENBRIDGE, TN8 5FJ",matches the company registered office,REVIEW — the flags above weaken the personal-route claim,false
ent_ch_15280114,FAMILY TREE (HOLDINGS) LIMITED,Mr David Matthew Sumnall,"CRESCENT ROAD, WORTHING, BN11 1RL","Worthing, United Kingdom, BN11 1RL, Amelia House",gov.uk/companies-house,route appears in evidence naming the individual,Sat Aug 01 2026 17:02:20 GMT+0500 (Pakistan Standard Time),2,no,"officers.items[].address for SUMNALL, David Matthew: CRESCENT ROAD, WORTHING, BN11 1RL",shared with 1 other route(s) in this file,REVIEW — the flags above weaken the personal-route claim,true
ent_ch_12350680,FARRINGTON FAMILY INVESTMENT COMPANY LTD,Mrs Megan Lucy Farrington,"SOUTH ROAD, BRIGHTON, BN1 6SB","Brighton, United Kingdom, BN1 6SB, Preston Park House",gov.uk/companies-house,route appears in evidence naming the individual,Sat Aug 01 2026 16:05:04 GMT+0500 (Pakistan Standard Time),1,no,"officers.items[].address for FARRINGTON, Megan Lucy: SOUTH ROAD, BRIGHTON, BN1 6SB",none,"defensible — a director-filed service address, adjudicated, not the registered office and not shared",true
ent_ch_06121114,FERGUSON PARTNERS FAMILY OFFICE LIMITED,Dr Steen Ehlern,"315/3R SEEFLED STRASSE, ZURICH, 8008","London, United Kingdom, SW1H 0BL, Suite 1, 7th Floor 50 Broadway",gov.uk/companies-house,route appears in evidence naming the individual,Fri Jul 31 2026 13:41:45 GMT+0500 (Pakistan Standard Time),1,no,"officers.items[].address for EHLERN, Steen, Dr: 315/3R SEEFLED STRASSE, ZURICH, 8008",none,"defensible — a director-filed service address, adjudicated, not the registered office and not shared",true
ent_ch_15719636,FOOTPRINTS FAMILY OFFICE UK EUROPE LIMITED,Mrs Faten Mhedhbi,"CITY APARTMENTS, CITY ROAD, CHESTER, CH1 3AB","London, United Kingdom, W1J 5HN, 14 Curzon Street",gov.uk/companies-house,route appears in evidence naming the individual,Sat Aug 01 2026 15:51:48 GMT+0500 (Pakistan Standard Time),1,no,"officers.items[].address for MHEDHBI, Faten: CITY APARTMENTS, CITY ROAD, CHESTER, CH1 3AB",none,"defensible — a director-filed service address, adjudicated, not the registered office and not shared",true
ent_ch_13231874,FOTHERGILL FAMILY INVESTMENT COMPANY LIMITED,Alastair David William Fothergill,"ST CATHERINE'S COURT, BERKELEY PLACE, CLIFTON, BRISTOL, BS8 1BQ","Bristol, United Kingdom, BS8 1BQ, C/O Saffery Llp St Catherine's Court",gov.uk/companies-house,route appears in evidence naming the individual,Sat Aug 01 2026 16:16:33 GMT+0500 (Pakistan Standard Time),1,YES,"officers.items[].address for FOTHERGILL, Alastair David William: ST CATHERINE'S COURT, BERKELEY PLACE, CLIFTON, BRISTOL, BS8 1BQ",matches the company registered office,REVIEW — the flags above weaken the personal-route claim,false
ent_ch_11676465,FREEDOM FAMILY INVESTMENT LTD,Mr Garry Crawford,"SCHOOL WAY, REDCAR, TS10 2PW","London, United Kingdom, EC2A 4NA, 66 Paul Street",gov.uk/companies-house,route appears in evidence naming the individual,Sat Aug 01 2026 16:14:02 GMT+0500 (Pakistan Standard Time),1,no,"officers.items[].address for CRAWFORD, Garry: SCHOOL WAY, REDCAR, TS10 2PW",none,"defensible — a director-filed service address, adjudicated, not the registered office and not shared",true
ent_ch_00813307,FRESHWATER FAMILY HOLDINGS LIMITED,"BALE, Martin David Eldridge","158/162 SHAFTESBURY AVENUE, LONDON, WC2H 8HR","London, WC2H 8HR, Freshwater House",gov.uk/companies-house,route appears in evidence naming the individual,Sat Aug 01 2026 16:31:18 GMT+0500 (Pakistan Standard Time),1,no,"officers.items[].address for FRESHWATER, Chaim Benzion: 158/162 SHAFTESBURY AVENUE, LONDON, WC2H 8HR",none,"defensible — a director-filed service address, adjudicated, not the registered office and not shared",true
ent_ch_08741581,FRY FAMILY OFFICE LIMITED,Mr Jonathan Edward Fry,"44 BRYANSTON SQUARE, LONDON, W1H 7LL","London, W1J 5AW, 42 Berkeley Square London",gov.uk/companies-house,route appears in evidence naming the individual,Fri Jul 31 2026 18:22:14 GMT+0500 (Pakistan Standard Time),1,no,"officers.items[].address for FRY, Jonathan Edward: 44 BRYANSTON SQUARE, LONDON, W1H 7LL",none,"defensible — a director-filed service address, adjudicated, not the registered office and not shared",true
ent_ch_14478487,GAMMA FAMILY PROPERTY INVESTMENT LIMITED,Mr Chandima Harsha Gammampila,"RUSKIN DRIVE, WORCESTER PARK, KT4 8LG","Worcester Park, United Kingdom, KT4 8LG, 9 Ruskin Drive",gov.uk/companies-house,route appears in evidence naming the individual,Sat Aug 01 2026 16:09:07 GMT+0500 (Pakistan Standard Time),1,YES,"officers.items[].address for GAMMAMPILA, Chandima Harsha: RUSKIN DRIVE, WORCESTER PARK, KT4 8LG",matches the company registered office,REVIEW — the flags above weaken the personal-route claim,false
ent_ch_14905096,GEN HERITAGE HOLDINGS LTD,Ms Ima Kreismane,"MINERVA ROAD, ROCHESTER, ME2 3HN","Rochester, United Kingdom, ME2 3HN, 4 Minerva Road",gov.uk/companies-house,route appears in evidence naming the individual,Fri Jul 31 2026 13:51:48 GMT+0500 (Pakistan Standard Time),1,YES,"officers.items[].address for KREISMANE, Ima: MINERVA ROAD, ROCHESTER, ME2 3HN",matches the company registered office,REVIEW — the flags above weaken the personal-route claim,false
ent_ch_11522146,GERSHON FAMILY INVESTMENT LIMITED,Mr Anthony Howard Gershon,"LONDON, W1S 3AN","Edgware, United Kingdom, HA8 7DB, Handel House",gov.uk/companies-house,route appears in evidence naming the individual,Fri Jul 31 2026 13:20:59 GMT+0500 (Pakistan Standard Time),1,no,"officers.items[].address for THAKRAR, Bharat Kantilal: LONDON, W1S 3AN",none,"defensible — a director-filed service address, adjudicated, not the registered office and not shared",true
ent_ch_10394434,GLOBAL FAMILY OFFICE LIMITED,"DE LUCIA, Sofia","FAULKNER GARDENS, WICK, LITTLEHAMPTON, BN17 6GS","Uckfield, United Kingdom, TN22 1HN, 1a Falmer Court",gov.uk/companies-house,route appears in evidence naming the individual,Sat Aug 01 2026 15:53:54 GMT+0500 (Pakistan Standard Time),1,no,"officers.items[].address for DE LUCIA, Sofia: FAULKNER GARDENS, WICK, LITTLEHAMPTON, BN17 6GS",none,"defensible — a director-filed service address, adjudicated, not the registered office and not shared",true
ent_ch_14397355,GRAD FAMILY HOLDINGS LTD,Mr Mark Jerzy Gradosielski,"BIZ HUB TEES VALLEY, BELASIS HALL TECHNOLOGY PARK, BILLINGHAM, TS23 4EA","Billingham, United Kingdom, TS23 4EA, C/O Ocg Accountants Ltd Biz Hub Tees Valley",gov.uk/companies-house,route appears in evidence naming the individual,Sat Aug 01 2026 17:06:37 GMT+0500 (Pakistan Standard Time),38,YES,"officers.items[].address for GRADOSIELSKI, Mark Jerzy: BIZ HUB TEES VALLEY, BELASIS HALL TECHNOLOGY PARK, BILLINGHAM, TS23 4EA",shared with 37 other route(s) in this file; matches the company registered office,REVIEW — the flags above weaken the personal-route claim,false
ent_ch_13193375,GRAHAM ANDERSON FAMILY HOLDINGS LTD,Mr Graham Anderson,"BIZ HUB TEES VALLEY, BELASIS HALL TECHNOLOGY PARK, BILLINGHAM, TS23 4EA","Billingham, United Kingdom, TS23 4EA, C/O Ocg Accountants Ltd Biz Hub Tees Valley",gov.uk/companies-house,route appears in evidence naming the individual,Sat Aug 01 2026 17:15:13 GMT+0500 (Pakistan Standard Time),38,YES,"officers.items[].address for ANDERSON, Graham: BIZ HUB TEES VALLEY, BELASIS HALL TECHNOLOGY PARK, BILLINGHAM, TS23 4EA",shared with 37 other route(s) in this file; matches the company registered office,REVIEW — the flags above weaken the personal-route claim,false
ent_ch_14707786,GRAHAM FAMILY HOLDINGS LIMITED,Mr Thomas Stephen Graham,"1 ST JAMES' GATE, NEWCASTLE UPON TYNE, NE1 4AD","Newcastle Upon Tyne, United Kingdom, NE1 4AD, Rsm",gov.uk/companies-house,route appears in evidence naming the individual,Sat Aug 01 2026 16:41:07 GMT+0500 (Pakistan Standard Time),1,no,"officers.items[].address for GRAHAM, Thomas Stephen: 1 ST JAMES' GATE, NEWCASTLE UPON TYNE, NE1 4AD",none,"defensible — a director-filed service address, adjudicated, not the registered office and not shared",true
ent_ch_09657170,GRANT FAMILY HOLDINGS LIMITED,The Estate Of Mr Roger Lloyd Jamie Grant (Dec'D),"OLDFIELD LANE NORTH, GREENFORD, UB6 0FX","Greenford, United Kingdom, UB6 0FX, 325-327 Oldfield Lane North",gov.uk/companies-house,route appears in evidence naming the individual,Fri Jul 31 2026 13:47:29 GMT+0500 (Pakistan Standard Time),1,YES,"officers.items[].address for GRANT, Katy Rachel: OLDFIELD LANE NORTH, GREENFORD, UB6 0FX",matches the company registered office,REVIEW — the flags above weaken the personal-route claim,false
ent_ch_09657170,GRANT FAMILY HOLDINGS LIMITED,The Estate Of Mr Roger Lloyd Jamie Grant (Dec'D),"56/60 ST. JOHN STREET, LONDON, EC1M 4DT","Greenford, United Kingdom, UB6 0FX, 325-327 Oldfield Lane North",gov.uk/companies-house,route appears in evidence naming the individual,Fri Jul 31 2026 13:47:29 GMT+0500 (Pakistan Standard Time),1,no,"officers.items[].address for GRANT, Benjamin Paul: 56/60 ST. JOHN STREET, LONDON, EC1M 4DT",none,"defensible — a director-filed service address, adjudicated, not the registered office and not shared",true
ent_ch_09473311,GREGORY FAMILY OFFICE LIMITED,"SIBLEY, James William","MERIDIAN BUSINESS PARK, LEICESTER, LE19 1RJ","Leicester, LE19 1RJ, Offices Of Mayfield & Co 2 Merus Court",gov.uk/companies-house,route appears in evidence naming the individual,Fri Jul 31 2026 18:22:36 GMT+0500 (Pakistan Standard Time),1,no,"officers.items[].address for SIBLEY, James William: MERIDIAN BUSINESS PARK, LEICESTER, LE19 1RJ",none,"defensible — a director-filed service address, adjudicated, not the registered office and not shared",true
ent_ch_12715461,GUNPUTH FAMILY OFFICE LIMITED,"BARRETT, Josephine","161 OLD CHRISTCHURCH ROAD, BOURNEMOUTH, BH1 1JU","Bournemouth, United Kingdom, BH1 1JU, Ff 5 Trinity, 161 Old Christchurch Road",gov.uk/companies-house,route appears in evidence naming the individual,Sat Aug 01 2026 15:51:12 GMT+0500 (Pakistan Standard Time),1,YES,"officers.items[].address for GUNPUTH, Kevin Roshan: 161 OLD CHRISTCHURCH ROAD, BOURNEMOUTH, BH1 1JU",matches the company registered office,REVIEW — the flags above weaken the personal-route claim,false
ent_ch_12715461,GUNPUTH FAMILY OFFICE LIMITED,"BARRETT, Josephine","OLD CHRISTCHURCH ROAD, BOURNEMOUTH, BH1 1JU","Bournemouth, United Kingdom, BH1 1JU, Ff 5 Trinity, 161 Old Christchurch Road",gov.uk/companies-house,route appears in evidence naming the individual,Sat Aug 01 2026 15:51:12 GMT+0500 (Pakistan Standard Time),1,YES,"officers.items[].address for TURAY, Esra: OLD CHRISTCHURCH ROAD, BOURNEMOUTH, BH1 1JU",matches the company registered office,REVIEW — the flags above weaken the personal-route claim,false
ent_ch_12434727,GUPPY FAMILY HOLDINGS LTD,Mr Guy James Guppy,"UNIT 1, 4 SOLENT ROAD, HAVANT, PO9 1JH","Havant, United Kingdom, PO9 1JH, C/O Hunter Simmons Ltd, Emp Building Unit 1",gov.uk/companies-house,route appears in evidence naming the individual,Sat Aug 01 2026 16:32:31 GMT+0500 (Pakistan Standard Time),1,no,"officers.items[].address for GUPPY, Guy James: UNIT 1, 4 SOLENT ROAD, HAVANT, PO9 1JH",none,"defensible — a director-filed service address, adjudicated, not the registered office and not shared",true
ent_ch_16369858,H&S FAMILY INVESTMENT COMPANY LIMITED,Ms How Man Wan,"WATERWAY HOUSE, BIRMINGHAM, B5 7FE","Birmingham, United Kingdom, B5 7FE, Apartment 4 Waterway House",gov.uk/companies-house,route appears in evidence naming the individual,Sat Aug 01 2026 16:19:34 GMT+0500 (Pakistan Standard Time),1,YES,"officers.items[].address for WAN, How Man: WATERWAY HOUSE, BIRMINGHAM, B5 7FE",matches the company registered office,REVIEW — the flags above weaken the personal-route claim,false
ent_ch_SC688216,HAMILTON FAMILY INVESTMENT COMPANY LIMITED,Mrs Anna Joy Clarke Hamilton,"TITANIUM 1, KING'S INCH PLACE, RENFREW, PA4 8WF","Renfrew, United Kingdom, PA4 8WF, C/O Azets Titanium 1",gov.uk/companies-house,route appears in evidence naming the individual,Sat Aug 01 2026 16:02:29 GMT+0500 (Pakistan Standard Time),2,YES,"officers.items[].address for HAMILTON, Garry Alexander: TITANIUM 1, KING'S INCH PLACE, RENFREW, PA4 8WF",shared with 1 other route(s) in this file; matches the company registered office,REVIEW — the flags above weaken the personal-route claim,false
ent_ch_13888048,HARMAN FAMILY HOLDINGS LIMITED,Mr David Harman,"CLEWS ROAD, REDDITCH, B98 7ST","Redditch, United Kingdom, B98 7ST, 12-13 The Oaks Clews Road",gov.uk/companies-house,route appears in evidence naming the individual,Sat Aug 01 2026 17:02:54 GMT+0500 (Pakistan Standard Time),1,YES,"officers.items[].address for HARMAN, Graham Eric: CLEWS ROAD, REDDITCH, B98 7ST",matches the company registered office,REVIEW — the flags above weaken the personal-route claim,false
ent_ch_13888048,HARMAN FAMILY HOLDINGS LIMITED,Mr David Harman,"CHURCH ROAD, BRADLEY GREEN, REDDITCH, B96 6RW","Redditch, United Kingdom, B98 7ST, 12-13 The Oaks Clews Road",gov.uk/companies-house,route appears in evidence naming the individual,Sat Aug 01 2026 17:02:54 GMT+0500 (Pakistan Standard Time),1,no,"officers.items[].address for HARMAN, David: CHURCH ROAD, BRADLEY GREEN, REDDITCH, B96 6RW",none,"defensible — a director-filed service address, adjudicated, not the registered office and not shared",true
ent_ch_15368092,HARPIN FAMILY HOLDINGS LTD,Mr Thomas Roy Harpin,"FOREST DRIVE, KIRBY MUXLOE, LEICESTER, LE9 2EA","Leicester, United Kingdom, LE4 8DS, 8 Garden Street",gov.uk/companies-house,route appears in evidence naming the individual,Sat Aug 01 2026 16:40:34 GMT+0500 (Pakistan Standard Time),1,no,"officers.items[].address for HARPIN, Lindsay Louise: FOREST DRIVE, KIRBY MUXLOE, LEICESTER, LE9 2EA",none,"defensible — a director-filed service address, adjudicated, not the registered office and not shared",true
ent_ch_15368092,HARPIN FAMILY HOLDINGS LTD,Mr Thomas Roy Harpin,"GARDEN STREET, THURMASTON, LEICESTER, LE4 8DS","Leicester, United Kingdom, LE4 8DS, 8 Garden Street",gov.uk/companies-house,route appears in evidence naming the individual,Sat Aug 01 2026 16:40:34 GMT+0500 (Pakistan Standard Time),1,YES,"officers.items[].address for HARPIN, Thomas Roy: GARDEN STREET, THURMASTON, LEICESTER, LE4 8DS",matches the company registered office,REVIEW — the flags above weaken the personal-route claim,false
ent_ch_11363148,HARRISON FAMILY HOLDINGS LIMITED,Mr Colin Norman Harrison,"BIZ HUB TEES VALLEY, BELASIS HALL TECHNOLOGY PARK, BILLINGHAM, TS23 4EA","Billingham, United Kingdom, TS23 4EA, C/O Ocg Accountants Ltd Biz Hub Tees Valley",gov.uk/companies-house,route appears in evidence naming the individual,Sat Aug 01 2026 17:13:33 GMT+0500 (Pakistan Standard Time),38,YES,"officers.items[].address for HARRISON, Colin Norman: BIZ HUB TEES VALLEY, BELASIS HALL TECHNOLOGY PARK, BILLINGHAM, TS23 4EA",shared with 37 other route(s) in this file; matches the company registered office,REVIEW — the flags above weaken the personal-route claim,false
ent_ch_08480238,HERITAGE DEVELOPMENT COMPANY LIVERPOOL CIC,"FONTENOT, Albert","LUCERNE STREET, LIVERPOOL, L17 8XT","Liverpool, United Kingdom, L17 8UU, Flat11 Flat11 98lark Lane",gov.uk/companies-house,route appears in evidence naming the individual,Fri Jul 31 2026 13:52:50 GMT+0500 (Pakistan Standard Time),1,no,"officers.items[].address for JULIENNE, Maria Barbara Henrietta: LUCERNE STREET, LIVERPOOL, L17 8XT",none,"defensible — a director-filed service address, adjudicated, not the registered office and not shared",true
ent_ch_08480238,HERITAGE DEVELOPMENT COMPANY LIVERPOOL CIC,"FONTENOT, Albert","ERROL STREET, LIVERPOOL, L17 7DH","Liverpool, United Kingdom, L17 8UU, Flat11 Flat11 98lark Lane",gov.uk/companies-house,route appears in evidence naming the individual,Fri Jul 31 2026 13:52:51 GMT+0500 (Pakistan Standard Time),1,no,"officers.items[].address for QUARLESS, Raymond: ERROL STREET, LIVERPOOL, L17 7DH",none,"defensible — a director-filed service address, adjudicated, not the registered office and not shared",true
ent_ch_11454185,HERITAGE GROUP HOLDINGS LTD,"CULSHAW, Paul","1 CRANFIELD ROAD, LOSTOCK, BOLTON, BL6 4SB","Bolton, United Kingdom, BL6 4SB, Heritage House 1 Cranfield Road",gov.uk/companies-house,route appears in evidence naming the individual,Fri Jul 31 2026 13:52:07 GMT+0500 (Pakistan Standard Time),1,YES,"officers.items[].address for CULSHAW, Paul: 1 CRANFIELD ROAD, LOSTOCK, BOLTON, BL6 4SB",matches the company registered office,REVIEW — the flags above weaken the personal-route claim,false
ent_ch_05012244,HERITAGE INDEPENDENT FINANCIAL ADVISERS LIMITED,"CHAPLAIN, Elaine Patricia","WAKEFIELD HOUSE, MANOR HOUSE LANE WATER ORTON, BIRMINGHAM, B46 1NL","London, United Kingdom, EC4N 6HL, Cannon Place",gov.uk/companies-house,route appears in evidence naming the individual,Fri Jul 31 2026 13:55:39 GMT+0500 (Pakistan Standard Time),1,no,"officers.items[].address for CHAPLAIN, Elaine Patricia: WAKEFIELD HOUSE, MANOR HOUSE LANE WATER ORTON, BIRMINGHAM, B46 1NL",none,"defensible — a director-filed service address, adjudicated, not the registered office and not shared",true
ent_ch_05012244,HERITAGE INDEPENDENT FINANCIAL ADVISERS LIMITED,"CHAPLAIN, Elaine Patricia","3 BILLINGHAM CLOSE, SOLIHULL, B91 3UQ","London, United Kingdom, EC4N 6HL, Cannon Place",gov.uk/companies-house,route appears in evidence naming the individual,Fri Jul 31 2026 13:55:39 GMT+0500 (Pakistan Standard Time),1,no,"officers.items[].address for SHACKLETON, John Michael: 3 BILLINGHAM CLOSE, SOLIHULL, B91 3UQ",none,"defensible — a director-filed service address, adjudicated, not the registered office and not shared",true
ent_ch_05012244,HERITAGE INDEPENDENT FINANCIAL ADVISERS LIMITED,"CHAPLAIN, Elaine Patricia","78 CANNON STREET, LONDON, EC4N 6HL","London, United Kingdom, EC4N 6HL, Cannon Place",gov.uk/companies-house,route appears in evidence naming the individual,Fri Jul 31 2026 13:55:39 GMT+0500 (Pakistan Standard Time),1,YES,"officers.items[].address for SHACKLETON, James Michael: 78 CANNON STREET, LONDON, EC4N 6HL",matches the company registered office,REVIEW — the flags above weaken the personal-route claim,false
ent_ch_09191775,HERITAGE INDEPENDENT FINANCIAL CONSULTANCY LTD,Mr Jonathan Mark Hutchins,"SHERLANDS HEIGHTS, TAUNTON, TA1 5FG","Taunton, United Kingdom, TA2 6BG, 1 Scott House",gov.uk/companies-house,route appears in evidence naming the individual,Fri Jul 31 2026 13:54:14 GMT+0500 (Pakistan Standard Time),1,no,"officers.items[].address for HUTCHINS, Jonathan Mark: SHERLANDS HEIGHTS, TAUNTON, TA1 5FG",none,"defensible — a director-filed service address, adjudicated, not the registered office and not shared",true
ent_ch_08733330,HERITAGE INVESTMENT MANAGEMENT LIMITED,Mr David Chennells,"WARREN ESTATE, LORDSHIP ROAD, WRITTLE, CM1 3WT","Writtle, United Kingdom, CM1 3WT, Beckwith Barn Warren Estate",gov.uk/companies-house,route appears in evidence naming the individual,Fri Jul 31 2026 13:50:37 GMT+0500 (Pakistan Standard Time),1,YES,"officers.items[].address for CHENNELLS, Karen: WARREN ESTATE, LORDSHIP ROAD, WRITTLE, CM1 3WT",matches the company registered office,REVIEW — the flags above weaken the personal-route claim,false
ent_ch_03824685,HERITAGE PROPERTY SOUTHERN LIMITED,Mr Simon Kevin Reeves,"ROSSITERS COPSE, BARTLEY ROAD WOODLANDS, SOUTHAMPTON, SO40 7GQ","Southampton, United Kingdom, SO14 3TJ, Tagus House",gov.uk/companies-house,route appears in evidence naming the individual,Fri Jul 31 2026 13:53:01 GMT+0500 (Pakistan Standard Time),1,no,"officers.items[].address for REEVES, Simon Kevin: ROSSITERS COPSE, BARTLEY ROAD WOODLANDS, SOUTHAMPTON, SO40 7GQ",none,"defensible — a director-filed service address, adjudicated, not the registered office and not shared",true
ent_ch_09448681,HERITAGE WEALTH SOLUTIONS LTD,Mr Andrew Robert Dodd,"ING LANE OFF OLD LANE, WEST SLAITHWAITE ROAD, HUDDERSFIELD, HD7 5XA","Huddersfield, United Kingdom, HD7 5AL, Empire House Lewisham Road",gov.uk/companies-house,route appears in evidence naming the individual,Fri Jul 31 2026 13:54:46 GMT+0500 (Pakistan Standard Time),1,no,"officers.items[].address for DODD, Andrew Robert: ING LANE OFF OLD LANE, WEST SLAITHWAITE ROAD, HUDDERSFIELD, HD7 5XA",none,"defensible — a director-filed service address, adjudicated, not the registered office and not shared",true
ent_ch_07732945,HOLT FAMILY (HOLDINGS) LIMITED,"HOLT, Damien Michael","COLLEGE GARDENS, BINGLEY, BD16 4NZ","Bingley, United Kingdom, BD16 3LN, Linden Lea",gov.uk/companies-house,route appears in evidence naming the individual,Sat Aug 01 2026 16:51:27 GMT+0500 (Pakistan Standard Time),1,no,"officers.items[].address for HOLT, Daniel Brendan: COLLEGE GARDENS, BINGLEY, BD16 4NZ",none,"defensible — a director-filed service address, adjudicated, not the registered office and not shared",true
ent_ch_07732945,HOLT FAMILY (HOLDINGS) LIMITED,"HOLT, Damien Michael","GILSTEAD LANE, BINGLEY, BD16 3LN","Bingley, United Kingdom, BD16 3LN, Linden Lea",gov.uk/companies-house,route appears in evidence naming the individual,Sat Aug 01 2026 16:51:26 GMT+0500 (Pakistan Standard Time),1,no,"officers.items[].address for HOLT, Damien Michael: GILSTEAD LANE, BINGLEY, BD16 3LN",none,"defensible — a director-filed service address, adjudicated, not the registered office and not shared",true
ent_ch_01315306,HUGHES (FAMILY BAKERS) HOLDINGS LIMITED,"DAVIES, Colin","TUNWELL LANE, BRADFORD, BD2 2HH","Manchester, United Kingdom, M20 6WN, Burns Partnership",gov.uk/companies-house,route appears in evidence naming the individual,Sat Aug 01 2026 16:35:06 GMT+0500 (Pakistan Standard Time),1,no,"officers.items[].address for HARTLEY, Philip: TUNWELL LANE, BRADFORD, BD2 2HH",none,"defensible — a director-filed service address, adjudicated, not the registered office and not shared",true
ent_ch_01315306,HUGHES (FAMILY BAKERS) HOLDINGS LIMITED,"DAVIES, Colin","5 TUNWELL LANE, BRADFORD, BD2 2HH","Manchester, United Kingdom, M20 6WN, Burns Partnership",gov.uk/companies-house,route appears in evidence naming the individual,Sat Aug 01 2026 16:35:05 GMT+0500 (Pakistan Standard Time),1,no,"officers.items[].address for HARTLEY, Alison: 5 TUNWELL LANE, BRADFORD, BD2 2HH",none,"defensible — a director-filed service address, adjudicated, not the registered office and not shared",true
ent_ch_12407751,HUNTER FAMILY HOLDINGS LTD,Adam Hunter,"DELAPRE CRESCENT ROAD, NORTHAMPTON, NN4 8NG","Towcester, United Kingdom, NN12 7LS, The Mill  Pury Hill Business Park",gov.uk/companies-house,route appears in evidence naming the individual,Sat Aug 01 2026 17:09:16 GMT+0500 (Pakistan Standard Time),1,no,"officers.items[].address for HUNTER, Adam: DELAPRE CRESCENT ROAD, NORTHAMPTON, NN4 8NG",none,"defensible — a director-filed service address, adjudicated, not the registered office and not shared",true
ent_ch_12407751,HUNTER FAMILY HOLDINGS LTD,Adam Hunter,"ALDERTON ROAD, TOWCESTER, NN12 7LS","Towcester, United Kingdom, NN12 7LS, The Mill  Pury Hill Business Park",gov.uk/companies-house,route appears in evidence naming the individual,Sat Aug 01 2026 17:09:15 GMT+0500 (Pakistan Standard Time),1,no,"officers.items[].address for CHAMBERS, Niashah Lorayne Natasha: ALDERTON ROAD, TOWCESTER, NN12 7LS",none,"defensible — a director-filed service address, adjudicated, not the registered office and not shared",true
ent_ch_12362997,HUNTER FAMILY OFFICE LTD,Mr Lucas Hunter,"BROOK STREET, CHESTER, CH1 3DZ","Chester, United Kingdom, CH1 2LP, 3 Linenhall Place",gov.uk/companies-house,route appears in evidence naming the individual,Sat Aug 01 2026 15:59:16 GMT+0500 (Pakistan Standard Time),1,no,"officers.items[].address for HUNTER, Lucas: BROOK STREET, CHESTER, CH1 3DZ",none,"defensible — a director-filed service address, adjudicated, not the registered office and not shared",true
ent_ch_12351966,ILOKO FAMILY HOLDINGS LTD,Mrs Emily Agbomma Okoli,"BIZ HUB TEES VALLEY, BELASIS HALL TECHNOLOGY PARK, BILLINGHAM, TS23 4EA","Billingham, United Kingdom, TS23 4EA, C/O Ocg Accountants Ltd Biz Hub Tees Valley",gov.uk/companies-house,route appears in evidence naming the individual,Sat Aug 01 2026 17:15:25 GMT+0500 (Pakistan Standard Time),38,YES,"officers.items[].address for OKOLI, Emily Agbomma: BIZ HUB TEES VALLEY, BELASIS HALL TECHNOLOGY PARK, BILLINGHAM, TS23 4EA",shared with 37 other route(s) in this file; matches the company registered office,REVIEW — the flags above weaken the personal-route claim,false
ent_ch_14519807,IVES FAMILY HOLDINGS LIMITED,Mr James Ives,"SARNAU, LLANYMYNECH, SY22 6QJ","Llanymynech, United Kingdom, SY22 6QJ, Ty Newydd",gov.uk/companies-house,route appears in evidence naming the individual,Fri Jul 31 2026 13:45:34 GMT+0500 (Pakistan Standard Time),1,no,"officers.items[].address for IVES, James: SARNAU, LLANYMYNECH, SY22 6QJ",none,"defensible — a director-filed service address, adjudicated, not the registered office and not shared",true
ent_ch_14519807,IVES FAMILY HOLDINGS LIMITED,Mr James Ives,"NORTH COMMONS, CARLINGFORD","Llanymynech, United Kingdom, SY22 6QJ, Ty Newydd",gov.uk/companies-house,route appears in evidence naming the individual,Fri Jul 31 2026 13:45:34 GMT+0500 (Pakistan Standard Time),1,no,"officers.items[].address for IVES, Emma Dawn: NORTH COMMONS, CARLINGFORD",none,"defensible — a director-filed service address, adjudicated, not the registered office and not shared",true
ent_ch_13045971,J SHEARS FAMILY HOLDINGS LTD,Mr Colin Norman Harrison,"BIZ HUB TEES VALLEY, BELASIS HALL TECHNOLOGY PARK, BILLINGHAM, TS23 4EA","Billingham, United Kingdom, TS23 4EA, C/O Ocg Accountants Ltd Biz Hub Tees Valley",gov.uk/companies-house,route appears in evidence naming the individual,Sat Aug 01 2026 17:15:47 GMT+0500 (Pakistan Standard Time),38,YES,"officers.items[].address for HARRISON, Colin Norman: BIZ HUB TEES VALLEY, BELASIS HALL TECHNOLOGY PARK, BILLINGHAM, TS23 4EA",shared with 37 other route(s) in this file; matches the company registered office,REVIEW — the flags above weaken the personal-route claim,false
ent_ch_11450308,JACOB FAMILY INVESTMENT COMPANY LIMITED,Mr James Nathaniel Kamalarajan Jacob,"BROADWAY, LETCHWORTH GARDEN CITY, SG6 9BL","Letchworth Garden City, United Kingdom, SG6 3TA, Suite 501 The Nexus Building",gov.uk/companies-house,route appears in evidence naming the individual,Sat Aug 01 2026 16:15:03 GMT+0500 (Pakistan Standard Time),1,no,"officers.items[].address for JACOB, James Nathaniel Kamalarajan: BROADWAY, LETCHWORTH GARDEN CITY, SG6 9BL",none,"defensible — a director-filed service address, adjudicated, not the registered office and not shared",true
ent_ch_11450308,JACOB FAMILY INVESTMENT COMPANY LIMITED,Mr James Nathaniel Kamalarajan Jacob,"THE NEXUS BUILDING, BROADWAY, LETCHWORTH GARDEN CITY, SG6 3TA","Letchworth Garden City, United Kingdom, SG6 3TA, Suite 501 The Nexus Building",gov.uk/companies-house,route appears in evidence naming the individual,Sat Aug 01 2026 16:15:04 GMT+0500 (Pakistan Standard Time),1,YES,"officers.items[].address for JACOB, Lisa: THE NEXUS BUILDING, BROADWAY, LETCHWORTH GARDEN CITY, SG6 3TA",matches the company registered office,REVIEW — the flags above weaken the personal-route claim,false
ent_ch_SC688215,JEFFERSON FAMILY INVESTMENT COMPANY LIMITED,Ms Jamie Grace Jefferson,"TITANIUM 1, KINGS INCH PLACE, RENFREW, PA4 8WF","Renfrew, United Kingdom, PA4 8WF, C/O Azets Titanium 1",gov.uk/companies-house,route appears in evidence naming the individual,Sat Aug 01 2026 16:02:39 GMT+0500 (Pakistan Standard Time),2,YES,"officers.items[].address for JEFFERSON, Jamie Grace: TITANIUM 1, KINGS INCH PLACE, RENFREW, PA4 8WF",shared with 1 other route(s) in this file; matches the company registered office,REVIEW — the flags above weaken the personal-route claim,false
ent_ch_08501446,JH FAMILY OFFICE LTD,Mr James Laurence Ingram Hill,"GREENFOLD LANE, WETHERBY, LS22 6RG","Wakefield, WF2 7BJ, 8 Navigation Court",gov.uk/companies-house,route appears in evidence naming the individual,Fri Jul 31 2026 18:21:52 GMT+0500 (Pakistan Standard Time),1,no,"officers.items[].address for HILL, James Laurence Ingram: GREENFOLD LANE, WETHERBY, LS22 6RG",none,"defensible — a director-filed service address, adjudicated, not the registered office and not shared",true
ent_ch_08501446,JH FAMILY OFFICE LTD,Mr James Laurence Ingram Hill,"HUNSHELF BANK, STOCKSBRIDGE, SHEFFIELD, S36 2BL","Wakefield, WF2 7BJ, 8 Navigation Court",gov.uk/companies-house,route appears in evidence naming the individual,Fri Jul 31 2026 18:21:52 GMT+0500 (Pakistan Standard Time),1,no,"officers.items[].address for WELDON, Henry: HUNSHELF BANK, STOCKSBRIDGE, SHEFFIELD, S36 2BL",none,"defensible — a director-filed service address, adjudicated, not the registered office and not shared",true
ent_ch_15766097,JOHNSON FAMILY HOLDINGS LIMITED,Matthew David Johnson,"HATHERLEY ROAD, SIDCUP, DA14 4DT","Sidcup, United Kingdom, DA14 4DT, 12 Hatherley Road",gov.uk/companies-house,route appears in evidence naming the individual,Fri Jul 31 2026 13:44:32 GMT+0500 (Pakistan Standard Time),1,YES,"officers.items[].address for JOHNSON, Matthew David: HATHERLEY ROAD, SIDCUP, DA14 4DT",matches the company registered office,REVIEW — the flags above weaken the personal-route claim,false
ent_ch_15852779,KEEGAN FAMILY HOLDINGS LIMITED,Mr Thomas John Keegan,"401 FARADAY STREET, WARRINGTON, WA3 6GA","Warrington, United Kingdom, WA3 6GA, Ground Floor",gov.uk/companies-house,route appears in evidence naming the individual,Sat Aug 01 2026 16:51:14 GMT+0500 (Pakistan Standard Time),1,no,"officers.items[].address for CRAVEN, Andrew: 401 FARADAY STREET, WARRINGTON, WA3 6GA",none,"defensible — a director-filed service address, adjudicated, not the registered office and not shared",true
ent_ch_15852779,KEEGAN FAMILY HOLDINGS LIMITED,Mr Thomas John Keegan,"GROUND FLOOR, 401 FARADAY STREET, WARRINGTON, CHESHIRE, WA3 6GA","Warrington, United Kingdom, WA3 6GA, Ground Floor",gov.uk/companies-house,route appears in evidence naming the individual,Sat Aug 01 2026 16:51:14 GMT+0500 (Pakistan Standard Time),1,YES,"officers.items[].address for KEEGAN, Thomas John: GROUND FLOOR, 401 FARADAY STREET, WARRINGTON, CHESHIRE, WA3 6GA",matches the company registered office,REVIEW — the flags above weaken the personal-route claim,true
ent_ch_13516862,KEELAN FAMILY HOLDINGS LIMITED,Mr Thomas John Keelan,"BIZ HUB TEES VALLEY, BELASIS HALL TECHNOLOGY PARK, BILLINGHAM, TS23 4EA","Billingham, United Kingdom, TS23 4EA, C/O Ocg Accountants Ltd Biz Hub Tees Valley",gov.uk/companies-house,route appears in evidence naming the individual,Sat Aug 01 2026 16:52:40 GMT+0500 (Pakistan Standard Time),38,YES,"officers.items[].address for KEELAN, Thomas John: BIZ HUB TEES VALLEY, BELASIS HALL TECHNOLOGY PARK, BILLINGHAM, TS23 4EA",shared with 37 other route(s) in this file; matches the company registered office,REVIEW — the flags above weaken the personal-route claim,false
ent_ch_13891996,KENT FAMILY HOLDINGS LTD,Mrs Maureen Hannah Kent,"CHESTNUT LANE, BARTON-IN-FABIS, NOTTINGHAM, NG11 0AE","Nottingham, United Kingdom, NG11 0AE, Chestnut Farmhouse Chestnut Lane",gov.uk/companies-house,route appears in evidence naming the individual,Fri Jul 31 2026 13:44:00 GMT+0500 (Pakistan Standard Time),1,YES,"officers.items[].address for KENT, Maureen Hannah: CHESTNUT LANE, BARTON-IN-FABIS, NOTTINGHAM, NG11 0AE",matches the company registered office,REVIEW — the flags above weaken the personal-route claim,false
ent_ch_12574812,KERAI FAMILY HOLDINGS LTD,Mr Manji Shivji Kerai,"BIZ HUB TEES VALLEY, BELASIS HALL TECHNOLOGY PARK, BILLINGHAM, TS23 4EA","Billingham, United Kingdom, TS23 4EA, C/O Ocg Accountants Ltd Biz Hub Tees Valley",gov.uk/companies-house,route appears in evidence naming the individual,Sat Aug 01 2026 16:31:39 GMT+0500 (Pakistan Standard Time),38,YES,"officers.items[].address for KERAI, Manji Shivji: BIZ HUB TEES VALLEY, BELASIS HALL TECHNOLOGY PARK, BILLINGHAM, TS23 4EA",shared with 37 other route(s) in this file; matches the company registered office,REVIEW — the flags above weaken the personal-route claim,false
ent_ch_00533151,KINGDOM LEGACY TRUST,"TURNER, Julie","GLADE HILL ROAD, NOTTINGHAM, NG5 5SA","Ilkeston, United Kingdom, DE7 8DG, C/O Arena Church",gov.uk/companies-house,route appears in evidence naming the individual,Fri Jul 31 2026 13:50:04 GMT+0500 (Pakistan Standard Time),1,no,"officers.items[].address for GALE, Robert John: GLADE HILL ROAD, NOTTINGHAM, NG5 5SA",none,"defensible — a director-filed service address, adjudicated, not the registered office and not shared",true
ent_ch_14254343,KIRSCHEL FAMILY HOLDINGS LIMITED,Laurence Grant Kirschel,"LONDON, SW7 4AG","London, United Kingdom, SW7 4AG, 114a Cromwell Road",gov.uk/companies-house,route appears in evidence naming the individual,Sat Aug 01 2026 16:35:56 GMT+0500 (Pakistan Standard Time),1,no,"officers.items[].address for KIRSCHEL, Laurence Grant: LONDON, SW7 4AG",none,"defensible — a director-filed service address, adjudicated, not the registered office and not shared",true
ent_ch_15608787,KYPRIANOU FAMILY HOLDINGS LTD,Robert Anastassis Kyprianou,"GREEN LANES, LONDON, N21 2SG","London, United Kingdom, N21 2SG, 807 Green Lanes",gov.uk/companies-house,route appears in evidence naming the individual,Sat Aug 01 2026 17:27:38 GMT+0500 (Pakistan Standard Time),1,YES,"officers.items[].address for KYPRIANOU, Tasoula: GREEN LANES, LONDON, N21 2SG",matches the company registered office,REVIEW — the flags above weaken the personal-route claim,false
ent_ch_SC705402,LANCERS FAMILY HOLDINGS LTD,Jolanta Boron,"WELLINGTON TERRACE, COVE, ABERDEEN, AB12 3TJ","Aberdeen, United Kingdom, AB12 3TJ, 69 Wellington Terrace",gov.uk/companies-house,route appears in evidence naming the individual,Fri Jul 31 2026 13:46:45 GMT+0500 (Pakistan Standard Time),1,YES,"officers.items[].address for LANCERS, Andris: WELLINGTON TERRACE, COVE, ABERDEEN, AB12 3TJ",matches the company registered office,REVIEW — the flags above weaken the personal-route claim,false
ent_ch_15923647,LAST FAMILY PROPERTY HOLDINGS LIMITED,Kate Tannenbaum,"ELDON GROVE, LONDON, NW3 5PS","Harrow, United Kingdom, HA1 2EN, Suite 6, Floor 2 Congress House",gov.uk/companies-house,route appears in evidence naming the individual,Sat Aug 01 2026 17:18:06 GMT+0500 (Pakistan Standard Time),1,no,"officers.items[].address for LAST, Raphael: ELDON GROVE, LONDON, NW3 5PS",none,"defensible — a director-filed service address, adjudicated, not the registered office and not shared",true
ent_ch_14399266,LATCHUM HERITAGE WEALTH MANAGEMENT LTD,Mr Martin Latchum,"WHITTLE LE WOODS, CHORLEY, PR6 7RH","Chorley, United Kingdom, PR6 7RU, 2 Bluebell Close",gov.uk/companies-house,route appears in evidence naming the individual,Fri Jul 31 2026 13:54:56 GMT+0500 (Pakistan Standard Time),1,no,"officers.items[].address for LATCHUM, Martin: WHITTLE LE WOODS, CHORLEY, PR6 7RH",none,"defensible — a director-filed service address, adjudicated, not the registered office and not shared",true
ent_ch_14890991,LATTO FAMILY HOLDINGS LTD,Mr Daniel Latto,"BIZ HUB TEES VALLEY, BELASIS HALL TECHNOLOGY PARK, BILLINGHAM, TS23 4EA","Billingham, United Kingdom, TS23 4EA, C/O Ocg Accountants Ltd Biz Hub Tees Valley",gov.uk/companies-house,route appears in evidence naming the individual,Sat Aug 01 2026 16:22:32 GMT+0500 (Pakistan Standard Time),38,YES,"officers.items[].address for LATTO, Daniel: BIZ HUB TEES VALLEY, BELASIS HALL TECHNOLOGY PARK, BILLINGHAM, TS23 4EA",shared with 37 other route(s) in this file; matches the company registered office,REVIEW — the flags above weaken the personal-route claim,false
ent_ch_09205509,LEGACY WILLS AND TRUSTS (NORTHWICH) LIMITED,Mr Clayton Lee Shipton,"1208/1210 LONDON ROAD, LEIGH ON SEA, SS9 2UA","Leigh-On-Sea, United Kingdom, SS9 2UA, Turnpike House",gov.uk/companies-house,route appears in evidence naming the individual,Fri Jul 31 2026 13:49:52 GMT+0500 (Pakistan Standard Time),1,no,"officers.items[].address for SHIPTON, Clayton Lee: 1208/1210 LONDON ROAD, LEIGH ON SEA, SS9 2UA",none,"defensible — a director-filed service address, adjudicated, not the registered office and not shared",true
ent_ch_11118419,LEWCZYNSKI FAMILY HOLDINGS LTD,Mr Mark Zbigniew Lewczynski,"BIZ HUB TEES VALLEY, BELASIS HALL TECHNOLOGY PARK, BILLINGHAM, TS23 4EA","Billingham, United Kingdom, TS23 4EA, C/O Ocg Accountants Ltd Biz Hub Tees Valley",gov.uk/companies-house,route appears in evidence naming the individual,Sat Aug 01 2026 16:56:22 GMT+0500 (Pakistan Standard Time),38,YES,"officers.items[].address for LEWCZYNSKI, Mark Zbigniew: BIZ HUB TEES VALLEY, BELASIS HALL TECHNOLOGY PARK, BILLINGHAM, TS23 4EA",shared with 37 other route(s) in this file; matches the company registered office,REVIEW — the flags above weaken the personal-route claim,false
ent_ch_10945840,LOBBAN FAMILY HOLDINGS LTD,Mr Kane Lobban,"BIZ HUB TEES VALLEY, BELASIS HALL TECHNOLOGY PARK, BILLINGHAM, TS23 4EA","Billingham, United Kingdom, TS23 4EA, C/O Ocg Accountants Ltd Biz Hub Tees Valley",gov.uk/companies-house,route appears in evidence naming the individual,Sat Aug 01 2026 16:54:24 GMT+0500 (Pakistan Standard Time),38,YES,"officers.items[].address for LOBBAN, Kane: BIZ HUB TEES VALLEY, BELASIS HALL TECHNOLOGY PARK, BILLINGHAM, TS23 4EA",shared with 37 other route(s) in this file; matches the company registered office,REVIEW — the flags above weaken the personal-route claim,false
ent_ch_12061108,LWIN FAMILY HOLDINGS LTD,Ms Tin Tin Lwin,"BIZ HUB TEES VALLEY, BELASIS HALL TECHNOLOGY PARK, BILLINGHAM, TS23 4EA","Billingham, United Kingdom, TS23 4EA, C/O Ocg Accountants Ltd Biz Hub Tees Valley",gov.uk/companies-house,route appears in evidence naming the individual,Sat Aug 01 2026 17:05:27 GMT+0500 (Pakistan Standard Time),38,YES,"officers.items[].address for LWIN, Tin Tin: BIZ HUB TEES VALLEY, BELASIS HALL TECHNOLOGY PARK, BILLINGHAM, TS23 4EA",shared with 37 other route(s) in this file; matches the company registered office,REVIEW — the flags above weaken the personal-route claim,false
ent_ch_10626560,LYNCH FAMILY HOLDINGS LTD,Mr David Philip Lynch,"ROMAN WAY, ST. MARGARETS-AT-CLIFFE, DOVER, CT15 6AH","Dover, United Kingdom, CT15 6AH, 22 Roman Way",gov.uk/companies-house,route appears in evidence naming the individual,Sat Aug 01 2026 16:21:40 GMT+0500 (Pakistan Standard Time),1,YES,"officers.items[].address for LYNCH, David Philip: ROMAN WAY, ST. MARGARETS-AT-CLIFFE, DOVER, CT15 6AH",matches the company registered office,REVIEW — the flags above weaken the personal-route claim,false
ent_ch_01132033,M. & R. GROSS FAMILY HOLDINGS LIMITED,Mrs Rivka Gross,"86 FILEY AVENUE, LONDON, N16 6JJ","London, NW11 0PU, New Burlington House",gov.uk/companies-house,route appears in evidence naming the individual,Sat Aug 01 2026 16:48:27 GMT+0500 (Pakistan Standard Time),1,no,"officers.items[].address for GROSS, Rivka: 86 FILEY AVENUE, LONDON, N16 6JJ",none,"defensible — a director-filed service address, adjudicated, not the registered office and not shared",true
ent_ch_01132033,M. & R. GROSS FAMILY HOLDINGS LIMITED,Mrs Rivka Gross,"51 CHARDMORE ROAD, LONDON, N16 6JA","London, NW11 0PU, New Burlington House",gov.uk/companies-house,route appears in evidence naming the individual,Sat Aug 01 2026 16:48:27 GMT+0500 (Pakistan Standard Time),1,no,"officers.items[].address for PADWA, Sarah: 51 CHARDMORE ROAD, LONDON, N16 6JA",none,"defensible — a director-filed service address, adjudicated, not the registered office and not shared",true
ent_ch_11303983,MADHOK FAMILY HOLDINGS LTD,Mr Navtej Paul Madhok,"BIZ HUB TEES VALLEY, BELASIS HALL TECHNOLOGY PARK, BILLINGHAM, TS23 4EA","Billingham, United Kingdom, TS23 4EA, C/O Ocg Accountants Ltd Biz Hub Tees Valley",gov.uk/companies-house,route appears in evidence naming the individual,Sat Aug 01 2026 16:38:17 GMT+0500 (Pakistan Standard Time),38,YES,"officers.items[].address for MADHOK, Navtej Paul: BIZ HUB TEES VALLEY, BELASIS HALL TECHNOLOGY PARK, BILLINGHAM, TS23 4EA",shared with 37 other route(s) in this file; matches the company registered office,REVIEW — the flags above weaken the personal-route claim,false
ent_ch_15800562,MAHER FAMILY HOLDINGS LIMITED,Mr David Maher,"OLD WOLVERTON ROAD, OLD WOLVERTON, MILTON KEYNES, MK12 5NN","Milton Keynes, United Kingdom, MK12 5NN, 2 Manor Farm Court Old Wolverton Road",gov.uk/companies-house,route appears in evidence naming the individual,Sat Aug 01 2026 16:44:15 GMT+0500 (Pakistan Standard Time),1,YES,"officers.items[].address for MAHER, David John: OLD WOLVERTON ROAD, OLD WOLVERTON, MILTON KEYNES, MK12 5NN",matches the company registered office,REVIEW — the flags above weaken the personal-route claim,false
ent_ch_07918146,MALHOTRA FAMILY HOLDINGS LIMITED,"ELLIOTT, David John","7-9 GROAT MARKET, NEWCASTLE UPON TYNE, NE1 1UQ","Newcastle Upon Tyne, United Kingdom, NE1 6AE, Malhotra House",gov.uk/companies-house,route appears in evidence naming the individual,Fri Jul 31 2026 13:22:43 GMT+0500 (Pakistan Standard Time),1,no,"officers.items[].address for MALHOTRA, Devinder Mohan: 7-9 GROAT MARKET, NEWCASTLE UPON TYNE, NE1 1UQ",none,"defensible — a director-filed service address, adjudicated, not the registered office and not shared",true
ent_ch_10146912,MARGETTS FAMILY HOLDINGS LIMITED,Mrs Helen Margetts,"THE STREET, DORKING, RH55JZ","Dorking, United Kingdom, RH5 5JZ, 71 The Street",gov.uk/companies-house,route appears in evidence naming the individual,Sat Aug 01 2026 17:26:20 GMT+0500 (Pakistan Standard Time),1,no,"officers.items[].address for MARGETTS, Lucas John: THE STREET, DORKING, RH55JZ",none,"defensible — a director-filed service address, adjudicated, not the registered office and not shared",true
ent_ch_11454750,MARK BROGAN FAMILY HOLDINGS LIMITED,Mr Mark Nicholas Brogan,"BIZ HUB TEES VALLEY, BELASIS HALL TECHNOLOGY PARK, BILLINGHAM, TS23 4EA","Billingham, United Kingdom, TS23 4EA, C/O Ocg Accountants Ltd Biz Hub Tees Valley",gov.uk/companies-house,route appears in evidence naming the individual,Sat Aug 01 2026 17:08:05 GMT+0500 (Pakistan Standard Time),38,YES,"officers.items[].address for BROGAN, Mark Nicholas: BIZ HUB TEES VALLEY, BELASIS HALL TECHNOLOGY PARK, BILLINGHAM, TS23 4EA",shared with 37 other route(s) in this file; matches the company registered office,REVIEW — the flags above weaken the personal-route claim,false
ent_ch_11739601,MASCARI FAMILY HOLDINGS LIMITED,Mrs Patricia Mary Mascari,"BIZ HUB TEES VALLEY, BELASIS HALL TECHNOLOGY PARK, BILLINGHAM, TS23 4EA","Billingham, United Kingdom, TS23 4EA, C/O Ocg Accountants Ltd Biz Hub Tees Valley",gov.uk/companies-house,route appears in evidence naming the individual,Sat Aug 01 2026 16:55:38 GMT+0500 (Pakistan Standard Time),38,YES,"officers.items[].address for MASCARI, Patricia Mary: BIZ HUB TEES VALLEY, BELASIS HALL TECHNOLOGY PARK, BILLINGHAM, TS23 4EA",shared with 37 other route(s) in this file; matches the company registered office,REVIEW — the flags above weaken the personal-route claim,false
ent_ch_14245354,MATTHEWS FAMILY INVESTMENT LIMITED,Mr David Charles Thomas Kennedy Matthews,"THE LEAS, CHESTFIELD, WHITSTABLE, CT5 3LB","Whitstable, United Kingdom, CT5 3LB, Pembourne House The Leas",gov.uk/companies-house,route appears in evidence naming the individual,Sat Aug 01 2026 16:12:46 GMT+0500 (Pakistan Standard Time),1,YES,"officers.items[].address for MATTHEWS, David Charles Thomas Kennedy: THE LEAS, CHESTFIELD, WHITSTABLE, CT5 3LB",matches the company registered office,REVIEW — the flags above weaken the personal-route claim,false
ent_ch_10317212,MCCARTHY HILL FAMILY OFFICE LTD,Mr Gavin Michael Hill,"OUTRAMS WHARF, LITTLE EATON, DERBY, DE21 5EL","Derby, United Kingdom, DE21 5EL, Jessop House Outrams Wharf",gov.uk/companies-house,route appears in evidence naming the individual,Sat Aug 01 2026 15:56:57 GMT+0500 (Pakistan Standard Time),1,YES,"officers.items[].address for HILL, Gavin Michael: OUTRAMS WHARF, LITTLE EATON, DERBY, DE21 5EL",matches the company registered office,REVIEW — the flags above weaken the personal-route claim,false
ent_ch_14957225,MCCREDIE FAMILY HOLDINGS LTD,Mr James Lawrence Alexander Mccredie,"BIZ HUB TEES VALLEY, BELASIS HALL TECHNOLOGY PARK, BILLINGHAM, TS23 4EA","Billingham, United Kingdom, TS23 4EA, C/O Ocg Accountants Ltd Biz Hub Tees Valley",gov.uk/companies-house,route appears in evidence naming the individual,Sat Aug 01 2026 17:07:54 GMT+0500 (Pakistan Standard Time),38,YES,"officers.items[].address for MCCREDIE, James Lawrence Alexander: BIZ HUB TEES VALLEY, BELASIS HALL TECHNOLOGY PARK, BILLINGHAM, TS23 4EA",shared with 37 other route(s) in this file; matches the company registered office,REVIEW — the flags above weaken the personal-route claim,false
ent_ch_14567942,MEDYNSKY FAMILY OFFICE UK LTD.,Mr Masood Rashid,"KNIGHTSBRIDGE, LONDON, SW7 1DN","London, United Kingdom, W8 5NJ, Thorney Court",gov.uk/companies-house,route appears in evidence naming the individual,Fri Jul 31 2026 13:40:55 GMT+0500 (Pakistan Standard Time),1,no,"officers.items[].address for RASHID, Masood: KNIGHTSBRIDGE, LONDON, SW7 1DN",none,"defensible — a director-filed service address, adjudicated, not the registered office and not shared",true
ent_ch_10496304,MEGACLOSE FAMILY HOLDINGS LIMITED,Ms Maya Kanev-Lipinski,"NORTH SHERWOOD STREET, NOTTINGHAM, NG1 4EF","Nottingham, United Kingdom, NG1 4EF, 120 North Sherwood Street",gov.uk/companies-house,route appears in evidence naming the individual,Sat Aug 01 2026 17:17:24 GMT+0500 (Pakistan Standard Time),1,YES,"officers.items[].address for KANEV-LIPINSKI, Maya: NORTH SHERWOOD STREET, NOTTINGHAM, NG1 4EF",matches the company registered office,REVIEW — the flags above weaken the personal-route claim,false
ent_ch_14791614,MILLIGAN FAMILY HOLDINGS LTD,Mr Leon James Stevenson-Milligan,"COXWOLD WAY, BELASIS HALL TECHNOLOGY PARK, BILLINGHAM, TS23 4EA","Billingham, United Kingdom, TS23 4EA, C/O Ocg Accountants Ltd Biz Hub Tees Valley",gov.uk/companies-house,route appears in evidence naming the individual,Sat Aug 01 2026 16:38:59 GMT+0500 (Pakistan Standard Time),1,no,"officers.items[].address for STEVENSON-MILLIGAN, Leon James: COXWOLD WAY, BELASIS HALL TECHNOLOGY PARK, BILLINGHAM, TS23 4EA",none,"defensible — a director-filed service address, adjudicated, not the registered office and not shared",true
ent_ch_11953499,MINNEAR FAMILY HOLDINGS LTD,Ms Shirley Geok Kim Minnear,"BIZ HUB TEES VALLEY, BELASIS HALL TECHNOLOGY PARK, BILLINGHAM, TS23 4EA","Billingham, United Kingdom, TS23 4EA, C/O Ocg Accountants Ltd Biz Hub Tees Valley",gov.uk/companies-house,route appears in evidence naming the individual,Sat Aug 01 2026 17:00:29 GMT+0500 (Pakistan Standard Time),38,YES,"officers.items[].address for MINNEAR, Shirley Geok Kim: BIZ HUB TEES VALLEY, BELASIS HALL TECHNOLOGY PARK, BILLINGHAM, TS23 4EA",shared with 37 other route(s) in this file; matches the company registered office,REVIEW — the flags above weaken the personal-route claim,false
ent_ch_09216450,MKB FAMILY HOLDINGS LTD,Mr Manoj Kumar Badale,"58 WOOD LANE, LONDON, W12 7RZ","London, United Kingdom, W12 7RZ, Scale Space",gov.uk/companies-house,route appears in evidence naming the individual,Fri Jul 31 2026 13:43:40 GMT+0500 (Pakistan Standard Time),1,no,"officers.items[].address for BADALE, Manoj Kumar: 58 WOOD LANE, LONDON, W12 7RZ",none,"defensible — a director-filed service address, adjudicated, not the registered office and not shared",true
ent_ch_14783314,MORGAN FAMILY HOLDINGS LIMITED,Mr Gareth Morgan,"MONKS CROSS DRIVE, HUNTINGTON, YORK, YO32 9GZ","York, United Kingdom, YO32 9GZ, Triune Court Monks Cross Drive",gov.uk/companies-house,route appears in evidence naming the individual,Sat Aug 01 2026 16:46:40 GMT+0500 (Pakistan Standard Time),1,YES,"officers.items[].address for MORGAN, Gareth: MONKS CROSS DRIVE, HUNTINGTON, YORK, YO32 9GZ",matches the company registered office,REVIEW — the flags above weaken the personal-route claim,false
ent_ch_03208172,MORTS ASTLEY HERITAGE TRUST,"CLARKE, Denise Vicky","435 MANCHESTER ROAD, ASTLEY TYLDESLEY, MANCHESTER, M29 7BR","Astley, M29 7TX, Dam House",gov.uk/companies-house,route appears in evidence naming the individual,Fri Jul 31 2026 13:53:42 GMT+0500 (Pakistan Standard Time),1,no,"officers.items[].address for HURST, Kenneth Geoffrey: 435 MANCHESTER ROAD, ASTLEY TYLDESLEY, MANCHESTER, M29 7BR",none,"defensible — a director-filed service address, adjudicated, not the registered office and not shared",true
ent_ch_03208172,MORTS ASTLEY HERITAGE TRUST,"CLARKE, Denise Vicky","HELEN STREET, GOLBORNE, WARRINGTON, WA3 3QR","Astley, M29 7TX, Dam House",gov.uk/companies-house,route appears in evidence naming the individual,Fri Jul 31 2026 13:53:42 GMT+0500 (Pakistan Standard Time),1,no,"officers.items[].address for HUGHES, Margaret: HELEN STREET, GOLBORNE, WARRINGTON, WA3 3QR",none,"defensible — a director-filed service address, adjudicated, not the registered office and not shared",true
ent_ch_03208172,MORTS ASTLEY HERITAGE TRUST,"CLARKE, Denise Vicky","435 MANCHESTER ROAD, ASTLEY, MANCHESTER, M29 7BR","Astley, M29 7TX, Dam House",gov.uk/companies-house,route appears in evidence naming the individual,Fri Jul 31 2026 13:53:42 GMT+0500 (Pakistan Standard Time),1,no,"officers.items[].address for HURST, Elaine Wolstenholme: 435 MANCHESTER ROAD, ASTLEY, MANCHESTER, M29 7BR",none,"defensible — a director-filed service address, adjudicated, not the registered office and not shared",true
ent_ch_NI677823,MULHOLLAND FAMILY HOLDINGS LTD,Mr Alan Mulholland,"NEW FERRY ROAD, BELLAGHY, MAGHERAFELT, BT45 8ND","Magherafelt, United Kingdom, BT45 8ND, 6 New Ferry Road",gov.uk/companies-house,route appears in evidence naming the individual,Sat Aug 01 2026 16:59:43 GMT+0500 (Pakistan Standard Time),1,YES,"officers.items[].address for MULHOLLAND, Alan: NEW FERRY ROAD, BELLAGHY, MAGHERAFELT, BT45 8ND",matches the company registered office,REVIEW — the flags above weaken the personal-route claim,false
ent_ch_13833224,NGUYEN FAMILY HOLDINGS LTD,"NGUYEN, Dinh Tu","TEAZEL AVENUE, BOURNVILLE, B30 1LZ","Bournville, United Kingdom, B30 1LZ, 43 Teazel Avenue",gov.uk/companies-house,route appears in evidence naming the individual,Sat Aug 01 2026 17:22:12 GMT+0500 (Pakistan Standard Time),1,YES,"officers.items[].address for NGUYEN, Dinh Tu: TEAZEL AVENUE, BOURNVILLE, B30 1LZ",matches the company registered office,REVIEW — the flags above weaken the personal-route claim,false
ent_ch_13150239,NIEHORSTER FAMILY HOLDINGS LTD,Mr Jeffery Paul Niehorster,"BIZ HUB TEES VALLEY, BELASIS HALL TECHNOLOGY PARK, BILLINGHAM, TS23 4EA","Billingham, United Kingdom, TS23 4EA, C/O Ocg Accountants Ltd Biz Hub Tees Valley",gov.uk/companies-house,route appears in evidence naming the individual,Sat Aug 01 2026 16:38:27 GMT+0500 (Pakistan Standard Time),38,YES,"officers.items[].address for NIEHORSTER, Jeffery Paul: BIZ HUB TEES VALLEY, BELASIS HALL TECHNOLOGY PARK, BILLINGHAM, TS23 4EA",shared with 37 other route(s) in this file; matches the company registered office,REVIEW — the flags above weaken the personal-route claim,false
ent_ch_11631993,NOAKES FAMILY HOLDINGS LIMITED,"NOAKES, Bernard Carl","SHELAH ROAD, HALESOWEN, B63 3XL","Halesowen, United Kingdom, B62 8DY, West Point, Second Floor Mucklow Office Park",gov.uk/companies-house,route appears in evidence naming the individual,Sat Aug 01 2026 17:13:20 GMT+0500 (Pakistan Standard Time),1,no,"officers.items[].address for NOAKES, Bernard Carl: SHELAH ROAD, HALESOWEN, B63 3XL",none,"defensible — a director-filed service address, adjudicated, not the registered office and not shared",true
ent_ch_11631993,NOAKES FAMILY HOLDINGS LIMITED,"NOAKES, Bernard Carl","MUCKLOW OFFICE PARK, MUCKLOW HILL, HALESOWEN, B62 8DY","Halesowen, United Kingdom, B62 8DY, West Point, Second Floor Mucklow Office Park",gov.uk/companies-house,route appears in evidence naming the individual,Sat Aug 01 2026 17:13:20 GMT+0500 (Pakistan Standard Time),1,YES,"officers.items[].address for NOAKES, Elizabeth: MUCKLOW OFFICE PARK, MUCKLOW HILL, HALESOWEN, B62 8DY",matches the company registered office,REVIEW — the flags above weaken the personal-route claim,false
ent_ch_15349699,NORTH POINT FAMILY INVESTMENT COMPANY LIMITED,Mr David Geoffrey Philip Eyton,"BURKES ROAD, BEACONSFIELD, HP9 1PB","Beaconsfield, United Kingdom, HP9 1PB, 14 Burkes Road",gov.uk/companies-house,route appears in evidence naming the individual,Sat Aug 01 2026 16:12:22 GMT+0500 (Pakistan Standard Time),1,YES,"officers.items[].address for EYTON, Carolyn: BURKES ROAD, BEACONSFIELD, HP9 1PB",matches the company registered office,REVIEW — the flags above weaken the personal-route claim,false
ent_ch_10733196,PALADIN HERITAGE HOLDINGS LTD,"NORFORD, Alexander Darryl","HOLCOT LANE, SYWELL, NN6 0BG","Sywell, United Kingdom, NN6 0BG, Thistle Down Barn",gov.uk/companies-house,route appears in evidence naming the individual,Fri Jul 31 2026 13:52:39 GMT+0500 (Pakistan Standard Time),1,no,"officers.items[].address for NORFORD, Alexander Darryl: HOLCOT LANE, SYWELL, NN6 0BG",none,"defensible — a director-filed service address, adjudicated, not the registered office and not shared",true
ent_ch_10038201,PALL MALL FAMILY OFFICE LTD,Mr David Simon Alexander,"MILL LANE, TAPLOW, SL6 0AG","Taplow, United Kingdom, SL6 0AG, 2 Skindles Reach",gov.uk/companies-house,route appears in evidence naming the individual,Fri Jul 31 2026 18:23:30 GMT+0500 (Pakistan Standard Time),1,no,"officers.items[].address for ALEXANDER, David Simon: MILL LANE, TAPLOW, SL6 0AG",none,"defensible — a director-filed service address, adjudicated, not the registered office and not shared",true
ent_ch_12355318,PARTRIDGE FAMILY INVESTMENT COMPANY LIMITED,Mrs Rebecca Partridge,"PENTONVILLE ROAD, LONDON, N1 9LG","London, United Kingdom, N1C 4BX, Apartment 11-92 Gasholders Building",gov.uk/companies-house,route appears in evidence naming the individual,Sat Aug 01 2026 16:11:53 GMT+0500 (Pakistan Standard Time),1,no,"officers.items[].address for MADESCLAIRE, Mia Gratiaen: PENTONVILLE ROAD, LONDON, N1 9LG",none,"defensible — a director-filed service address, adjudicated, not the registered office and not shared",true
ent_ch_12355318,PARTRIDGE FAMILY INVESTMENT COMPANY LIMITED,Mrs Rebecca Partridge,"APARTMENT W142, LONDON, N17 9QW","London, United Kingdom, N1C 4BX, Apartment 11-92 Gasholders Building",gov.uk/companies-house,route appears in evidence naming the individual,Sat Aug 01 2026 16:11:53 GMT+0500 (Pakistan Standard Time),1,no,"officers.items[].address for PARTRIDGE, Jacskon Lee: APARTMENT W142, LONDON, N17 9QW",none,"defensible — a director-filed service address, adjudicated, not the registered office and not shared",true
ent_ch_04683645,PCR FAMILY HOLDINGS LIMITED,Mr David John White,"MARSHALLS WAY, UPPER CALDECOTE, BIGGLESWADE, SG18 9GX","Biggleswade, United Kingdom, SG18 9GX, Unit 1 Solai House Marshalls Way",gov.uk/companies-house,route appears in evidence naming the individual,Sat Aug 01 2026 17:09:03 GMT+0500 (Pakistan Standard Time),1,YES,"officers.items[].address for WHITE, David John: MARSHALLS WAY, UPPER CALDECOTE, BIGGLESWADE, SG18 9GX",matches the company registered office,REVIEW — the flags above weaken the personal-route claim,false
ent_ch_15219502,PELHAM FAMILY HOLDINGS LTD,Mrs Balbir Dosanjh,"SHARNAL STREET, HIGH HALSTOW, ROCHESTER, ME3 8QW","Dartford, United Kingdom, DA1 3EN, 117 Dartford Rd",gov.uk/companies-house,route appears in evidence naming the individual,Sat Aug 01 2026 17:14:50 GMT+0500 (Pakistan Standard Time),1,no,"officers.items[].address for DOSANJH, Balbir: SHARNAL STREET, HIGH HALSTOW, ROCHESTER, ME3 8QW",none,"defensible — a director-filed service address, adjudicated, not the registered office and not shared",true
ent_ch_11422798,PHARAR FAMILY HOLDINGS LTD,Mr Deljit Singh Pharar,"BIZ HUB TEES VALLEY, BELASIS HALL TECHNOLOGY PARK, BILLINGHAM, TS23 4EA","Billingham, United Kingdom, TS23 4EA, C/O Ocg Accountants Ltd Biz Hub Tees Valley",gov.uk/companies-house,route appears in evidence naming the individual,Sat Aug 01 2026 16:52:08 GMT+0500 (Pakistan Standard Time),38,YES,"officers.items[].address for PHARAR, Deljit Singh: BIZ HUB TEES VALLEY, BELASIS HALL TECHNOLOGY PARK, BILLINGHAM, TS23 4EA",shared with 37 other route(s) in this file; matches the company registered office,REVIEW — the flags above weaken the personal-route claim,false
ent_ch_14127058,PLUMRIDGE FAMILY INVESTMENT COMPANY LTD,Miss Sarah Plumridge,"SALISBURY, SP1 1HG","Salisbury, United Kingdom, SP1 1HG, 52-54 Winchester Street",gov.uk/companies-house,route appears in evidence naming the individual,Sat Aug 01 2026 16:03:43 GMT+0500 (Pakistan Standard Time),1,no,"officers.items[].address for PLUMRIDGE, Sarah: SALISBURY, SP1 1HG",none,"defensible — a director-filed service address, adjudicated, not the registered office and not shared",true
ent_ch_12905506,PORTER FAMILY HOLDINGS LIMITED,Angela Porter,"KESWICK HOUSE, MAIN STREET, GRANGE-OVER-SANDS, LA11 6AB","Grange-Over-Sands, United Kingdom, LA11 6AB, Higginsons Butchers Keswick House",gov.uk/companies-house,route appears in evidence naming the individual,Sat Aug 01 2026 16:54:46 GMT+0500 (Pakistan Standard Time),1,YES,"officers.items[].address for PORTER, Mark Barry: KESWICK HOUSE, MAIN STREET, GRANGE-OVER-SANDS, LA11 6AB",matches the company registered office,REVIEW — the flags above weaken the personal-route claim,false
ent_ch_15852865,POXTON FAMILY HOLDINGS LIMITED,Mr David Andrew Poxton,"DERBY, DE1 1TJ","Alfreton, United Kingdom, DE55 7AD, William House Turnpike Business Park",gov.uk/companies-house,route appears in evidence naming the individual,Sat Aug 01 2026 17:01:37 GMT+0500 (Pakistan Standard Time),1,no,"officers.items[].address for POXTON, David Andrew: DERBY, DE1 1TJ",none,"defensible — a director-filed service address, adjudicated, not the registered office and not shared",true
ent_ch_10651264,PP FAMILY OFFICE LIMITED,Mrs Lisa Michelle Paris,"140 HIGH STREET, EDGWARE, HA8 7LW","Edgware, United Kingdom, HA8 7LW, Russell House",gov.uk/companies-house,route appears in evidence naming the individual,Sat Aug 01 2026 15:56:23 GMT+0500 (Pakistan Standard Time),1,no,"officers.items[].address for PARIS, Lee Anthony Robert: 140 HIGH STREET, EDGWARE, HA8 7LW",none,"defensible — a director-filed service address, adjudicated, not the registered office and not shared",true
ent_ch_15662264,PRIOR FAMILY HOLDINGS LTD,Mr William Rainsborough Prior,"DOMINION ROAD, BRISTOL, BRISTOL, BS16 3ES","Bristol, United Kingdom, BS16 3ES, 67 Dominion Road",gov.uk/companies-house,route appears in evidence naming the individual,Sat Aug 01 2026 17:25:53 GMT+0500 (Pakistan Standard Time),1,YES,"officers.items[].address for FOORD, Kayleigh: DOMINION ROAD, BRISTOL, BRISTOL, BS16 3ES",matches the company registered office,REVIEW — the flags above weaken the personal-route claim,false
ent_ch_15662264,PRIOR FAMILY HOLDINGS LTD,Mr William Rainsborough Prior,"DOMINION ROAD, BRISTOL, BS16 3ES","Bristol, United Kingdom, BS16 3ES, 67 Dominion Road",gov.uk/companies-house,route appears in evidence naming the individual,Sat Aug 01 2026 17:25:53 GMT+0500 (Pakistan Standard Time),1,YES,"officers.items[].address for PRIOR, William Rainsborough: DOMINION ROAD, BRISTOL, BS16 3ES",matches the company registered office,REVIEW — the flags above weaken the personal-route claim,false
ent_ch_12965932,QUARTET FAMILY OFFICE LTD,Mr Luke Petroc Norwood Dugdale,"VICARAGE HILL, LOXWOOD, BILLINGSHURST, RH14 0RQ","Billingshurst, Billingshurst, United Kingdom, United Kingdom, RH14 0RQ, RH14 0RQ, Old Vicarage Vicarage Hill, Old Vicarage Vicarage Hill",gov.uk/companies-house,route appears in evidence naming the individual,Fri Jul 31 2026 13:42:17 GMT+0500 (Pakistan Standard Time),1,YES,"officers.items[].address for HATHAWAY, Edward Thomas William: VICARAGE HILL, LOXWOOD, BILLINGSHURST, RH14 0RQ",matches the company registered office,REVIEW — the flags above weaken the personal-route claim,false
ent_ch_12965932,QUARTET FAMILY OFFICE LTD,Mr Luke Petroc Norwood Dugdale,"VICARAGE HILL, LOXWOOD, WEST SUSSEX, RH14 0RQ","Billingshurst, Billingshurst, United Kingdom, United Kingdom, RH14 0RQ, RH14 0RQ, Old Vicarage Vicarage Hill, Old Vicarage Vicarage Hill",gov.uk/companies-house,route appears in evidence naming the individual,Fri Jul 31 2026 13:42:17 GMT+0500 (Pakistan Standard Time),1,YES,"officers.items[].address for DUGDALE, Luke Petroc Norwood: VICARAGE HILL, LOXWOOD, WEST SUSSEX, RH14 0RQ",matches the company registered office,REVIEW — the flags above weaken the personal-route claim,false
ent_ch_09092103,QUINN FAMILY HOLDINGS LTD,Mrs Rhiannon Sarah Kay Quinn,"PENRHOS MANOR, OAK DRIVE, COLWYN BAY, LL29 7YW","Colwyn Bay, United Kingdom, LL29 7YW, Suite 7 Penrhos Manor",gov.uk/companies-house,route appears in evidence naming the individual,Fri Jul 31 2026 13:44:21 GMT+0500 (Pakistan Standard Time),1,YES,"officers.items[].address for QUINN, Andrew John: PENRHOS MANOR, OAK DRIVE, COLWYN BAY, LL29 7YW",matches the company registered office,REVIEW — the flags above weaken the personal-route claim,false
ent_ch_09092103,QUINN FAMILY HOLDINGS LTD,Mrs Rhiannon Sarah Kay Quinn,"PENRHOS MANOR, OAK DRIVE, COLWYN BAY, L29 7YW","Colwyn Bay, United Kingdom, LL29 7YW, Suite 7 Penrhos Manor",gov.uk/companies-house,route appears in evidence naming the individual,Fri Jul 31 2026 13:44:22 GMT+0500 (Pakistan Standard Time),1,no,"officers.items[].address for QUINN, Rhiannon: PENRHOS MANOR, OAK DRIVE, COLWYN BAY, L29 7YW",none,"defensible — a director-filed service address, adjudicated, not the registered office and not shared",true
ent_ch_13063240,RAHMAN FAMILY HOLDINGS LIMITED,Mr Sheikh Anisur Rahman,"BIZ HUB TEES VALLEY, BELASIS HALL TECHNOLOGY PARK, BILLINGHAM, TS23 4EA","Billingham, United Kingdom, TS23 4EA, C/O Ocg Accountants Ltd Biz Hub Tees Valley",gov.uk/companies-house,route appears in evidence naming the individual,Sat Aug 01 2026 16:39:21 GMT+0500 (Pakistan Standard Time),38,YES,"officers.items[].address for RAHMAN, Sheikh Anisur: BIZ HUB TEES VALLEY, BELASIS HALL TECHNOLOGY PARK, BILLINGHAM, TS23 4EA",shared with 37 other route(s) in this file; matches the company registered office,REVIEW — the flags above weaken the personal-route claim,false
ent_ch_12248005,RAJI FAMILY INVESTMENT LIMITED,Mr Imran Ayub Patel,"JAMAICA ROAD, LONDON, SE16 4RT","London, United Kingdom, SE16 4RT, 202-204 Jamaica Road",gov.uk/companies-house,route appears in evidence naming the individual,Sat Aug 01 2026 16:08:12 GMT+0500 (Pakistan Standard Time),1,YES,"officers.items[].address for PATEL, Imran Ayub: JAMAICA ROAD, LONDON, SE16 4RT",matches the company registered office,REVIEW — the flags above weaken the personal-route claim,false
ent_ch_11346129,RAZAR FAMILY HOLDINGS LIMITED,Mr Karim Noorali Rahemtulla,"BIZ HUB TEES VALLEY, BELASIS HALL TECHNOLOGY PARK, BILLINGHAM, TS23 4EA","Billingham, United Kingdom, TS23 4EA, C/O Ocg Accountants Ltd Biz Hub Tees Valley",gov.uk/companies-house,route appears in evidence naming the individual,Sat Aug 01 2026 17:16:27 GMT+0500 (Pakistan Standard Time),38,YES,"officers.items[].address for RAHEMTULLA, Karim Noorali: BIZ HUB TEES VALLEY, BELASIS HALL TECHNOLOGY PARK, BILLINGHAM, TS23 4EA",shared with 37 other route(s) in this file; matches the company registered office,REVIEW — the flags above weaken the personal-route claim,false
ent_ch_11165342,REGAN FAMILY HOLDINGS LIMITED,Mrs Emma Regan,"SHIRLEY ROAD, RUSHDEN, NN10 6BZ","Rushden, United Kingdom, NN10 6BZ, C/O Kempston Controls",gov.uk/companies-house,route appears in evidence naming the individual,Sat Aug 01 2026 16:53:05 GMT+0500 (Pakistan Standard Time),1,no,"officers.items[].address for REGAN, Richard John: SHIRLEY ROAD, RUSHDEN, NN10 6BZ",none,"defensible — a director-filed service address, adjudicated, not the registered office and not shared",true
ent_ch_14634052,RENAISSANCE FAMILY OFFICE LIMITED,Mrs Saba Yaqub,"ST NICHOLAS WAY, SUTTON, SM1 1JB","Sutton, United Kingdom, SM1 1JB, C/O Clarkson Hyde Llp, 3rd Floor, Chancery House",gov.uk/companies-house,route appears in evidence naming the individual,Sat Aug 01 2026 15:56:34 GMT+0500 (Pakistan Standard Time),2,no,"officers.items[].address for AHMED, Syed Furqan: ST NICHOLAS WAY, SUTTON, SM1 1JB",shared with 1 other route(s) in this file,REVIEW — the flags above weaken the personal-route claim,true
ent_ch_14737303,RPJ FAMILY HOLDINGS LIMITED,Mrs Sarah Jane Taylor,"CHURCH LANE, ARBORFIELD, READING, RG2 9JA","Reading, United Kingdom, RG2 9JA, Woodpeckers Church Lane",gov.uk/companies-house,route appears in evidence naming the individual,Fri Jul 31 2026 13:46:55 GMT+0500 (Pakistan Standard Time),1,YES,"officers.items[].address for TAYLOR, Sarah Jane: CHURCH LANE, ARBORFIELD, READING, RG2 9JA",matches the company registered office,REVIEW — the flags above weaken the personal-route claim,false
ent_ch_09344469,RVPV FAMILY OFFICE LIMITED,Mr Murali Karthik,"SPALDING WAY, C/O N PRABHAKAR VAJJALA, C/O DR V PISUPATI, CAMBRIDGE, CB1 8NP","Cambridge, United Kingdom, CB1 8NP, 25 Spalding Way",gov.uk/companies-house,route appears in evidence naming the individual,Sat Aug 01 2026 15:57:08 GMT+0500 (Pakistan Standard Time),1,YES,"officers.items[].address for VAJJALA, Naga Prabhakar, Dr: SPALDING WAY, C/O N PRABHAKAR VAJJALA, C/O DR V PISUPATI, CAMBRIDGE, CB1 8NP",matches the company registered office,REVIEW — the flags above weaken the personal-route claim,false
ent_ch_14868656,RWHE FAMILY HOLDINGS LTD,Mr Richard William Hugh English,"BIZ HUB TEES VALLEY, BELASIS HALL TECHNOLOGY PARK, BILLINGHAM, TS23 4EA","Billingham, United Kingdom, TS23 4EA, C/O Ocg Accountants Ltd Biz Hub Tees Valley",gov.uk/companies-house,route appears in evidence naming the individual,Sat Aug 01 2026 17:04:03 GMT+0500 (Pakistan Standard Time),38,YES,"officers.items[].address for ENGLISH, Richard William Hugh: BIZ HUB TEES VALLEY, BELASIS HALL TECHNOLOGY PARK, BILLINGHAM, TS23 4EA",shared with 37 other route(s) in this file; matches the company registered office,REVIEW — the flags above weaken the personal-route claim,false
ent_ch_14003807,S&S FAMILY HOLDINGS LTD,Ms Rikki Lee Saywell,"REGENT TERRACE, DONCASTER, DN1 2EE","Doncaster, United Kingdom, DN1 2EE, 6 Regent Terrace",gov.uk/companies-house,route appears in evidence naming the individual,Sat Aug 01 2026 16:40:57 GMT+0500 (Pakistan Standard Time),1,YES,"officers.items[].address for SAYWELL, Rikki Lee: REGENT TERRACE, DONCASTER, DN1 2EE",matches the company registered office,REVIEW — the flags above weaken the personal-route claim,false
ent_ch_10639305,SAFIULLAH FAMILY HOLDINGS LTD,Mr Junaid Safiullah,"BIZ HUB TEES VALLEY, BELASIS HALL TECHNOLOGY PARK, BILLINGHAM, TS23 4EA","Billingham, United Kingdom, TS23 4EA, C/O Ocg Accountants Ltd Biz Hub Tees Valley",gov.uk/companies-house,route appears in evidence naming the individual,Sat Aug 01 2026 16:56:33 GMT+0500 (Pakistan Standard Time),38,YES,"officers.items[].address for SAFIULLAH, Junaid: BIZ HUB TEES VALLEY, BELASIS HALL TECHNOLOGY PARK, BILLINGHAM, TS23 4EA",shared with 37 other route(s) in this file; matches the company registered office,REVIEW — the flags above weaken the personal-route claim,false
ent_ch_01331161,SCHEINER FAMILY TRUST LIMITED(THE),Mrs Edith Scheiner,"8 WESTERN AVENUE, LONDON, NW11 9HH","London, United Kingdom, E1W 9US, 2 Leman Street",gov.uk/companies-house,route appears in evidence naming the individual,Fri Jul 31 2026 13:55:51 GMT+0500 (Pakistan Standard Time),1,no,"officers.items[].address for SCHEINER, Marcel Solomon: 8 WESTERN AVENUE, LONDON, NW11 9HH",none,"defensible — a director-filed service address, adjudicated, not the registered office and not shared",true
ent_ch_01331161,SCHEINER FAMILY TRUST LIMITED(THE),Mrs Edith Scheiner,"10 WESTERN AVENUE, LONDON, NW11 9HH","London, United Kingdom, E1W 9US, 2 Leman Street",gov.uk/companies-house,route appears in evidence naming the individual,Fri Jul 31 2026 13:55:51 GMT+0500 (Pakistan Standard Time),1,no,"officers.items[].address for SCHEINER, Edith: 10 WESTERN AVENUE, LONDON, NW11 9HH",none,"defensible — a director-filed service address, adjudicated, not the registered office and not shared",true
ent_ch_13283128,SCOTT FAMILY HOLDINGS LTD,Mr Ryan Scott,"WOODFORD ROAD, FOREST GATE, E7 0HA","Forest Gate, United Kingdom, E7 0HA, 16-18 Woodford Road",gov.uk/companies-house,route appears in evidence naming the individual,Sat Aug 01 2026 17:00:41 GMT+0500 (Pakistan Standard Time),1,YES,"officers.items[].address for SCOTT, Ryan: WOODFORD ROAD, FOREST GATE, E7 0HA",matches the company registered office,REVIEW — the flags above weaken the personal-route claim,false
ent_ch_10305447,SELLITTO FAMILY HOLDINGS LIMITED,Miss Teresa Antonietta Sellitto,"MARKET PLACE, LONG BUCKBY, NORTHAMPTON, NN6 7RR","Northampton, Northampton, United Kingdom, United Kingdom, NN6 7RR, NN6 7RR, 21 Market Place, 21 Market Place",gov.uk/companies-house,route appears in evidence naming the individual,Fri Jul 31 2026 13:43:50 GMT+0500 (Pakistan Standard Time),1,YES,"officers.items[].address for SELLITTO, Teresa Antonietta: MARKET PLACE, LONG BUCKBY, NORTHAMPTON, NN6 7RR",matches the company registered office,REVIEW — the flags above weaken the personal-route claim,false
ent_ch_13816954,SENRAB FAMILY HOLDINGS LTD,Mr Colin Paul Barnes,"GLOVERS END, BEXHILL, TN39 5ES","Bexhill, TN39 5ES, Unit 2.02 High Weald House",gov.uk/companies-house,route appears in evidence naming the individual,Sat Aug 01 2026 17:27:02 GMT+0500 (Pakistan Standard Time),1,no,"officers.items[].address for BARNES, Colin Paul: GLOVERS END, BEXHILL, TN39 5ES",none,"defensible — a director-filed service address, adjudicated, not the registered office and not shared",true
ent_ch_10696753,SEYMOUR FAMILY INVESTMENT COMPANY LIMITED,Mr Adam Hugh Seymour,"6 NEW STREET SQUARE, NEW FETTER LANE, LONDON, EC4A 3AQ","London, United Kingdom, EC4A 3AQ, Eighth Floor 6 New Street Square",gov.uk/companies-house,route appears in evidence naming the individual,Sat Aug 01 2026 16:14:27 GMT+0500 (Pakistan Standard Time),1,YES,"officers.items[].address for SEYMOUR, Adam Hugh: 6 NEW STREET SQUARE, NEW FETTER LANE, LONDON, EC4A 3AQ",matches the company registered office,REVIEW — the flags above weaken the personal-route claim,true
ent_ch_10876208,SHA FAMILY OFFICE LTD,Mr Sharnpreet Singh Buttar,"3 MERCHANT SQUARE, PADDINGTON, LONDON, W2 1BF","London, United Kingdom, W2 1BF, 1110 3 Merchant Square",gov.uk/companies-house,route appears in evidence naming the individual,Fri Jul 31 2026 13:23:19 GMT+0500 (Pakistan Standard Time),1,YES,"officers.items[].address for BUTTAR, Sharnpreet Singh: 3 MERCHANT SQUARE, PADDINGTON, LONDON, W2 1BF",matches the company registered office,REVIEW — the flags above weaken the personal-route claim,false
ent_ch_10026579,SHALIMAR FAMILY INVESTMENT COMPANY LIMITED,Mrs Pauline Janice Mishon,"FLOOR 6,, 4 THOMAS MORE SQUARE, LONDON, E1W 1YW","London, United Kingdom, E1W 1YW, Quadrant House Floor 6,",gov.uk/companies-house,route appears in evidence naming the individual,Sat Aug 01 2026 16:17:43 GMT+0500 (Pakistan Standard Time),1,no,"officers.items[].address for MISHON, Pauline Janice: FLOOR 6,, 4 THOMAS MORE SQUARE, LONDON, E1W 1YW",none,"defensible — a director-filed service address, adjudicated, not the registered office and not shared",true
ent_ch_10026579,SHALIMAR FAMILY INVESTMENT COMPANY LIMITED,Mrs Pauline Janice Mishon,"25 OLD BURLINGTON STREET, LONDON, W1S 3AN","London, United Kingdom, E1W 1YW, Quadrant House Floor 6,",gov.uk/companies-house,route appears in evidence naming the individual,Sat Aug 01 2026 16:17:42 GMT+0500 (Pakistan Standard Time),1,no,"officers.items[].address for LAWSON, Melvin Anthony: 25 OLD BURLINGTON STREET, LONDON, W1S 3AN",none,"defensible — a director-filed service address, adjudicated, not the registered office and not shared",true
ent_ch_11363024,SHEARS FAMILY HOLDINGS LTD,Mr Colin Norman Harrison,"BIZ HUB TEES VALLEY, BELASIS HALL TECHNOLOGY PARK, BILLINGHAM, TS23 4EA","Billingham, United Kingdom, TS23 4EA, C/O Ocg Accountants Ltd Biz Hub Tees Valley",gov.uk/companies-house,route appears in evidence naming the individual,Sat Aug 01 2026 16:22:12 GMT+0500 (Pakistan Standard Time),38,YES,"officers.items[].address for HARRISON, Colin Norman: BIZ HUB TEES VALLEY, BELASIS HALL TECHNOLOGY PARK, BILLINGHAM, TS23 4EA",shared with 37 other route(s) in this file; matches the company registered office,REVIEW — the flags above weaken the personal-route claim,false
ent_ch_13642654,SHEPARD FAMILY HOLDINGS LTD,Mr James Shepard,"BIZ HUB TEES VALLEY, BELASIS HALL TECHNOLOGY PARK, BILLINGHAM, TS23 4EA","Billingham, United Kingdom, TS23 4EA, C/O Ocg Accountants Ltd Biz Hub Tees Valley",gov.uk/companies-house,route appears in evidence naming the individual,Sat Aug 01 2026 17:11:33 GMT+0500 (Pakistan Standard Time),38,YES,"officers.items[].address for SHEPARD, James: BIZ HUB TEES VALLEY, BELASIS HALL TECHNOLOGY PARK, BILLINGHAM, TS23 4EA",shared with 37 other route(s) in this file; matches the company registered office,REVIEW — the flags above weaken the personal-route claim,false
ent_ch_13074207,SHOVLIN FAMILY HOLDINGS LTD,Ms Catherine Mary Shovlin,"BIZ HUB TEES VALLEY, BELASIS HALL TECHNOLOGY PARK, BILLINGHAM, TS23 4EA","Billingham, United Kingdom, TS23 4EA, C/O Ocg Accountants Ltd Biz Hub Tees Valley",gov.uk/companies-house,route appears in evidence naming the individual,Sat Aug 01 2026 17:20:15 GMT+0500 (Pakistan Standard Time),38,YES,"officers.items[].address for SHOVLIN, Catherine Mary: BIZ HUB TEES VALLEY, BELASIS HALL TECHNOLOGY PARK, BILLINGHAM, TS23 4EA",shared with 37 other route(s) in this file; matches the company registered office,REVIEW — the flags above weaken the personal-route claim,false
ent_ch_14404201,SIMMONS FAMILY HOLDINGS LIMITED,Mr Christopher Simmons,"7 QUEENSBRIDGE, NORTHAMPTON, NN4 7BF","Northampton, United Kingdom, NN4 7BF, Artisans' House",gov.uk/companies-house,route appears in evidence naming the individual,Sat Aug 01 2026 17:14:15 GMT+0500 (Pakistan Standard Time),1,no,"officers.items[].address for SIMMONS, Paul Ronald: 7 QUEENSBRIDGE, NORTHAMPTON, NN4 7BF",none,"defensible — a director-filed service address, adjudicated, not the registered office and not shared",true
ent_ch_07697113,SIMON FAMILY OFFICE LIMITED,Mr Simon Justin Nixon,"SHIPGATE HOUSE, SHIPGATE STREET, CHESTER, CH1 1RT","Chester, CH1 1RT, Second Floor Shipgate House",gov.uk/companies-house,route appears in evidence naming the individual,Fri Jul 31 2026 18:23:20 GMT+0500 (Pakistan Standard Time),1,YES,"officers.items[].address for NIXON, Simon Justin: SHIPGATE HOUSE, SHIPGATE STREET, CHESTER, CH1 1RT",matches the company registered office,REVIEW — the flags above weaken the personal-route claim,false
ent_ch_13438371,SMITH BERNAL FAMILY HOLDINGS LIMITED,Mr Graham Francis Smith-Bernal,"16 BLACKHILLS, ESHER, KT10 9JW","Esher, United Kingdom, KT10 9JW, Winton Place",gov.uk/companies-house,route appears in evidence naming the individual,Sat Aug 01 2026 16:44:47 GMT+0500 (Pakistan Standard Time),1,no,"officers.items[].address for SMITH-BERNAL, Graham Francis: 16 BLACKHILLS, ESHER, KT10 9JW",none,"defensible — a director-filed service address, adjudicated, not the registered office and not shared",true
ent_ch_09738826,SMITH FAMILY TRUST CORPORATION LIMITED,Mr Henry Thomas Smith,"CORDY HOUSE, 87-95 CURTAIN ROAD, LONDON, EC2A 3BS","London, United Kingdom, EC2A 3BS, 1st Floor Cordy House",gov.uk/companies-house,route appears in evidence naming the individual,Fri Jul 31 2026 13:23:09 GMT+0500 (Pakistan Standard Time),1,YES,"officers.items[].address for ROGERS, James Edward: CORDY HOUSE, 87-95 CURTAIN ROAD, LONDON, EC2A 3BS",matches the company registered office,REVIEW — the flags above weaken the personal-route claim,false
ent_ch_05462651,SP FAMILY OFFICE LIMITED,Mr Sanjeet Bhavnani,"125 WOODLAND WAY, LONDON, N21 3PY","London, N21 3PY, 125 Woodland Way",gov.uk/companies-house,route appears in evidence naming the individual,Sat Aug 01 2026 15:55:25 GMT+0500 (Pakistan Standard Time),1,YES,"officers.items[].address for BHAVNANI, Sanjeet: 125 WOODLAND WAY, LONDON, N21 3PY",matches the company registered office,REVIEW — the flags above weaken the personal-route claim,false
ent_ch_11341103,SR FAMILY HOLDINGS LTD,Mr Simon Russell Royall,"BIZ HUB TEES VALLEY, BELASIS HALL TECHNOLOGY PARK, BILLINGHAM, TS23 4EA","Billingham, United Kingdom, TS23 4EA, C/O Ocg Accountants Ltd Biz Hub Tees Valley",gov.uk/companies-house,route appears in evidence naming the individual,Sat Aug 01 2026 17:05:50 GMT+0500 (Pakistan Standard Time),38,YES,"officers.items[].address for ROYALL, Simon Russell: BIZ HUB TEES VALLEY, BELASIS HALL TECHNOLOGY PARK, BILLINGHAM, TS23 4EA",shared with 37 other route(s) in this file; matches the company registered office,REVIEW — the flags above weaken the personal-route claim,false
ent_ch_14604511,ST GEORGE'S HERITAGE LTD,Dr Robert Charles Patterson,"5TH FLOOR, WALKER HOUSE, EXCHANGE FLAGS, LIVERPOOL, L2 3YL","Wirral, United Kingdom, CH48 2JF, Clayton Kings Drive",gov.uk/companies-house,route appears in evidence naming the individual,Fri Jul 31 2026 13:50:58 GMT+0500 (Pakistan Standard Time),1,no,"officers.items[].address for PATTERSON, Robert Charles, Dr: 5TH FLOOR, WALKER HOUSE, EXCHANGE FLAGS, LIVERPOOL, L2 3YL",none,"defensible — a director-filed service address, adjudicated, not the registered office and not shared",true
ent_ch_09260947,STADDEN FORBES FAMILY OFFICE LTD,Mr Robert Forbes,"CORNWALL AVENUE, LONDON, N3 1LF","London, United Kingdom, N3 1LF, Aston House",gov.uk/companies-house,route appears in evidence naming the individual,Fri Jul 31 2026 13:41:56 GMT+0500 (Pakistan Standard Time),1,no,"officers.items[].address for FORBES, Robert: CORNWALL AVENUE, LONDON, N3 1LF",none,"defensible — a director-filed service address, adjudicated, not the registered office and not shared",true
ent_ch_11586460,STONE FAMILY HOLDINGS LTD,Lisa Morreen Stone,"BIZ HUB TEES VALLEY, BELASIS HALL TECHNOLOGY PARK, BILLINGHAM, TS23 4EA","Billingham, United Kingdom, TS23 4EA, C/O Ocg Accountants Ltd Biz Hub Tees Valley",gov.uk/companies-house,route appears in evidence naming the individual,Sat Aug 01 2026 17:13:50 GMT+0500 (Pakistan Standard Time),38,YES,"officers.items[].address for STONE, Lisa Morreen: BIZ HUB TEES VALLEY, BELASIS HALL TECHNOLOGY PARK, BILLINGHAM, TS23 4EA",shared with 37 other route(s) in this file; matches the company registered office,REVIEW — the flags above weaken the personal-route claim,false
ent_ch_10527864,STOWE FAMILY LAW HOLDINGS LIMITED,"BUNCE, Morna Louise","RAGLAN STREET, HARROGATE, HG1 1LT","Leeds, United Kingdom, LS1 5SH, Clockwise Yorkshire House",gov.uk/companies-house,route appears in evidence naming the individual,Sat Aug 01 2026 16:58:20 GMT+0500 (Pakistan Standard Time),1,no,"officers.items[].address for HAWKHEAD, Julian Jack: RAGLAN STREET, HARROGATE, HG1 1LT",none,"defensible — a director-filed service address, adjudicated, not the registered office and not shared",true
ent_ch_08255687,STREET FAMILY GROUP OF COMPANIES (HOLDINGS) LIMITED,Mr Richard John Martin,"WEST HILL HOUSE, WEST HILL, EPSOM, KT19 8JD","Epsom, KT19 8JD, Suite 2, West Hill House",gov.uk/companies-house,route appears in evidence naming the individual,Sat Aug 01 2026 16:40:22 GMT+0500 (Pakistan Standard Time),1,YES,"officers.items[].address for MCCULLOUGH, Rivkah Hazel: WEST HILL HOUSE, WEST HILL, EPSOM, KT19 8JD",matches the company registered office,REVIEW — the flags above weaken the personal-route claim,false
ent_ch_10262751,STRONG FAMILY HOLDINGS LIMITED,Mr Kenneth Royston Strong,"3 ST. MARY STREET, CHIPPENHAM, SN15 3JJ","Chippenham, United Kingdom, SN15 3JJ, The Old Stable",gov.uk/companies-house,route appears in evidence naming the individual,Sat Aug 01 2026 16:33:02 GMT+0500 (Pakistan Standard Time),1,no,"officers.items[].address for STRONG, Kenneth Royston: 3 ST. MARY STREET, CHIPPENHAM, SN15 3JJ",none,"defensible — a director-filed service address, adjudicated, not the registered office and not shared",true
ent_ch_09318104,SUTTON FAMILY HOLDINGS LTD,Calum James Calder Sutton,"GRESHAM ST, LONDON, EC2V 7BG","London, United Kingdom, EC2V 7BG, 45 Gresham St",gov.uk/companies-house,route appears in evidence naming the individual,Sat Aug 01 2026 16:42:15 GMT+0500 (Pakistan Standard Time),1,YES,"officers.items[].address for SUTTON, Calum James Calder: GRESHAM ST, LONDON, EC2V 7BG",matches the company registered office,REVIEW — the flags above weaken the personal-route claim,false
ent_ch_13441560,SWAILES COMMERCIAL FAMILY OFFICE LTD,Robin Harold Horatio Swailes,"WALTON STREET, OXFORD, OX1 2HG","Reading, United Kingdom, RG1 1PL, 2nd Floor, Aquis House",gov.uk/companies-house,route appears in evidence naming the individual,Sat Aug 01 2026 15:50:13 GMT+0500 (Pakistan Standard Time),2,no,"officers.items[].address for SWAILES, Robin Harold Horatio: WALTON STREET, OXFORD, OX1 2HG",shared with 1 other route(s) in this file,REVIEW — the flags above weaken the personal-route claim,true
ent_ch_13441570,SWAILES TRADING GROUP FAMILY OFFICE LTD,Robin Harold Horatio Swailes,"WALTON STREET, OXFORD, OX1 2HG","Reading, United Kingdom, RG1 1PL, 2nd Floor, Aquis House, 49-51 Blagrave Street",gov.uk/companies-house,route appears in evidence naming the individual,Sat Aug 01 2026 15:50:45 GMT+0500 (Pakistan Standard Time),2,no,"officers.items[].address for SWAILES, Robin Harold Horatio: WALTON STREET, OXFORD, OX1 2HG",shared with 1 other route(s) in this file,REVIEW — the flags above weaken the personal-route claim,true
ent_ch_15384815,T G FAMILY HOLDINGS LIMITED,Mrs Debra Louise Stewart,"HURN ROAD, HOLBEACH, SPALDING, PE12 8JD","Spalding, United Kingdom, PE12 8JD, Bramley House Hurn Road",gov.uk/companies-house,route appears in evidence naming the individual,Sat Aug 01 2026 16:43:53 GMT+0500 (Pakistan Standard Time),1,YES,"officers.items[].address for STEWART, Debra Louise: HURN ROAD, HOLBEACH, SPALDING, PE12 8JD",matches the company registered office,REVIEW — the flags above weaken the personal-route claim,false
ent_ch_15384815,T G FAMILY HOLDINGS LIMITED,Mrs Debra Louise Stewart,"HOLBEACH, SPALDING, PE12 8JD","Spalding, United Kingdom, PE12 8JD, Bramley House Hurn Road",gov.uk/companies-house,route appears in evidence naming the individual,Sat Aug 01 2026 16:43:52 GMT+0500 (Pakistan Standard Time),1,no,"officers.items[].address for GREEN, Simon Thomas William: HOLBEACH, SPALDING, PE12 8JD",none,"defensible — a director-filed service address, adjudicated, not the registered office and not shared",true
ent_ch_14110261,T&A FAMILY INVESTMENT LIMITED,Mr Tamer Saied Mohamed Mohamed Elhariry,"CLARKE STREET, DERBY, DE1 2BU","Derby, United Kingdom, DE1 2BU, 1 Derwent Business Centre",gov.uk/companies-house,route appears in evidence naming the individual,Sat Aug 01 2026 16:08:00 GMT+0500 (Pakistan Standard Time),1,no,"officers.items[].address for ELHARIRY, Tamer Saied Mohamed Mohamed: CLARKE STREET, DERBY, DE1 2BU",none,"defensible — a director-filed service address, adjudicated, not the registered office and not shared",true
ent_ch_14124986,TALFOURD FAMILY HOLDINGS LTD,Ms Nicola Jane Walker,"ADMIRALS WAY, CANARY WHARF, E14 9XL","Canary Wharf, United Kingdom, E14 9XL, 16 Beaufort Court Admirals Way",gov.uk/companies-house,route appears in evidence naming the individual,Sat Aug 01 2026 17:24:44 GMT+0500 (Pakistan Standard Time),2,YES,"officers.items[].address for WALKER, Nicola Jane: ADMIRALS WAY, CANARY WHARF, E14 9XL",shared with 1 other route(s) in this file; matches the company registered office,REVIEW — the flags above weaken the personal-route claim,false
ent_ch_09319634,TATTON FAMILY HOLDINGS LIMITED,Mr David Edward Tatton,"10 WESTMINSTER ROAD, MACCLESFIELD, SK10 1BX","Macclesfield, United Kingdom, SK11 0QU, Rushton Bank",gov.uk/companies-house,route appears in evidence naming the individual,Sat Aug 01 2026 17:02:32 GMT+0500 (Pakistan Standard Time),1,no,"officers.items[].address for TATTON, David Edward: 10 WESTMINSTER ROAD, MACCLESFIELD, SK10 1BX",none,"defensible — a director-filed service address, adjudicated, not the registered office and not shared",true
ent_ch_13347221,TF FAMILY OFFICE LIMITED,"FAKHOURI, Shaker Tawfiq Shaker","KING STREET, ST JAMES'S, LONDON, SW1Y 6QU","London, United Kingdom, SW1Y 6QU, 15 King Street",gov.uk/companies-house,route appears in evidence naming the individual,Sat Aug 01 2026 15:54:17 GMT+0500 (Pakistan Standard Time),1,YES,"officers.items[].address for FAKHOURI, Shaker Tawfiq Shaker: KING STREET, ST JAMES'S, LONDON, SW1Y 6QU",matches the company registered office,REVIEW — the flags above weaken the personal-route claim,false
ent_ch_12645837,THE ALLEN'S FAMILY HOLDINGS LTD,Mr Lee Roy Allen,"BIZ HUB TEES VALLEY, BELASIS HALL TECHNOLOGY PARK, BILLINGHAM, TS23 4EA","Billingham, United Kingdom, TS23 4EA, C/O Ocg Accountants Ltd Biz Hub Tees Valley",gov.uk/companies-house,route appears in evidence naming the individual,Sat Aug 01 2026 17:01:48 GMT+0500 (Pakistan Standard Time),38,YES,"officers.items[].address for ALLEN, Lee Roy: BIZ HUB TEES VALLEY, BELASIS HALL TECHNOLOGY PARK, BILLINGHAM, TS23 4EA",shared with 37 other route(s) in this file; matches the company registered office,REVIEW — the flags above weaken the personal-route claim,false
ent_ch_09366188,THE FAMILY (HOLDINGS) LTD.,"AUGIER, Jean-Jacques","RUE SAINT-ANDRÉ DES ARTS, PARIS, 75006","London, United Kingdom, EC4M 7AN, Third Floor",gov.uk/companies-house,route appears in evidence naming the individual,Sat Aug 01 2026 17:17:01 GMT+0500 (Pakistan Standard Time),1,no,"officers.items[].address for AUGIER, Jean-Jacques: RUE SAINT-ANDRÉ DES ARTS, PARIS, 75006",none,"defensible — a director-filed service address, adjudicated, not the registered office and not shared",true
ent_ch_07599185,THE FAMILY OFFICE LONDON LIMITED,Mr Sebastian Lyle,"POLSTEAD ROAD, OXFORD, OX2 6TN","London, United Kingdom, EC4V 4DP, Senator House",gov.uk/companies-house,route appears in evidence naming the individual,Sat Aug 01 2026 15:54:50 GMT+0500 (Pakistan Standard Time),1,no,"officers.items[].address for LYLE, Sebastian: POLSTEAD ROAD, OXFORD, OX2 6TN",none,"defensible — a director-filed service address, adjudicated, not the registered office and not shared",true
ent_ch_10097690,THE FLETCHER FAMILY INVESTMENT COMPANY LIMITED,Mrs Sarah Mai Glynn Fletcher,"25 DEARNESIDE ROAD, DENBY DALE, HUDDERSFIELD, HD8 8TL","Huddersfield, HD8 8TL, Lowfield House 25 Dearneside Road",gov.uk/companies-house,route appears in evidence naming the individual,Sat Aug 01 2026 16:13:33 GMT+0500 (Pakistan Standard Time),1,YES,"officers.items[].address for FLETCHER, Andrew Richard: 25 DEARNESIDE ROAD, DENBY DALE, HUDDERSFIELD, HD8 8TL",matches the company registered office,REVIEW — the flags above weaken the personal-route claim,false
ent_ch_13099349,THE JCHW FAMILY INVESTMENT COMPANY LIMITED,Mr John Charles Hilary Wilkes,"48 WESTFERRY CIRCUS, LONDON, E14 8RP","London, London, United Kingdom, United Kingdom, E14 8RP, E14 8RP, Apartment 193 Berkeley Tower 48 Westferry Circus, Apartment 193 Berkeley Tower 48 Westferry Circus",gov.uk/companies-house,route appears in evidence naming the individual,Sat Aug 01 2026 16:15:49 GMT+0500 (Pakistan Standard Time),1,YES,"officers.items[].address for WILKES, John Charles Hilary: 48 WESTFERRY CIRCUS, LONDON, E14 8RP",matches the company registered office,REVIEW — the flags above weaken the personal-route claim,false
ent_ch_13323014,THE JED FAMILY INVESTMENT COMPANY LIMITED,Mr James George Dunkley,"WIGGINTON, BANBURY, OX15 4LH","Banbury, United Kingdom, OX15 4LH, South View Farm",gov.uk/companies-house,route appears in evidence naming the individual,Sat Aug 01 2026 16:12:34 GMT+0500 (Pakistan Standard Time),1,no,"officers.items[].address for DUNKLEY, James George: WIGGINTON, BANBURY, OX15 4LH",none,"defensible — a director-filed service address, adjudicated, not the registered office and not shared",true
ent_ch_SC741739,THE LANG FAMILY INVESTMENT COMPANY LIMITED,Mr Stuart David Lang,"7-11 MELVILLE STREET, EDINBURGH, EH3 7PE","Edinburgh, United Kingdom, EH3 7PE, C/O Johnston Carmichael",gov.uk/companies-house,route appears in evidence naming the individual,Fri Jul 31 2026 13:43:09 GMT+0500 (Pakistan Standard Time),1,no,"officers.items[].address for LANG, Stuart David: 7-11 MELVILLE STREET, EDINBURGH, EH3 7PE",none,"defensible — a director-filed service address, adjudicated, not the registered office and not shared",true
ent_ch_14126520,THE OLIVER FAMILY OFFICE LIMITED,Mrs Susan Oliver,"ST. PETER'S WHARF, TYNE & WEAR, NEWCASTLE UPON TYNE, NE6 1TZ","Newcastle Upon Tyne, United Kingdom, NE6 1TZ, Unit 16 Quay Level St. Peter's Wharf",gov.uk/companies-house,route appears in evidence naming the individual,Fri Jul 31 2026 18:21:07 GMT+0500 (Pakistan Standard Time),1,YES,"officers.items[].address for OLIVER, Susan: ST. PETER'S WHARF, TYNE & WEAR, NEWCASTLE UPON TYNE, NE6 1TZ",matches the company registered office,REVIEW — the flags above weaken the personal-route claim,false
ent_ch_SC718109,THE STIRLING FAMILY INVESTMENT CO LTD,Mr David Charles Stirling,"KENILWORTH ROAD, BRIDGE OF ALLAN, STIRLING, FK9 4DU","Stirling, United Kingdom, FK9 4DU, 24b Kenilworth Road",gov.uk/companies-house,route appears in evidence naming the individual,Sat Aug 01 2026 16:17:06 GMT+0500 (Pakistan Standard Time),1,YES,"officers.items[].address for STIRLING, David Charles: KENILWORTH ROAD, BRIDGE OF ALLAN, STIRLING, FK9 4DU",matches the company registered office,REVIEW — the flags above weaken the personal-route claim,false
ent_ch_12304686,THE WARD FAMILY HOLDINGS LTD,Mr Nicholas John Henry Ward,"BIZ HUB TEES VALLEY, BELASIS HALL TECHNOLOGY PARK, BILLINGHAM, TS23 4EA","Billingham, United Kingdom, TS23 4EA, C/O Ocg Accountants Ltd Biz Hub Tees Valley",gov.uk/companies-house,route appears in evidence naming the individual,Sat Aug 01 2026 16:45:56 GMT+0500 (Pakistan Standard Time),38,YES,"officers.items[].address for WARD, Nicholas John Henry: BIZ HUB TEES VALLEY, BELASIS HALL TECHNOLOGY PARK, BILLINGHAM, TS23 4EA",shared with 37 other route(s) in this file; matches the company registered office,REVIEW — the flags above weaken the personal-route claim,false
ent_ch_09759092,TIME FAMILY OFFICE LIMITED,Mr Louis Antoine De Girard De Charbonnieres,"NORTH AUDLEY STREET, 2ND FLOOR - ROOM 2.05, LONDON, W1K 6WE","London, United Kingdom, W1K 6WE, 20 North Audley Street",gov.uk/companies-house,route appears in evidence naming the individual,Sat Aug 01 2026 15:52:36 GMT+0500 (Pakistan Standard Time),1,YES,"officers.items[].address for BOUHABIB, Sami: NORTH AUDLEY STREET, 2ND FLOOR - ROOM 2.05, LONDON, W1K 6WE",matches the company registered office,REVIEW — the flags above weaken the personal-route claim,false
ent_ch_16224030,TO FAMILY HOLDINGS LTD,Mr Calvin Sai Wing To,"ARMSTRONG ROAD, MAIDSTONE, ME15 6JZ","Maidstone, United Kingdom, ME15 6JZ, 5 North Court",gov.uk/companies-house,route appears in evidence naming the individual,Sat Aug 01 2026 17:18:43 GMT+0500 (Pakistan Standard Time),1,no,"officers.items[].address for TO, Calvin Sai Wing: ARMSTRONG ROAD, MAIDSTONE, ME15 6JZ",none,"defensible — a director-filed service address, adjudicated, not the registered office and not shared",true
ent_ch_15597475,TOP NOTCH RENTALS FAMILY INVESTMENT COMPANY LIMITED,Mr Jaswinder Singh Dosanjh,"POITIERS ROAD, COVENTRY, CV3 5JY","Coventry, United Kingdom, CV1 4JL, Unit 1 Generator Hall",gov.uk/companies-house,route appears in evidence naming the individual,Sat Aug 01 2026 16:08:25 GMT+0500 (Pakistan Standard Time),1,no,"officers.items[].address for DOSANJH, Jaswinder Singh: POITIERS ROAD, COVENTRY, CV3 5JY",none,"defensible — a director-filed service address, adjudicated, not the registered office and not shared",true
ent_ch_10909023,TRM HERITAGE LIMITED,Mr Timothy Robert Meiris,"HERITAGE GARDENS, PORTCHESTER, FAREHAM, PO16 9BZ","Fareham, United Kingdom, PO16 9BZ, 23 Heritage Gardens",gov.uk/companies-house,route appears in evidence naming the individual,Fri Jul 31 2026 13:54:04 GMT+0500 (Pakistan Standard Time),1,YES,"officers.items[].address for MEIRIS, Timothy Robert: HERITAGE GARDENS, PORTCHESTER, FAREHAM, PO16 9BZ",matches the company registered office,REVIEW — the flags above weaken the personal-route claim,false
ent_ch_15412173,TUPPY FAMILY HOLDINGS LIMITED,Mr U Peng Tan,"AZTEC ROW, BERNERS ROAD, ISLINGTON, N1 0PW","Islington, United Kingdom, N1 0PW, 4 Aztec Row",gov.uk/companies-house,route appears in evidence naming the individual,Sat Aug 01 2026 16:53:52 GMT+0500 (Pakistan Standard Time),1,YES,"officers.items[].address for TAN, U Peng: AZTEC ROW, BERNERS ROAD, ISLINGTON, N1 0PW",matches the company registered office,REVIEW — the flags above weaken the personal-route claim,false
ent_ch_15970732,TURRELL FAMILY HOLDINGS GROUP LTD,Mrs Rose Elizabeth Myfanwy Turrell,"OXFORD STREET, SWANSEA, SA1 3JW","Swansea, United Kingdom, SA1 3JW, 125 Oxford Street",gov.uk/companies-house,route appears in evidence naming the individual,Sat Aug 01 2026 16:54:04 GMT+0500 (Pakistan Standard Time),1,YES,"officers.items[].address for TURRELL, Andrew Leonard: OXFORD STREET, SWANSEA, SA1 3JW",matches the company registered office,REVIEW — the flags above weaken the personal-route claim,false
ent_ch_07775307,TWYFORD HERITAGE LIMITED,Mr Kevin John Watson,"CHURCH LANE, TWYFORD, WINCHESTER, SO21 1NT","Winchester, SO21 1PZ, Littlebourne Hazeley Road",gov.uk/companies-house,route appears in evidence naming the individual,Fri Jul 31 2026 13:53:13 GMT+0500 (Pakistan Standard Time),1,no,"officers.items[].address for KENNETT, Mark William: CHURCH LANE, TWYFORD, WINCHESTER, SO21 1NT",none,"defensible — a director-filed service address, adjudicated, not the registered office and not shared",true
ent_ch_06934623,TY DANJUMA FAMILY OFFICE LIMITED,Theophilus Yakubu Danjuma,"ESHER, KT10 9AA","Esher, KT10 9AA, 1st Floor Two Furlongs",gov.uk/companies-house,route appears in evidence naming the individual,Fri Jul 31 2026 18:21:41 GMT+0500 (Pakistan Standard Time),1,no,"officers.items[].address for FOSTER, Simon Miles: ESHER, KT10 9AA",none,"defensible — a director-filed service address, adjudicated, not the registered office and not shared",true
ent_ch_06934623,TY DANJUMA FAMILY OFFICE LIMITED,Theophilus Yakubu Danjuma,"FLOOR TWO FURLONGS, ESHER, KT10 9AA","Esher, KT10 9AA, 1st Floor Two Furlongs",gov.uk/companies-house,route appears in evidence naming the individual,Fri Jul 31 2026 18:21:41 GMT+0500 (Pakistan Standard Time),1,YES,"officers.items[].address for DANJUMA, Theophilus Yakubu: FLOOR TWO FURLONGS, ESHER, KT10 9AA",matches the company registered office,REVIEW — the flags above weaken the personal-route claim,false
ent_ch_07741390,TYAGI FAMILY INVESTMENT COMPANY LTD,Ms Niharika Tyagi,"BURTONS LANE, CHALFONT ST GILES, HP8 4BL","Chalfont St Giles, United Kingdom, HP8 4BL, Sonoma House",gov.uk/companies-house,route appears in evidence naming the individual,Fri Jul 31 2026 13:42:59 GMT+0500 (Pakistan Standard Time),1,no,"officers.items[].address for TYAGI, Niharika, Dr: BURTONS LANE, CHALFONT ST GILES, HP8 4BL",none,"defensible — a director-filed service address, adjudicated, not the registered office and not shared",true
ent_ch_07741390,TYAGI FAMILY INVESTMENT COMPANY LTD,Ms Niharika Tyagi,"LONSDALE HOUSE, HIGH STREET, LUTTERWORTH, LE17 4AD","Chalfont St Giles, United Kingdom, HP8 4BL, Sonoma House",gov.uk/companies-house,route appears in evidence naming the individual,Fri Jul 31 2026 13:42:59 GMT+0500 (Pakistan Standard Time),1,no,"officers.items[].address for GUPTA, Rekha, Dr: LONSDALE HOUSE, HIGH STREET, LUTTERWORTH, LE17 4AD",none,"defensible — a director-filed service address, adjudicated, not the registered office and not shared",true
ent_ch_15198072,UGGLA FAMILY OFFICE LIMITED,Mr Lance Darrell Gordon Uggla,"CAVENDISH SQUARE, LONDON, W1G 0PW","London, United Kingdom, W1G 0PW, 33 Cavendish Square",gov.uk/companies-house,route appears in evidence naming the individual,Sat Aug 01 2026 15:58:21 GMT+0500 (Pakistan Standard Time),1,YES,"officers.items[].address for TAYLOR, Roslyn Jane: CAVENDISH SQUARE, LONDON, W1G 0PW",matches the company registered office,REVIEW — the flags above weaken the personal-route claim,false
ent_ch_11266953,VANN FAMILY HOLDINGS LIMITED,Mr Michael Richard Vann,"HILLWOOD ROAD, FOUR OAKS, SUTTON COLDFIELD, B75 5QP","West Midlands, United Kingdom, WS2 9NW, Bridgeman Street",gov.uk/companies-house,route appears in evidence naming the individual,Sat Aug 01 2026 16:33:36 GMT+0500 (Pakistan Standard Time),1,no,"officers.items[].address for VANN, Michael Richard: HILLWOOD ROAD, FOUR OAKS, SUTTON COLDFIELD, B75 5QP",none,"defensible — a director-filed service address, adjudicated, not the registered office and not shared",true
ent_ch_11266953,VANN FAMILY HOLDINGS LIMITED,Mr Michael Richard Vann,"TIMBERTREE ROAD, CRADLEY HEATH, WARLEY, B64 7LF","West Midlands, United Kingdom, WS2 9NW, Bridgeman Street",gov.uk/companies-house,route appears in evidence naming the individual,Sat Aug 01 2026 16:33:36 GMT+0500 (Pakistan Standard Time),1,no,"officers.items[].address for HOMER, Arnold John: TIMBERTREE ROAD, CRADLEY HEATH, WARLEY, B64 7LF",none,"defensible — a director-filed service address, adjudicated, not the registered office and not shared",true
ent_ch_01847361,VEITCH FAMILY HOLDINGS LIMITED,Mr Nicholas James Veitch,"SOUTH STOKE, BATH, BA2 7DU","Bath, BA2 7DU, The Old Vicarage",gov.uk/companies-house,route appears in evidence naming the individual,Fri Jul 31 2026 13:48:31 GMT+0500 (Pakistan Standard Time),1,no,"officers.items[].address for VEITCH, Nicholas James: SOUTH STOKE, BATH, BA2 7DU",none,"defensible — a director-filed service address, adjudicated, not the registered office and not shared",true
ent_ch_01847361,VEITCH FAMILY HOLDINGS LIMITED,Mr Nicholas James Veitch,"120 WOOD STREET, BARNET, EN5 4DA","Bath, BA2 7DU, The Old Vicarage",gov.uk/companies-house,route appears in evidence naming the individual,Fri Jul 31 2026 13:48:31 GMT+0500 (Pakistan Standard Time),1,no,"officers.items[].address for VEITCH, Colin Russell: 120 WOOD STREET, BARNET, EN5 4DA",none,"defensible — a director-filed service address, adjudicated, not the registered office and not shared",true
ent_ch_11876443,WALLS FAMILY HOLDINGS LIMITED,Miss Eleanor Helen Ramsay Walls,"HORSEMAN SIDE, NAVESTOCK, BRENTWOOD, CM14 5ST","Brentwood, United Kingdom, CM14 5ST, Alma Lodge Horseman Side",gov.uk/companies-house,route appears in evidence naming the individual,Sat Aug 01 2026 16:41:42 GMT+0500 (Pakistan Standard Time),2,YES,"officers.items[].address for WALLS, Eleanor Helen Ramsay: HORSEMAN SIDE, NAVESTOCK, BRENTWOOD, CM14 5ST",shared with 1 other route(s) in this file; matches the company registered office,REVIEW — the flags above weaken the personal-route claim,false
ent_ch_13909617,WEBB FAMILY HOLDINGS LTD,Mr Paul Webb,"STATION ROAD, CHURCH VILLAGE, RHONDDA CYNON TAFF, CF38 1AF","Farnham, United Kingdom, GU10 3PD, 22 Stream Farm Close",gov.uk/companies-house,route appears in evidence naming the individual,Sat Aug 01 2026 16:55:13 GMT+0500 (Pakistan Standard Time),1,no,"officers.items[].address for WEBB, Paul: STATION ROAD, CHURCH VILLAGE, RHONDDA CYNON TAFF, CF38 1AF",none,"defensible — a director-filed service address, adjudicated, not the registered office and not shared",true
ent_ch_13909617,WEBB FAMILY HOLDINGS LTD,Mr Paul Webb,"FARNHAM, GU10 3PD","Farnham, United Kingdom, GU10 3PD, 22 Stream Farm Close",gov.uk/companies-house,route appears in evidence naming the individual,Sat Aug 01 2026 16:55:12 GMT+0500 (Pakistan Standard Time),1,no,"officers.items[].address for WEBB, Brendan Michael: FARNHAM, GU10 3PD",none,"defensible — a director-filed service address, adjudicated, not the registered office and not shared",true
ent_ch_13790774,WEST FAMILY HOLDINGS LTD,Mr James Robert West,"THE RED RIDGE CENTRE, CEFN COCH, WELSHPOOL, SY21 0AZ","Welshpool, United Kingdom, SY21 0AZ, The Red Ridge Centre The Red Ridge Centre",gov.uk/companies-house,route appears in evidence naming the individual,Fri Jul 31 2026 13:47:06 GMT+0500 (Pakistan Standard Time),1,YES,"officers.items[].address for WEST, James Robert: THE RED RIDGE CENTRE, CEFN COCH, WELSHPOOL, SY21 0AZ",matches the company registered office,REVIEW — the flags above weaken the personal-route claim,false
ent_ch_10729416,WILDER FAMILY HOLDINGS LTD,Mr Brian James Wilder,"BIZ HUB TEES VALLEY, BELASIS HALL TECHNOLOGY PARK, BILLINGHAM, TS23 4EA","Billingham, United Kingdom, TS23 4EA, C/O Ocg Accountants Ltd Biz Hub Tees Valley",gov.uk/companies-house,route appears in evidence naming the individual,Sat Aug 01 2026 16:31:49 GMT+0500 (Pakistan Standard Time),38,YES,"officers.items[].address for WILDER, Brian James: BIZ HUB TEES VALLEY, BELASIS HALL TECHNOLOGY PARK, BILLINGHAM, TS23 4EA",shared with 37 other route(s) in this file; matches the company registered office,REVIEW — the flags above weaken the personal-route claim,false
ent_ch_11037136,WILLWAY LEGACY LTD,Mr Christopher Fooks,"4-6 SPICER STREET, ST. ALBANS, AL3 4PQ","St. Albans, St. Albans, United Kingdom, United Kingdom, AL3 4PQ, AL3 4PQ, Arquen House, Arquen House",gov.uk/companies-house,route appears in evidence naming the individual,Fri Jul 31 2026 13:49:42 GMT+0500 (Pakistan Standard Time),1,no,"officers.items[].address for FOOKS, Christopher: 4-6 SPICER STREET, ST. ALBANS, AL3 4PQ",none,"defensible — a director-filed service address, adjudicated, not the registered office and not shared",false
ent_ch_12640988,WINTERSHALL FAMILY HOLDINGS LIMITED,Mr Nicholas Peter Hutley,"MONKS WALK, FARNHAM, GU9 8HT","Bramley, United Kingdom, GU5 0LR, Wintershall Estate Office",gov.uk/companies-house,route appears in evidence naming the individual,Sat Aug 01 2026 17:08:18 GMT+0500 (Pakistan Standard Time),1,no,"officers.items[].address for HUTLEY, Oliver Thomas William: MONKS WALK, FARNHAM, GU9 8HT",none,"defensible — a director-filed service address, adjudicated, not the registered office and not shared",true
ent_ch_12640988,WINTERSHALL FAMILY HOLDINGS LIMITED,Mr Nicholas Peter Hutley,"BRAMLEY, GU5 0LR","Bramley, United Kingdom, GU5 0LR, Wintershall Estate Office",gov.uk/companies-house,route appears in evidence naming the individual,Sat Aug 01 2026 17:08:18 GMT+0500 (Pakistan Standard Time),1,no,"officers.items[].address for HUTLEY, Nicholas Peter: BRAMLEY, GU5 0LR",none,"defensible — a director-filed service address, adjudicated, not the registered office and not shared",true
ent_ch_SC763213,WOODS & CO FAMILY HOLDINGS LTD,Brian Woods,"MARYWOOD SQUARE, GLASGOW, G41 2BN","Glasgow, United Kingdom, G1 3NA, 4th Floor 82 Mitchell Street",gov.uk/companies-house,route appears in evidence naming the individual,Sat Aug 01 2026 16:57:38 GMT+0500 (Pakistan Standard Time),1,no,"officers.items[].address for WOODS, Brian David: MARYWOOD SQUARE, GLASGOW, G41 2BN",none,"defensible — a director-filed service address, adjudicated, not the registered office and not shared",true
ent_ch_SC763213,WOODS & CO FAMILY HOLDINGS LTD,Brian Woods,"82 MITCHELL STREET, GLASGOW, G1 3NA","Glasgow, United Kingdom, G1 3NA, 4th Floor 82 Mitchell Street",gov.uk/companies-house,route appears in evidence naming the individual,Sat Aug 01 2026 16:57:38 GMT+0500 (Pakistan Standard Time),1,YES,"officers.items[].address for WOODS, Kathrine: 82 MITCHELL STREET, GLASGOW, G1 3NA",matches the company registered office,REVIEW — the flags above weaken the personal-route claim,false
ent_ch_01718875,WORLEY FAMILY HOLDINGS LIMITED,Mr John Albert Worley,"NOBBS LANE, PORTSMOUTH, PO1 2EY","Southsea, PO5 2DA, 10 Victoria Road South",gov.uk/companies-house,route appears in evidence naming the individual,Sat Aug 01 2026 16:49:09 GMT+0500 (Pakistan Standard Time),1,no,"officers.items[].address for WORLEY, Frank Bernard: NOBBS LANE, PORTSMOUTH, PO1 2EY",none,"defensible — a director-filed service address, adjudicated, not the registered office and not shared",true
ent_ch_01718875,WORLEY FAMILY HOLDINGS LIMITED,Mr John Albert Worley,"VICTORIA ROAD SOUTH, SOUTHSEA, PO5 2DA","Southsea, PO5 2DA, 10 Victoria Road South",gov.uk/companies-house,route appears in evidence naming the individual,Sat Aug 01 2026 16:49:09 GMT+0500 (Pakistan Standard Time),1,YES,"officers.items[].address for WORLEY, John Albert: VICTORIA ROAD SOUTH, SOUTHSEA, PO5 2DA",matches the company registered office,REVIEW — the flags above weaken the personal-route claim,false
ent_ch_01718875,WORLEY FAMILY HOLDINGS LIMITED,Mr John Albert Worley,"KINGFISHER COURT, AVONPARK, BATH, BA2 7JS","Southsea, PO5 2DA, 10 Victoria Road South",gov.uk/companies-house,route appears in evidence naming the individual,Sat Aug 01 2026 16:49:08 GMT+0500 (Pakistan Standard Time),1,no,"officers.items[].address for BARR, Elizabeth Mary: KINGFISHER COURT, AVONPARK, BATH, BA2 7JS",none,"defensible — a director-filed service address, adjudicated, not the registered office and not shared",true
ent_ch_14568277,YABO FAMILY OFFICE LTD,Mr Yabo Cui,"LONDON STREET, READING, RG1 4QA","Reading, United Kingdom, RG1 4QA, 99 London Street",gov.uk/companies-house,route appears in evidence naming the individual,Sat Aug 01 2026 15:54:28 GMT+0500 (Pakistan Standard Time),1,YES,"officers.items[].address for CUI, Yabo: LONDON STREET, READING, RG1 4QA",matches the company registered office,REVIEW — the flags above weaken the personal-route claim,false
ent_ch_16324237,YANIK FAMILY INVESTMENT LTD,"YANIK, Ibrahim","OFFICE 3 & 4, LONDON, N3 2LN","London, United Kingdom, N3 2LN, 338a Regents Park Road",gov.uk/companies-house,route appears in evidence naming the individual,Sat Aug 01 2026 16:06:56 GMT+0500 (Pakistan Standard Time),1,no,"officers.items[].address for YANIK, Ibrahim: OFFICE 3 & 4, LONDON, N3 2LN",none,"defensible — a director-filed service address, adjudicated, not the registered office and not shared",true
ent_ch_13208943,YUILL FAMILY HOLDINGS LIMITED,Mr David James Holland,"UPPER HARLESTONE, NORTHAMPTON, NN7 4EL","Northampton, United Kingdom, NN7 4EL, Barn 4 Yew Tree Farm",gov.uk/companies-house,route appears in evidence naming the individual,Sat Aug 01 2026 17:17:13 GMT+0500 (Pakistan Standard Time),1,no,"officers.items[].address for YUILL, Ian Trevor: UPPER HARLESTONE, NORTHAMPTON, NN7 4EL",none,"defensible — a director-filed service address, adjudicated, not the registered office and not shared",true
ent_ch_15014088,ZAKHARIA FAMILY HOLDINGS LIMITED,Mr Kalpesh Shah,"MARLBOROUGH HOUSE, 298 REGENTS PARK ROAD, FINCHLEY, N3 2SZ","Finchley, United Kingdom, N3 2SZ, 3rd Floor Marlborough House",gov.uk/companies-house,route appears in evidence naming the individual,Sat Aug 01 2026 17:11:02 GMT+0500 (Pakistan Standard Time),1,YES,"officers.items[].address for SHAH, Kalpesh: MARLBOROUGH HOUSE, 298 REGENTS PARK ROAD, FINCHLEY, N3 2SZ",matches the company registered office,REVIEW — the flags above weaken the personal-route claim,false
ent_ch_12167015,ZUTSHI FAMILY HOLDINGS LTD,Mr Simon Wyndham Hope Zutshi,"BIZ HUB TEES VALLEY, BELASIS HALL TECHNOLOGY PARK, BILLINGHAM, TS23 4EA","Billingham, United Kingdom, TS23 4EA, C/O Ocg Accountants Ltd Biz Hub Tees Valley",gov.uk/companies-house,route appears in evidence naming the individual,Sat Aug 01 2026 16:34:30 GMT+0500 (Pakistan Standard Time),38,YES,"officers.items[].address for ZUTSHI, Simon Wyndham Hope: BIZ HUB TEES VALLEY, BELASIS HALL TECHNOLOGY PARK, BILLINGHAM, TS23 4EA",shared with 37 other route(s) in this file; matches the company registered office,REVIEW — the flags above weaken the personal-route claim,false
