entityId,name,entityType,classification,commercialState,strictReachable,profileAssistedReachable,postalReachable,principalName,principalTitle,principalPhone,principalProfile,officerName,officerPostalAddress,legalName,country,city,postcode,releasedValues,bestSourceTier,newestObservation,quarantinedValues
ent_adv_801_100393,"WEALTH DIMENSIONS FAMILY OFFICE, INC",unconfirmed_registered_adviser,,qualifying,false,false,false,"PETTIT, KENTON, KELLER",SHAREHOLDER AND FINANCIAL ADVISOR,,,,,"WEALTH DIMENSIONS FAMILY OFFICE, INC",United States,CINCINNATI,,15,1,Fri Jul 31 2026 15:30:13 GMT+0500 (Pakistan Standard Time),0
ent_adv_801_111938,"CLASS VI FAMILY OFFICE, LLC",unconfirmed_registered_adviser,,qualifying,false,false,false,"McCaslin, Luke, Austin",CCO,,,,,"CLASS VI FAMILY OFFICE, LLC",United States,DENVER,,13,1,Fri Jul 31 2026 15:29:39 GMT+0500 (Pakistan Standard Time),0
ent_adv_801_115046,HOLDUN FAMILY OFFICE LLC,unconfirmed_registered_adviser,,qualifying,false,true,false,"BLANK, MICHAEL, ARLEN",MANAGING DIRECTOR,,https://www.linkedin.com/in/mr-marian-stupka-569286b,,,HOLDUN FAMILY OFFICE LLC,United States,MIAMI,,12,1,Fri Jul 31 2026 18:18:17 GMT+0500 (Pakistan Standard Time),0
ent_adv_801_116725,"PIONEER FAMILY OFFICE, LLC",unconfirmed_registered_adviser,,qualifying,false,true,false,"Gonen, Dafna",CHIEF COMPLIANCE OFFICER;CHIEF OPERATIONS OFFICER;HEAD OF CLIENT SERVICES,,https://www.linkedin.com/in/aviram-nahum-450600243,,,"PIONEER FAMILY OFFICE, LLC",United States,NORTH MIAMI BEACH,,16,1,Sat Aug 01 2026 17:29:53 GMT+0500 (Pakistan Standard Time),0
ent_adv_801_116726,"INSCRIPTION FAMILY OFFICE, LLC",unconfirmed_registered_adviser,,qualifying,false,true,false,"TRULLENQUE, ALVARO",MANAGING MEMBER & CHIEF COMPLIANCE OFFICER,,https://www.linkedin.com/in/alvarotrullenque,,,"INSCRIPTION FAMILY OFFICE, LLC",United States,HOUSTON,,10,1,Sat Aug 01 2026 17:30:00 GMT+0500 (Pakistan Standard Time),0
ent_adv_801_118157,"ALPHA CAPITAL FAMILY OFFICE, LLC",unconfirmed_registered_adviser,,qualifying,false,false,false,"DIESCHBOURG, MICHAEL, THOMAS","CCO, CIO, CEO",,,,,"ALPHA CAPITAL FAMILY OFFICE, LLC",United States,GREENWOOD VILLAGE,,9,1,Fri Jul 31 2026 15:29:04 GMT+0500 (Pakistan Standard Time),0
ent_adv_801_118235,"BT FAMILY OFFICE, LLC",unconfirmed_registered_adviser,,qualifying,false,false,false,"Allegra, Lorrie, Tomlinson",CHIEF COMPLIANCE OFFICER,,,,,"BT FAMILY OFFICE, LLC",United States,ATLANTA,,9,1,Fri Jul 31 2026 15:30:52 GMT+0500 (Pakistan Standard Time),0
ent_adv_801_118396,WEALTHGATE FAMILY OFFICE LLC,unconfirmed_registered_adviser,,qualifying,false,true,false,"MOORE, GALEN, MICHAEL",CHIEF COMPLIANCE OFFICER,,https://www.linkedin.com/in/michaeltmoorejr,,,WEALTHGATE FAMILY OFFICE LLC,United States,BOULDER,,12,1,Sat Aug 01 2026 17:30:08 GMT+0500 (Pakistan Standard Time),0
ent_adv_801_119576,"FREEDOM FAMILY OFFICE, LLC",unconfirmed_registered_adviser,,qualifying,false,false,false,"ROSENFARB, RONALD, GABRIEL",CHIEF COMPLIANCE OFFICER,,,,,"FREEDOM FAMILY OFFICE, LLC",United States,PARKLAND,,9,1,Fri Jul 31 2026 15:31:57 GMT+0500 (Pakistan Standard Time),0
ent_adv_801_121953,"WPA FAMILY OFFICE, LLC",unconfirmed_registered_adviser,,qualifying,false,true,false,"BEESON, TYLER, GREGORY","MANAGING DIRECTOR, WEALTH ADVISOR & PORTFOLIO MANAGER",,https://www.linkedin.com/in/lindsayilizaliturri,,,"WPA FAMILY OFFICE, LLC",United States,DALLAS,,18,1,Fri Jul 31 2026 18:29:13 GMT+0500 (Pakistan Standard Time),0
ent_adv_801_122258,"FINANCIAL GRAVITY FAMILY OFFICE SERVICES, LLC",unconfirmed_registered_adviser,,qualifying,false,true,false,"WINTERS, SCOTT, CHRISTOPHER",COO,,https://www.linkedin.com/in/jennifer-winters-mba-63b6028a,,,"FINANCIAL GRAVITY FAMILY OFFICE SERVICES, LLC",United States,LAKEWAY,,16,1,Fri Jul 31 2026 18:29:19 GMT+0500 (Pakistan Standard Time),0
ent_adv_801_122766,INTERPLAY FAMILY OFFICE LLC,unconfirmed_registered_adviser,,qualifying,false,true,false,"ZHANG, CHRIS",CHIEF COMPLIANCE OFFICER/CIO/PARTNER,,https://www.linkedin.com/in/andrewjleahy,,,INTERPLAY FAMILY OFFICE LLC,United States,NEW YORK,,16,1,Fri Jul 31 2026 18:29:24 GMT+0500 (Pakistan Standard Time),0
ent_adv_801_123712,ADAMO CAPITAL FAMILY OFFICE  LLC,unconfirmed_registered_adviser,,qualifying,false,false,false,"GUTIERREZ ZALDIVAR, SANTIAGO",MANAGING DIRECTOR / CCO,,,,,ADAMO CAPITAL FAMILY OFFICE  LLC,United States,MIAMI,,9,1,Fri Jul 31 2026 15:32:44 GMT+0500 (Pakistan Standard Time),0
ent_adv_801_127146,"TAYLOR FRIGON FAMILY OFFICE, LLC",unconfirmed_registered_adviser,,qualifying,false,false,false,"CONNOLLY, DOUGLAS, E",CHIEF COMPLIANCE OFFICER,,,,,"TAYLOR FRIGON FAMILY OFFICE, LLC",United States,SCOTTSDALE,,9,1,Fri Jul 31 2026 15:32:37 GMT+0500 (Pakistan Standard Time),0
ent_adv_801_127476,"WAVELAND FAMILY OFFICE, LLC",unconfirmed_registered_adviser,,qualifying,false,true,false,"ZASLAVSKY, DENNIS, M.",MANAGING MEMBER AND CHIEF COMPLIANCE OFFICER,,https://www.linkedin.com/in/dennis-m-zaslavsky-760aa53b,,,"WAVELAND FAMILY OFFICE, LLC",United States,DEERFIELD,,12,1,Fri Jul 31 2026 18:18:27 GMT+0500 (Pakistan Standard Time),0
ent_adv_801_128023,"ALCALA MULTI FAMILY OFFICE, LLC",unconfirmed_registered_adviser,multi_family_office,qualifying,false,false,false,"AIKINS, GIL, O",CHIEF EXECUTIVE OFFICER,,,,,"ALCALA MULTI FAMILY OFFICE, LLC",United States,NEW YORK,,12,1,Fri Jul 31 2026 15:31:10 GMT+0500 (Pakistan Standard Time),0
ent_adv_801_128127,"DCA FAMILY OFFICE, LLC",unconfirmed_registered_adviser,,qualifying,false,true,false,"LAYTON, CASEY, A.",MEMBER,,https://www.linkedin.com/in/craig-mitchell-876521b,,,"DCA FAMILY OFFICE, LLC",United States,ROSEVILLE,,22,1,Fri Jul 31 2026 18:07:33 GMT+0500 (Pakistan Standard Time),0
ent_adv_801_129455,BROADSTREET FAMILY OFFICE LLC,unconfirmed_registered_adviser,,qualifying,false,true,false,"MANCINI, NICHOLAS, JOESEPH","MANAGING MEMBER, CHIEF COMPLIANCE OFFICER",,https://www.linkedin.com/in/nicholasmancini15,,,BROADSTREET FAMILY OFFICE LLC,United States,SOMERS,,10,1,Fri Jul 31 2026 18:07:38 GMT+0500 (Pakistan Standard Time),0
ent_adv_801_130947,"PMG FAMILY OFFICE, LLC",unconfirmed_registered_adviser,,qualifying,false,true,false,"BLAKE, WILLIAM, FREDRICK",CHIEF EXECUTIVE OFFICER & CHIEF COMPLIANCE OFFICER,,https://www.linkedin.com/in/wfblake,,,"PMG FAMILY OFFICE, LLC",United States,PLANO,,10,1,Fri Jul 31 2026 18:07:43 GMT+0500 (Pakistan Standard Time),0
ent_adv_801_131066,"FOUNTAINHEAD MULTI-FAMILY OFFICE, LLC",unconfirmed_registered_adviser,multi_family_office,qualifying,false,true,false,"HALPERN, JOSEPH",CHIEF INVESTMENT OFFICER & CHIEF COMPLIANCE OFFICER,,https://www.linkedin.com/in/joseph-halpern-27608b1,,,"FOUNTAINHEAD MULTI-FAMILY OFFICE, LLC",United States,NEW CANAAN,,13,1,Fri Jul 31 2026 18:07:48 GMT+0500 (Pakistan Standard Time),0
ent_adv_801_131739,FIVE ELEVEN FAMILY OFFICE LLC,unconfirmed_registered_adviser,,qualifying,false,false,false,"CROFTON, ANDREW, TAYLOR",MEMBER AND PRESIDENT,,,,,FIVE ELEVEN FAMILY OFFICE LLC,United States,GARDEN CITY,,13,1,Fri Jul 31 2026 15:29:30 GMT+0500 (Pakistan Standard Time),0
ent_adv_801_61413,FIFTH AVENUE FAMILY OFFICE LLC,unconfirmed_registered_adviser,,qualifying,false,true,false,"SHOEMAKER, KYLE, JASON",MANAGING MEMBER,,https://www.linkedin.com/in/benjaminpricenm,,,FIFTH AVENUE FAMILY OFFICE LLC,United States,NAPLES,,14,1,Sat Aug 01 2026 17:30:20 GMT+0500 (Pakistan Standard Time),0
ent_adv_801_71580,"SOCIUS FAMILY OFFICE, LLC",unconfirmed_registered_adviser,,qualifying,false,true,false,"MELIA, KAYLYN, E.",COO/CCO,,https://www.linkedin.com/in/kaylyn-melia-acevedo-9b69a5101,,,"SOCIUS FAMILY OFFICE, LLC",United States,FORT LAUDERDALE,,10,1,Fri Jul 31 2026 18:09:08 GMT+0500 (Pakistan Standard Time),0
ent_adv_801_72840,"TFO FAMILY OFFICE PARTNERS, INC.",unconfirmed_registered_adviser,,qualifying,false,true,false,"HORN, SCOTT, MICHAEL",CHIEF COMPLIANCE OFFICER,,https://www.linkedin.com/in/chriserblich,,,"TFO FAMILY OFFICE PARTNERS, INC.",United States,PHOENIX,,14,1,Fri Jul 31 2026 18:29:35 GMT+0500 (Pakistan Standard Time),0
ent_ch_00392482,LINTON FAMILY (HOLDINGS) LTD,unconfirmed,,qualifying,false,true,false,"LINTON, Vivienne Jennifer",,,https://uk.linkedin.com/in/brian-fenn-651695b8,"LINTON, Vivienne Jennifer",,LINTON FAMILY (HOLDINGS) LTD,United Kingdom,London,NW5 1RT,16,1,Fri Jul 31 2026 18:09:18 GMT+0500 (Pakistan Standard Time),0
ent_ch_00490503,HAYWARD FAMILY HOLDINGS LIMITED,unconfirmed,single_family_office,qualifying,false,true,false,Mr Robert Brandon Hayward,,,https://uk.linkedin.com/in/sarah-jayne-hayward-8805b798,"HAYWARD, Robert Brandon",,HAYWARD FAMILY HOLDINGS LIMITED,United Kingdom,Tonbridge,TN11 8PD,14,1,Sat Aug 01 2026 17:30:25 GMT+0500 (Pakistan Standard Time),0
ent_ch_00533151,KINGDOM LEGACY TRUST,unconfirmed,,qualifying,false,true,true,"TYRELL, John",,,https://uk.linkedin.com/in/julian-bond-97304810,"TYRELL, John","GLADE HILL ROAD, NOTTINGHAM, NG5 5SA",KINGDOM LEGACY TRUST,United Kingdom,Ilkeston,DE7 8DG,16,1,Fri Jul 31 2026 18:29:40 GMT+0500 (Pakistan Standard Time),0
ent_ch_00790103,BERKMANN FAMILY HOLDINGS LIMITED,unconfirmed,single_family_office,qualifying,false,true,true,Mr Rupert Anthony Berkmann,,,https://uk.linkedin.com/in/sarah-clark-4850b6a3,"RAJ, Nitkuna Raj Vimala","2 RUE HONORE LABANDE, 98000 MONACO",BERKMANN FAMILY HOLDINGS LIMITED,United Kingdom,London,EC1R 4RR,22,1,Sat Aug 01 2026 17:30:31 GMT+0500 (Pakistan Standard Time),0
ent_ch_01315306,HUGHES (FAMILY BAKERS) HOLDINGS LIMITED,unconfirmed,,qualifying,false,true,true,"HARTLEY, Philip",,,https://uk.linkedin.com/in/colin-davies-6968b9100,"HARTLEY, Philip","TUNWELL LANE, BRADFORD, BD2 2HH",HUGHES (FAMILY BAKERS) HOLDINGS LIMITED,United Kingdom,Manchester,M20 6WN,18,1,Sat Aug 01 2026 17:30:37 GMT+0500 (Pakistan Standard Time),0
ent_ch_01317804,MAX THOMAS FAMILY HOLDINGS LTD,unconfirmed,single_family_office,qualifying,false,true,false,Mr Michael Paul Thomas,,,https://www.linkedin.com/in/ellen-thomas-b94833149,"NEWSON, Angela Christine",,MAX THOMAS FAMILY HOLDINGS LTD,United Kingdom,London,N21 3NA,14,1,Sat Aug 01 2026 17:44:28 GMT+0500 (Pakistan Standard Time),0
ent_ch_01331161,SCHEINER FAMILY TRUST LIMITED(THE),unconfirmed,,qualifying,false,true,true,Mrs Edith Scheiner,,,https://www.linkedin.com/in/edith-scheiner-2787085,"SCHEINER, Edith","10 WESTERN AVENUE, LONDON, NW11 9HH",SCHEINER FAMILY TRUST LIMITED(THE),United Kingdom,London,E1W 9US,15,1,Fri Jul 31 2026 18:09:28 GMT+0500 (Pakistan Standard Time),0
ent_ch_01915516,FAMILY INVESTMENT MANAGEMENT LIMITED,unconfirmed,,qualifying,false,true,false,"ISLAM, Jamshaid",,,https://cr.linkedin.com/in/josie-green-8932b875,"ISLAM, Jamshaid",,FAMILY INVESTMENT MANAGEMENT LIMITED,United Kingdom,Brighton,BN1 2RL,15,1,Sat Aug 01 2026 17:30:44 GMT+0500 (Pakistan Standard Time),0
ent_ch_02257387,KEY FAMILY HOLDINGS LIMITED,unconfirmed,,qualifying,false,true,false,Ms Josephine Jane Scragg,,,https://www.linkedin.com/in/andrewkey,"KEY, James Andrew",,KEY FAMILY HOLDINGS LIMITED,United Kingdom,Stoke-On-Trent,ST4 2PH,13,1,Fri Jul 31 2026 18:29:47 GMT+0500 (Pakistan Standard Time),0
ent_ch_03585991,FAMILY LEISURE HOLDINGS LIMITED,unconfirmed,,qualifying,false,true,true,"BENNETT, Gary Roger",,,https://uk.linkedin.com/in/mark-jepp-31a0601b2,"BENNETT, Gary Roger","1585 BROADWAY, NEW YORK, 10036",FAMILY LEISURE HOLDINGS LIMITED,United Kingdom,London,W1F 0UD,15,1,Sat Aug 01 2026 17:30:50 GMT+0500 (Pakistan Standard Time),0
ent_ch_03610982,DAMAZEIN FAMILY OFFICE LTD,unconfirmed,,qualifying,false,false,false,Mr Andrew Damian Perl,,,,"PERL, Maria Daniela, Mrs.",,DAMAZEIN FAMILY OFFICE LTD,United Kingdom,London,WC1N 3AX,10,1,Fri Jul 31 2026 13:41:19 GMT+0500 (Pakistan Standard Time),0
ent_ch_03722036,REGENT FAMILY OFFICE LTD,unconfirmed,,qualifying,false,true,false,Dr Selvanayagam Pankayachelvan,,,https://uk.linkedin.com/in/mehedi-alam-601a3b3,"ALAM, Mehedi",,REGENT FAMILY OFFICE LTD,United Kingdom,London,W1W 5BD,14,1,Sat Aug 01 2026 17:30:57 GMT+0500 (Pakistan Standard Time),0
ent_ch_03824685,HERITAGE PROPERTY SOUTHERN LIMITED,unconfirmed,,qualifying,false,true,true,Mr Simon Kevin Reeves,,,https://uk.linkedin.com/in/simon-reeves-74a41a16b,"REEVES, Simon Kevin","ROSSITERS COPSE, BARTLEY ROAD WOODLANDS, SOUTHAMPTON, SO40 7GQ",HERITAGE PROPERTY SOUTHERN LIMITED,United Kingdom,Southampton,SO14 3TJ,13,1,Fri Jul 31 2026 18:09:44 GMT+0500 (Pakistan Standard Time),0
ent_ch_04126971,FAMILY OFFICE ANALYTICS LTD,unconfirmed,,qualifying,false,true,true,Mr Alastair Michael William Graham,,,https://uk.linkedin.com/in/konstanze-graham-33981740,"GRAHAM, Konstanze Margarete","PARK ROAD, HAMPTON WICK, KINGSTON UPON THAMES, KT1 4AS",FAMILY OFFICE ANALYTICS LTD,United Kingdom,Kingston Upon Thames,KT1 4AS,13,1,Sat Aug 01 2026 17:31:02 GMT+0500 (Pakistan Standard Time),0
ent_ch_04397963,DALZIEL FAMILY HOLDINGS LIMITED,unconfirmed,single_family_office,qualifying,false,true,true,Mrs Jennifer Dalziel,,,https://uk.linkedin.com/in/robert-dalziel-08a4312,"DALZIEL, Robert Stephen","ALBION STREET, BRIERLEY HILL, DY5 3EE",DALZIEL FAMILY HOLDINGS LIMITED,United Kingdom,Brierley Hill,DY5 3EE,16,1,Fri Jul 31 2026 18:09:50 GMT+0500 (Pakistan Standard Time),0
ent_ch_04426067,HERITAGE SECURED FUNDING LIMITED,unconfirmed,,qualifying,false,false,false,Mr John Carrier,,,,"CARRIER, John",,HERITAGE SECURED FUNDING LIMITED,United Kingdom,Oswestry,SY11 4NL,12,1,Fri Jul 31 2026 13:54:59 GMT+0500 (Pakistan Standard Time),0
ent_ch_04683645,PCR FAMILY HOLDINGS LIMITED,unconfirmed,,qualifying,false,true,true,Mr David John White,,,https://ca.linkedin.com/in/john-m-white-6b594849,"WHITE, David John","MARSHALLS WAY, UPPER CALDECOTE, BIGGLESWADE, SG18 9GX",PCR FAMILY HOLDINGS LIMITED,United Kingdom,Biggleswade,SG18 9GX,12,1,Sat Aug 01 2026 17:31:08 GMT+0500 (Pakistan Standard Time),0
ent_ch_05012244,HERITAGE INDEPENDENT FINANCIAL ADVISERS LIMITED,unconfirmed,,qualifying,false,false,true,"SHACKLETON, James Michael",,,,"SHACKLETON, James Michael","WAKEFIELD HOUSE, MANOR HOUSE LANE WATER ORTON, BIRMINGHAM, B46 1NL",HERITAGE INDEPENDENT FINANCIAL ADVISERS LIMITED,United Kingdom,London,EC4N 6HL,14,1,Fri Jul 31 2026 13:55:30 GMT+0500 (Pakistan Standard Time),0
ent_ch_05064449,FAMILY CARE ASSOCIATES (HOLDINGS) LIMITED,unconfirmed,,qualifying,false,true,false,Mr Philip Matthew Williamson,,,https://www.linkedin.com/in/matthew-edward-williamson,"WILLIAMSON, Andrew Thomas",,FAMILY CARE ASSOCIATES (HOLDINGS) LIMITED,United Kingdom,Chorley,PR7 6RA,15,1,Fri Jul 31 2026 18:09:57 GMT+0500 (Pakistan Standard Time),0
ent_ch_06121114,FERGUSON PARTNERS FAMILY OFFICE LIMITED,unconfirmed,,qualifying,false,false,true,Dr Steen Ehlern,,,,"EHLERN, Steen, Dr","315/3R SEEFLED STRASSE, ZURICH, 8008",FERGUSON PARTNERS FAMILY OFFICE LIMITED,United Kingdom,London,SW1H 0BL,11,1,Fri Jul 31 2026 13:41:37 GMT+0500 (Pakistan Standard Time),1
ent_ch_06254698,CAROLINE BAKER FAMILY OFFICE LIMITED,unconfirmed,single_family_office,qualifying,false,true,false,Miss Caroline Lucy Baker,,,https://uk.linkedin.com/in/caroline-baker-37238383,"KAEMPFER, Lucas Benjamin",,CAROLINE BAKER FAMILY OFFICE LIMITED,United Kingdom,London,SW10 0QJ,14,1,Sat Aug 01 2026 17:31:18 GMT+0500 (Pakistan Standard Time),0
ent_ch_07103745,HERITAGE FINANCIAL LIMITED,unconfirmed,,qualifying,false,true,false,"COOPER, John Robert",,,https://uk.linkedin.com/in/johncooper5,"COOPER, John Robert",,HERITAGE FINANCIAL LIMITED,United Kingdom,Christchurch,BH23 1QL,14,1,Fri Jul 31 2026 18:29:56 GMT+0500 (Pakistan Standard Time),0
ent_ch_07398800,DAGAN FAMILY INVESTMENT COMPANY LIMITED,unconfirmed,,qualifying,false,false,true,Mr Gary Raymond Nunnen,,,,"NUNNEN, Gary Raymond","THE BRIARS, SOUTHPORT, PR8 4QU",DAGAN FAMILY INVESTMENT COMPANY LIMITED,United Kingdom,Southport,PR8 4QU,11,1,Sat Aug 01 2026 16:21:22 GMT+0500 (Pakistan Standard Time),0
ent_ch_07565150,JLL FAMILY HOLDINGS LIMITED,unconfirmed,,qualifying,false,false,false,Mr Chin-Lioung Leung Kai Yuen,,,,"PANCHKOWRY, Leena",,JLL FAMILY HOLDINGS LIMITED,United Kingdom,London,SE15 4SE,12,1,Sat Aug 01 2026 17:25:05 GMT+0500 (Pakistan Standard Time),0
ent_ch_07579815,DECCAN HERITAGE FOUNDATION LIMITED,unconfirmed,,qualifying,false,false,true,Mr Stephane Bloch Saloz,,,,"PHILON, Helene","ONE BKC, BANDRA KURLA COMPLEX, MUMBAI, 400 051",DECCAN HERITAGE FOUNDATION LIMITED,United Kingdom,London,SW1H 0BL,18,1,Fri Jul 31 2026 13:53:15 GMT+0500 (Pakistan Standard Time),1
ent_ch_07599185,THE FAMILY OFFICE LONDON LIMITED,unconfirmed,,qualifying,false,true,true,Mr Sebastian Lyle,,,https://uk.linkedin.com/in/sebastian-lyle-94954550,"LYLE, Sebastian","POLSTEAD ROAD, OXFORD, OX2 6TN",THE FAMILY OFFICE LONDON LIMITED,United Kingdom,London,EC4V 4DP,13,1,Sat Aug 01 2026 17:31:29 GMT+0500 (Pakistan Standard Time),0
ent_ch_07732945,HOLT FAMILY (HOLDINGS) LIMITED,unconfirmed,,qualifying,false,true,true,"HOLT, Robert Luke",,,https://www.linkedin.com/in/michael-holt-8b2687a1,"HOLT, Robert Luke","GILSTEAD LANE, BINGLEY, BD16 3LN",HOLT FAMILY (HOLDINGS) LIMITED,United Kingdom,Bingley,BD16 3LN,15,1,Sat Aug 01 2026 17:31:35 GMT+0500 (Pakistan Standard Time),0
ent_ch_07741390,TYAGI FAMILY INVESTMENT COMPANY LTD,unconfirmed,single_family_office,qualifying,false,true,true,Ms Niharika Tyagi,,,https://au.linkedin.com/in/niharika-tyagi-33673b87,"GUPTA, Rekha, Dr","LONSDALE HOUSE, HIGH STREET, LUTTERWORTH, LE17 4AD",TYAGI FAMILY INVESTMENT COMPANY LTD,United Kingdom,Chalfont St Giles,HP8 4BL,16,1,Fri Jul 31 2026 18:10:10 GMT+0500 (Pakistan Standard Time),0
ent_ch_07918146,MALHOTRA FAMILY HOLDINGS LIMITED,unconfirmed,,qualifying,false,true,true,"MALHOTRA, Jagmohan",,,https://in.linkedin.com/in/varunmalhotra2,"MALHOTRA, Jagmohan","7-9 GROAT MARKET, NEWCASTLE UPON TYNE, NE1 1UQ",MALHOTRA FAMILY HOLDINGS LIMITED,United Kingdom,Newcastle Upon Tyne,NE1 6AE,17,1,Fri Jul 31 2026 18:30:03 GMT+0500 (Pakistan Standard Time),0
ent_ch_07931194,WIMMER FAMILY OFFICE LTD,unconfirmed,,qualifying,false,true,false,Mrs Aida Feriz,,,https://uk.linkedin.com/in/joppe-sikma-6ab637146,"SIKMA, Joppe",,WIMMER FAMILY OFFICE LTD,United Kingdom,London,SW1A 1HD,12,1,Fri Jul 31 2026 18:30:08 GMT+0500 (Pakistan Standard Time),0
ent_ch_07951596,BONAS FAMILY HOLDINGS LIMITED,unconfirmed,,qualifying,false,false,false,Mr Andreas Eduard Gubser,,,,"MILLER, Carol",,BONAS FAMILY HOLDINGS LIMITED,United Kingdom,London,EC1N 6RY,13,1,Sat Aug 01 2026 16:56:47 GMT+0500 (Pakistan Standard Time),0
ent_ch_08285184,PUMA HERITAGE LIMITED,unconfirmed,,qualifying,false,false,false,"POSEN, Michael David",,,,"POSEN, Michael David",,PUMA HERITAGE LIMITED,United Kingdom,Worthing,BN99 3HH,12,1,Fri Jul 31 2026 13:50:18 GMT+0500 (Pakistan Standard Time),1
ent_ch_08364250,HERITAGE SQUARE LIMITED,unconfirmed,,qualifying,false,false,false,"POSEN, Michael David",,,,"POSEN, Michael David",,HERITAGE SQUARE LIMITED,United Kingdom,Worthing,BN99 3HH,13,1,Fri Jul 31 2026 13:55:18 GMT+0500 (Pakistan Standard Time),1
ent_ch_08480238,HERITAGE DEVELOPMENT COMPANY LIVERPOOL CIC,unconfirmed,,qualifying,false,true,true,"JULIENNE, Maria Barbara Henrietta",,,https://uk.linkedin.com/in/louis-julienne-84b9a539,"JULIENNE, Maria Barbara Henrietta","ERROL STREET, LIVERPOOL, L17 7DH",HERITAGE DEVELOPMENT COMPANY LIVERPOOL CIC,United Kingdom,Liverpool,L17 8UU,15,1,Fri Jul 31 2026 18:30:15 GMT+0500 (Pakistan Standard Time),0
ent_ch_08552261,FREELANDS FAMILY INVESTMENT GROUP LTD,unconfirmed,,qualifying,false,true,false,Ms Elisabeth Murdoch,,,https://uk.linkedin.com/in/mark-devereux-75660414,"DEVEREUX, Mark Jonathan",,FREELANDS FAMILY INVESTMENT GROUP LTD,United Kingdom,London,EC1R 0AA,13,1,Sat Aug 01 2026 17:31:45 GMT+0500 (Pakistan Standard Time),0
ent_ch_08643772,THE BARTON FAMILY HOLDINGS LIMITED,unconfirmed,single_family_office,qualifying,false,false,false,Mr Charles Howard Barton,,,https://uk.linkedin.com/in/anita-barton-04217b112,"BARTON, Anita Louise",,THE BARTON FAMILY HOLDINGS LIMITED,United Kingdom,Lancaster,LA1 1PP,15,1,Sat Aug 01 2026 17:31:51 GMT+0500 (Pakistan Standard Time),0
ent_ch_08722653,WORTH FAMILY HOLDINGS LIMITED,unconfirmed,single_family_office,qualifying,false,true,false,Mr Peter James Worth,,,https://uk.linkedin.com/in/john-worth-a3167099,"WORTH, Rachel Catherine",,WORTH FAMILY HOLDINGS LIMITED,United Kingdom,Bedford,MK41 0LX,16,1,Sat Aug 01 2026 17:35:32 GMT+0500 (Pakistan Standard Time),1
ent_ch_08733330,HERITAGE INVESTMENT MANAGEMENT LIMITED,unconfirmed,,qualifying,false,true,true,Mrs Karen Chennells,,,https://uk.linkedin.com/in/david-chennells-271aba51,"CHENNELLS, Karen","WARREN ESTATE, LORDSHIP ROAD, WRITTLE, CM1 3WT",HERITAGE INVESTMENT MANAGEMENT LIMITED,United Kingdom,Writtle,CM1 3WT,14,1,Fri Jul 31 2026 18:30:21 GMT+0500 (Pakistan Standard Time),0
ent_ch_08973373,ENCORE FAMILY OFFICE LIMITED,unconfirmed,,qualifying,false,true,false,Mr Richard James Wood,,,https://uk.linkedin.com/in/richardkarlwood,"ALFEROVS, Igors",,ENCORE FAMILY OFFICE LIMITED,United Kingdom,Sutton Coldfield,B74 2SL,13,1,Fri Jul 31 2026 18:30:26 GMT+0500 (Pakistan Standard Time),0
ent_ch_09092103,QUINN FAMILY HOLDINGS LTD,unconfirmed,single_family_office,qualifying,false,true,true,Mr Andrew John Quinn,,,https://uk.linkedin.com/in/rhiannon-quinn-124010117,"QUINN, Andrew John","PENRHOS MANOR, OAK DRIVE, COLWYN BAY, L29 7YW",QUINN FAMILY HOLDINGS LTD,United Kingdom,Colwyn Bay,LL29 7YW,16,1,Fri Jul 31 2026 18:30:31 GMT+0500 (Pakistan Standard Time),0
ent_ch_09109625,SIMON FAMILY OFFICE INSURES LIMITED,unconfirmed,,qualifying,false,true,false,Mr Simon Justin Nixon,,,https://uk.linkedin.com/in/david-bowles-62034483,"BOWLES, David Charles",,SIMON FAMILY OFFICE INSURES LIMITED,United Kingdom,London,EC3V 0XL,12,1,Sat Aug 01 2026 17:35:37 GMT+0500 (Pakistan Standard Time),3
ent_ch_09191775,HERITAGE INDEPENDENT FINANCIAL CONSULTANCY LTD,unconfirmed,,qualifying,false,true,true,Mr Jonathan Mark Hutchins,,,https://uk.linkedin.com/in/jonathan-hutchins-b979793b,"HUTCHINS, Jonathan Mark","SHERLANDS HEIGHTS, TAUNTON, TA1 5FG",HERITAGE INDEPENDENT FINANCIAL CONSULTANCY LTD,United Kingdom,Taunton,TA2 6BG,13,1,Fri Jul 31 2026 18:10:35 GMT+0500 (Pakistan Standard Time),0
ent_ch_09205509,LEGACY WILLS AND TRUSTS (NORTHWICH) LIMITED,unconfirmed,,qualifying,false,false,true,Mr Clayton Lee Shipton,,,,"SHIPTON, Clayton Lee","1208/1210 LONDON ROAD, LEIGH ON SEA, SS9 2UA",LEGACY WILLS AND TRUSTS (NORTHWICH) LIMITED,United Kingdom,Leigh-On-Sea,SS9 2UA,12,1,Fri Jul 31 2026 13:49:44 GMT+0500 (Pakistan Standard Time),0
ent_ch_09216450,MKB FAMILY HOLDINGS LTD,unconfirmed,,qualifying,false,false,true,Mr Manoj Kumar Badale,,,,"BADALE, Manoj Kumar","58 WOOD LANE, LONDON, W12 7RZ",MKB FAMILY HOLDINGS LTD,United Kingdom,London,W12 7RZ,11,1,Fri Jul 31 2026 13:43:32 GMT+0500 (Pakistan Standard Time),0
ent_ch_09250656,POMMES D'OR FAMILY OFFICE LIMITED,unconfirmed,,qualifying,false,true,false,Mr Alessandro Mele,,,https://uk.linkedin.com/in/alessandromele1971,"MELE, Alexandra",,POMMES D'OR FAMILY OFFICE LIMITED,United Kingdom,Haywards Heath,RH16 4BJ,15,1,Fri Jul 31 2026 18:30:38 GMT+0500 (Pakistan Standard Time),0
ent_ch_09260947,STADDEN FORBES FAMILY OFFICE LTD,unconfirmed,single_family_office,qualifying,false,true,true,Mr Robert Forbes,,,https://uk.linkedin.com/in/robertforbessf,"FORBES, Robert","CORNWALL AVENUE, LONDON, N3 1LF",STADDEN FORBES FAMILY OFFICE LTD,United Kingdom,London,N3 1LF,13,1,Fri Jul 31 2026 18:10:42 GMT+0500 (Pakistan Standard Time),0
ent_ch_09268005,WATSON FAMILY INVESTMENT COMPANY,unconfirmed,single_family_office,qualifying,false,false,false,Mr Andrew John Watson,,,,"FLOWER, Sarah Ann, Dr",,WATSON FAMILY INVESTMENT COMPANY,United Kingdom,Doncaster,DN11 9QY,14,1,Sat Aug 01 2026 16:09:45 GMT+0500 (Pakistan Standard Time),0
ent_ch_09318104,SUTTON FAMILY HOLDINGS LTD,unconfirmed,single_family_office,qualifying,false,true,true,Calum James Calder Sutton,,,https://www.linkedin.com/in/calder-sutton,"SUTTON, Calum James Calder","GRESHAM ST, LONDON, EC2V 7BG",SUTTON FAMILY HOLDINGS LTD,United Kingdom,London,EC2V 7BG,13,1,Sat Aug 01 2026 17:35:46 GMT+0500 (Pakistan Standard Time),1
ent_ch_09319634,TATTON FAMILY HOLDINGS LIMITED,unconfirmed,single_family_office,qualifying,false,true,true,Mr David Edward Tatton,,,https://uk.linkedin.com/in/david-tatton-0901b8a,"TATTON, David Edward","10 WESTMINSTER ROAD, MACCLESFIELD, SK10 1BX",TATTON FAMILY HOLDINGS LIMITED,United Kingdom,Macclesfield,SK11 0QU,14,1,Sat Aug 01 2026 17:35:52 GMT+0500 (Pakistan Standard Time),0
ent_ch_09344469,RVPV FAMILY OFFICE LIMITED,unconfirmed,,qualifying,false,true,true,Mr Murali Karthik,,,https://www.linkedin.com/in/karthik-murali-7b67bb15,"VAJJALA, Naga Prabhakar, Dr","SPALDING WAY, C/O N PRABHAKAR VAJJALA, C/O DR V PISUPATI, CAMBRIDGE, CB1 8NP",RVPV FAMILY OFFICE LIMITED,United Kingdom,Cambridge,CB1 8NP,13,1,Sat Aug 01 2026 17:35:58 GMT+0500 (Pakistan Standard Time),0
ent_ch_09366188,THE FAMILY (HOLDINGS) LTD.,unconfirmed,,qualifying,false,true,true,"ZAGURY, Alice Emilie, Dr",,,https://fr.linkedin.com/in/jean-jacques-augier-45788a16,"ZAGURY, Alice Emilie, Dr","RUE SAINT-ANDRÉ DES ARTS, PARIS, 75006",THE FAMILY (HOLDINGS) LTD.,United Kingdom,London,EC4M 7AN,13,1,Sat Aug 01 2026 17:36:03 GMT+0500 (Pakistan Standard Time),0
ent_ch_09448681,HERITAGE WEALTH SOLUTIONS LTD,unconfirmed,,qualifying,false,true,true,Mr Andrew Robert Dodd,,,https://uk.linkedin.com/in/andrew-dodd-013283b1,"DODD, Andrew Robert","ING LANE OFF OLD LANE, WEST SLAITHWAITE ROAD, HUDDERSFIELD, HD7 5XA",HERITAGE WEALTH SOLUTIONS LTD,United Kingdom,Huddersfield,HD7 5AL,12,1,Fri Jul 31 2026 18:10:47 GMT+0500 (Pakistan Standard Time),0
ent_ch_09462136,SMITH FAMILY HOLDINGS LIMITED,unconfirmed,single_family_office,qualifying,false,false,false,Mr Henry Thomas Smith,,,,"QUAIL, Laurence Richard",,SMITH FAMILY HOLDINGS LIMITED,United Kingdom,London,EC2A 3BS,13,1,Sat Aug 01 2026 17:25:57 GMT+0500 (Pakistan Standard Time),0
ent_ch_09464732,PERPETUA FAMILY OFFICE LIMITED,unconfirmed,,qualifying,false,false,false,Mr David Armytage Dean,,,,"SCHMIDLE, Klaus Gebhard",,PERPETUA FAMILY OFFICE LIMITED,United Kingdom,London,W1K 3JS,17,1,Fri Jul 31 2026 13:41:06 GMT+0500 (Pakistan Standard Time),0
ent_ch_09519529,JACKSON FAMILY HOLDINGS LIMITED,unconfirmed,single_family_office,qualifying,false,true,false,Mary Jackson,,,https://www.linkedin.com/in/anthony-jackson-6b0b2110b,"JACKSON, George Anthony",,JACKSON FAMILY HOLDINGS LIMITED,United Kingdom,London,SE7 7RX,16,1,Sat Aug 01 2026 17:36:11 GMT+0500 (Pakistan Standard Time),0
ent_ch_09578499,SHAW FAMILY HOLDINGS LIMITED,unconfirmed,single_family_office,qualifying,false,true,false,Mrs Tracy Marie Shaw,,,https://uk.linkedin.com/in/simon-shaw-42485750,"SHAW, Tracy Marie",,SHAW FAMILY HOLDINGS LIMITED,United Kingdom,Lincoln,LN2 5AE,15,1,Sat Aug 01 2026 17:36:17 GMT+0500 (Pakistan Standard Time),0
ent_ch_09586417,JOHN SYKES FAMILY INVESTMENT FUND LTD,unconfirmed,,qualifying,false,true,false,"SYKES, Annabelle Elizabeth",,,https://uk.linkedin.com/in/andrewjstrong,"SYKES, Annabelle Elizabeth",,JOHN SYKES FAMILY INVESTMENT FUND LTD,United Kingdom,Reading,RG1 2HG,12,1,Fri Jul 31 2026 18:10:59 GMT+0500 (Pakistan Standard Time),0
ent_ch_09597855,DEMETRIOU FAMILY HOLDINGS LIMITED,unconfirmed,single_family_office,qualifying,false,false,true,Miss Anna Demetriou,,,,"KOUNNIS, Antony Mavroudhis","FULBOURNE ROAD, WALTHAMSTOW, E17 4EE",DEMETRIOU FAMILY HOLDINGS LIMITED,United Kingdom,Walthamstow,E17 4EE,14,1,Sat Aug 01 2026 16:51:29 GMT+0500 (Pakistan Standard Time),0
ent_ch_09657170,GRANT FAMILY HOLDINGS LIMITED,unconfirmed,single_family_office,qualifying,false,true,true,Ms Katy Rachel Grant,,,https://www.linkedin.com/in/rachel-grant-0baa75364,"GRANT, Benjamin Paul","56/60 ST. JOHN STREET, LONDON, EC1M 4DT",GRANT FAMILY HOLDINGS LIMITED,United Kingdom,Greenford,UB6 0FX,19,1,Fri Jul 31 2026 18:30:44 GMT+0500 (Pakistan Standard Time),0
ent_ch_09686568,CLAYDON FAMILY HOLDINGS LIMITED,unconfirmed,single_family_office,qualifying,false,true,false,Mrs Denise Margaret Claydon,,,https://uk.linkedin.com/in/denise-claydon-435bb019,"CLAYDON, Spencer Dominic Matthew",,CLAYDON FAMILY HOLDINGS LIMITED,United Kingdom,Royston,SG8 9JN,20,1,Sat Aug 01 2026 17:36:23 GMT+0500 (Pakistan Standard Time),0
ent_ch_09730061,BATHLA FAMILY INVESTMENT COMPANY,unconfirmed,single_family_office,qualifying,false,false,false,Dr Vijay Bathla,,,,"BATHLA, Vijay, Dr",,BATHLA FAMILY INVESTMENT COMPANY,United Kingdom,London,EC2A 4NE,14,1,Sat Aug 01 2026 16:13:00 GMT+0500 (Pakistan Standard Time),0
ent_ch_09738826,SMITH FAMILY TRUST CORPORATION LIMITED,unconfirmed,,qualifying,false,true,true,Mr Henry Thomas Smith,,,https://uk.linkedin.com/in/thomas-smith-76342b134,"ROGERS, James Edward","CORDY HOUSE, 87-95 CURTAIN ROAD, LONDON, EC2A 3BS",SMITH FAMILY TRUST CORPORATION LIMITED,United Kingdom,London,EC2A 3BS,16,1,Fri Jul 31 2026 18:11:10 GMT+0500 (Pakistan Standard Time),0
ent_ch_09759092,TIME FAMILY OFFICE LIMITED,unconfirmed,,qualifying,false,true,true,Mr Louis Antoine De Girard De Charbonnieres,,,https://uk.linkedin.com/in/sbouhabib,"BOUHABIB, Sami","NORTH AUDLEY STREET, 2ND FLOOR - ROOM 2.05, LONDON, W1K 6WE",TIME FAMILY OFFICE LIMITED,United Kingdom,London,W1K 6WE,12,1,Sat Aug 01 2026 17:36:33 GMT+0500 (Pakistan Standard Time),0
ent_ch_09879171,TUSTAIN FAMILY INVESTMENT COMPANY LIMITED,unconfirmed,single_family_office,qualifying,false,false,false,Mr John Bernard Tustain,,,,"TUSTAIN, Samuel Thomas",,TUSTAIN FAMILY INVESTMENT COMPANY LIMITED,United Kingdom,Droitwich,WR9 0NN,16,1,Sat Aug 01 2026 16:03:08 GMT+0500 (Pakistan Standard Time),0
ent_ch_09892011,ADDYMAN FAMILY INVESTMENT COMPANY LIMITED,unconfirmed,single_family_office,qualifying,false,false,false,Mr Nicholas James Addyman,,,,"ADDYMAN, Lucy Elena",,ADDYMAN FAMILY INVESTMENT COMPANY LIMITED,United Kingdom,Lewes,BN8 5DY,14,1,Sat Aug 01 2026 16:16:02 GMT+0500 (Pakistan Standard Time),0
ent_ch_09928539,FAMILY OFFICE SOLUTIONS LIMITED,unconfirmed,,qualifying,false,false,true,Mr Michael Richard Field,,,,"FIELD, Michael Richard","FAIRFIELD CLOSE, EDENBRIDGE, TN8 5FJ",FAMILY OFFICE SOLUTIONS LIMITED,United Kingdom,Edenbridge,TN8 5FJ,12,1,Sat Aug 01 2026 15:56:38 GMT+0500 (Pakistan Standard Time),0
ent_ch_09972720,CRAIG FAMILY HOLDINGS LIMITED,unconfirmed,single_family_office,qualifying,false,true,true,Stephen George Craig,,,https://www.linkedin.com/in/craig-stephen-7202896,"CRAIG, Stephen George","LONDON ROAD, IPSWICH, IP1 2HA",CRAIG FAMILY HOLDINGS LIMITED,United Kingdom,Ipswich,IP1 2HA,15,1,Sat Aug 01 2026 17:36:42 GMT+0500 (Pakistan Standard Time),0
ent_ch_09984032,POTTER FAMILY HOLDINGS LIMITED,unconfirmed,single_family_office,qualifying,false,true,false,Mr Adrian Geoffrey Potter,,,https://uk.linkedin.com/in/adrian-potter-2345892b,"POTTER, Susan Joan",,POTTER FAMILY HOLDINGS LIMITED,United Kingdom,Thirsk,YO7 4BZ,14,1,Sat Aug 01 2026 17:36:49 GMT+0500 (Pakistan Standard Time),0
ent_ch_10000047,BEERSTECHER FAMILY INVESTMENT COMPANY LTD,unconfirmed,single_family_office,qualifying,false,false,true,Mr Simon Mark Beerstecher,,,,"BEERSTECHER, Simon Mark","32-33 WATLING STREET, CANTERBURY, CT1 2AN",BEERSTECHER FAMILY INVESTMENT COMPANY LTD,United Kingdom,Canterbury,CT1 2AN,13,1,Sat Aug 01 2026 16:04:44 GMT+0500 (Pakistan Standard Time),0
ent_ch_10026579,SHALIMAR FAMILY INVESTMENT COMPANY LIMITED,unconfirmed,,qualifying,false,true,true,Mr Melvin Anthony Lawson,,,https://www.linkedin.com/in/anthony-lawson-a2b924163,"MISHON, Pauline Janice","FLOOR 6,, 4 THOMAS MORE SQUARE, LONDON, E1W 1YW",SHALIMAR FAMILY INVESTMENT COMPANY LIMITED,United Kingdom,London,E1W 1YW,15,1,Sat Aug 01 2026 17:36:55 GMT+0500 (Pakistan Standard Time),0
ent_ch_10038201,PALL MALL FAMILY OFFICE LTD,unconfirmed,,qualifying,false,true,true,Mr David Simon Alexander,,,https://uk.linkedin.com/in/david-alexander-f-r-s-a-25a544,"ALEXANDER, David Simon","MILL LANE, TAPLOW, SL6 0AG",PALL MALL FAMILY OFFICE LTD,United Kingdom,Taplow,SL6 0AG,12,1,Fri Jul 31 2026 18:30:49 GMT+0500 (Pakistan Standard Time),0
ent_ch_10136930,MCCARTHY FAMILY INVESTMENT COMPANY LIMITED,unconfirmed,single_family_office,qualifying,false,true,false,Mrs Clare Louise Williams,,,https://www.linkedin.com/in/johnmccarthy71,"WILLIAMS, Clare Louise",,MCCARTHY FAMILY INVESTMENT COMPANY LIMITED,United Kingdom,Cardiff,CF10 1FS,14,1,Sat Aug 01 2026 17:37:01 GMT+0500 (Pakistan Standard Time),0
ent_ch_10146912,MARGETTS FAMILY HOLDINGS LIMITED,unconfirmed,single_family_office,qualifying,false,true,true,Mrs Helen Margetts,,,https://www.linkedin.com/in/john-margetts-86611139,"MARGETTS, Lucas John","THE STREET, DORKING, RH55JZ",MARGETTS FAMILY HOLDINGS LIMITED,United Kingdom,Dorking,RH5 5JZ,15,1,Sat Aug 01 2026 17:37:06 GMT+0500 (Pakistan Standard Time),0
ent_ch_10168000,BAKER FAMILY HOLDINGS LIMITED,unconfirmed,single_family_office,qualifying,false,true,false,Mrs Judith Elizabeth Baker,,,https://www.linkedin.com/in/judith-baker-7882ba13,"BAKER, Judith Elizabeth",,BAKER FAMILY HOLDINGS LIMITED,United Kingdom,Stowmarket,IP14 2ED,15,1,Sat Aug 01 2026 17:37:12 GMT+0500 (Pakistan Standard Time),0
ent_ch_10178432,KING FAMILY HOLDINGS LIMITED,unconfirmed,single_family_office,qualifying,false,true,false,Tristan Anthony King,,,https://www.linkedin.com/in/nelson-king-5129139,"KING, Nelson Melvyn",,KING FAMILY HOLDINGS LIMITED,United Kingdom,Retford,DN22 7TH,16,1,Fri Jul 31 2026 18:11:15 GMT+0500 (Pakistan Standard Time),0
ent_ch_10262751,STRONG FAMILY HOLDINGS LIMITED,unconfirmed,single_family_office,qualifying,false,false,true,Mr Kenneth Royston Strong,,,,"STRONG, Kenneth Royston","3 ST. MARY STREET, CHIPPENHAM, SN15 3JJ",STRONG FAMILY HOLDINGS LIMITED,United Kingdom,Chippenham,SN15 3JJ,16,1,Sat Aug 01 2026 16:32:53 GMT+0500 (Pakistan Standard Time),0
ent_ch_10305447,SELLITTO FAMILY HOLDINGS LIMITED,unconfirmed,single_family_office,qualifying,false,true,true,Miss Teresa Antonietta Sellitto,,,https://it.linkedin.com/in/antonietta-sellitto-9a952a76,"SELLITTO, Teresa Antonietta","MARKET PLACE, LONG BUCKBY, NORTHAMPTON, NN6 7RR",SELLITTO FAMILY HOLDINGS LIMITED,United Kingdom,Northampton,NN6 7RR,24,1,Sat Aug 01 2026 15:47:33 GMT+0500 (Pakistan Standard Time),0
ent_ch_10317212,MCCARTHY HILL FAMILY OFFICE LTD,unconfirmed,single_family_office,qualifying,false,true,true,Mr Gavin Michael Hill,,,https://uk.linkedin.com/in/gavin-hill-85767748,"HILL, Gavin Michael","OUTRAMS WHARF, LITTLE EATON, DERBY, DE21 5EL",MCCARTHY HILL FAMILY OFFICE LTD,United Kingdom,Derby,DE21 5EL,13,1,Sat Aug 01 2026 17:37:19 GMT+0500 (Pakistan Standard Time),0
ent_ch_10324130,WYNNE HOWARD FAMILY HOLDINGS LTD,unconfirmed,,qualifying,false,true,false,Mrs Patricia Wynne Smith,,,https://uk.linkedin.com/in/emma-clark-9aa211ba,"SMITH, Patricia Wynne",,WYNNE HOWARD FAMILY HOLDINGS LTD,United Kingdom,Billingham,TS23 4EA,13,1,Sat Aug 01 2026 17:37:24 GMT+0500 (Pakistan Standard Time),0
ent_ch_10337310,SINGH FAMILY HOLDINGS LTD,unconfirmed,single_family_office,qualifying,false,false,false,Dr Sevak Singh,,,,"SINGH, Sevak, Dr",,SINGH FAMILY HOLDINGS LTD,United Kingdom,Billingham,TS23 4EA,13,1,Sat Aug 01 2026 16:52:21 GMT+0500 (Pakistan Standard Time),0
ent_ch_10363573,ARAM FAMILY HOLDINGS LIMITED,unconfirmed,single_family_office,qualifying,false,true,true,Simon Michael James Aram,,,https://www.linkedin.com/in/simonappaharam,"ARAM, Simon Michael James","BEACONSFIELD, HP9 1NB",ARAM FAMILY HOLDINGS LIMITED,United Kingdom,Barnstaple,EX32 7BZ,14,1,Sat Aug 01 2026 17:37:31 GMT+0500 (Pakistan Standard Time),0
ent_ch_10368156,LONDON FAMILY OFFICE LIMITED,unconfirmed,,qualifying,false,false,false,Miss Yanrong Hou,,,,"HOU, Yanrong",,LONDON FAMILY OFFICE LIMITED,United Kingdom,London,EC1V 2PH,11,1,Sat Aug 01 2026 15:59:19 GMT+0500 (Pakistan Standard Time),0
ent_ch_10394434,GLOBAL FAMILY OFFICE LIMITED,unconfirmed,,qualifying,false,true,true,"DE LUCIA, Sofia",,,https://uk.linkedin.com/in/sofia-de-lucia-207255257,"DE LUCIA, Sofia","FAULKNER GARDENS, WICK, LITTLEHAMPTON, BN17 6GS",GLOBAL FAMILY OFFICE LIMITED,United Kingdom,Uckfield,TN22 1HN,13,1,Sat Aug 01 2026 17:37:37 GMT+0500 (Pakistan Standard Time),0
ent_ch_10440096,THE GOLDING FAMILY INVESTMENT COMPANY LIMITED,unconfirmed,single_family_office,qualifying,false,true,false,Mrs Janice Elizabeth Golding,,,https://uk.linkedin.com/in/barry-golding,"GOLDING, Janice Elizabeth",,THE GOLDING FAMILY INVESTMENT COMPANY LIMITED,United Kingdom,Chippenham,SN15 4RE,15,1,Fri Jul 31 2026 18:11:22 GMT+0500 (Pakistan Standard Time),0
ent_ch_10448375,ARISTOU FAMILY HOLDINGS LTD,unconfirmed,single_family_office,qualifying,false,false,true,Ms Salome Aristou,,,,"ARISTOU, Salome","BIZ HUB TEES VALLEY, BELASIS HALL TECHNOLOGY PARK, BILLINGHAM, TS23 4EA",ARISTOU FAMILY HOLDINGS LTD,United Kingdom,Billingham,TS23 4EA,13,1,Sat Aug 01 2026 16:39:02 GMT+0500 (Pakistan Standard Time),0
ent_ch_10449161,AJEGBO FAMILY HOLDINGS LTD,unconfirmed,single_family_office,qualifying,false,false,true,Ms Carol Joy Ajegbo,,,,"AJEGBO, Carol Joy","ADMIRALS WAY, CANARY WHARF, E14 9XL",AJEGBO FAMILY HOLDINGS LTD,United Kingdom,Canary Wharf,E14 9XL,13,1,Sat Aug 01 2026 17:25:21 GMT+0500 (Pakistan Standard Time),0
ent_ch_10496304,MEGACLOSE FAMILY HOLDINGS LIMITED,unconfirmed,,qualifying,false,false,true,Ms Maya Kanev-Lipinski,,,,"KANEV-LIPINSKI, Maya","NORTH SHERWOOD STREET, NOTTINGHAM, NG1 4EF",MEGACLOSE FAMILY HOLDINGS LIMITED,United Kingdom,Nottingham,NG1 4EF,11,1,Sat Aug 01 2026 17:17:17 GMT+0500 (Pakistan Standard Time),0
ent_ch_10520318,JH AND FAMILY HOLDINGS LIMITED,unconfirmed,,qualifying,false,true,false,"HUNDAL, Reena, Dr",,,https://www.linkedin.com/in/hundal-g-singh-89a71693,"HUNDAL, Reena, Dr",,JH AND FAMILY HOLDINGS LIMITED,United Kingdom,Harrow,HA1 2BY,12,1,Sat Aug 01 2026 17:37:47 GMT+0500 (Pakistan Standard Time),0
ent_ch_10524866,MCBAIN FAMILY INVESTMENT COMPANY LTD,unconfirmed,single_family_office,qualifying,false,true,false,Alastair David Mcbain,,,https://au.linkedin.com/in/almcbain,"MCBAIN, Oliver James",,MCBAIN FAMILY INVESTMENT COMPANY LTD,United Kingdom,Sheffield,S3 8DT,15,1,Sat Aug 01 2026 17:37:54 GMT+0500 (Pakistan Standard Time),1
ent_ch_10527864,STOWE FAMILY LAW HOLDINGS LIMITED,unconfirmed,,qualifying,false,true,true,"HAWKHEAD, Julian Jack",,,https://uk.linkedin.com/in/mornabunce,"HAWKHEAD, Julian Jack","RAGLAN STREET, HARROGATE, HG1 1LT",STOWE FAMILY LAW HOLDINGS LIMITED,United Kingdom,Leeds,LS1 5SH,16,1,Sat Aug 01 2026 17:37:59 GMT+0500 (Pakistan Standard Time),0
ent_ch_10531604,C&P HAJIPAPAS FAMILY HOLDINGS LIMITED,unconfirmed,,qualifying,false,false,false,"YIANNAKAS, Voula",,,,"YIANNAKAS, Voula",,C&P HAJIPAPAS FAMILY HOLDINGS LIMITED,United Kingdom,London,N13 5XT,12,1,Sat Aug 01 2026 16:53:09 GMT+0500 (Pakistan Standard Time),0
ent_ch_10545665,PATTERSON FAMILY HOLDINGS LTD,unconfirmed,single_family_office,qualifying,false,true,false,Mr Valentine Peter Patterson,,,https://www.linkedin.com/in/bridget-patterson-24160842,"PATTERSON, Valentine Peter",,PATTERSON FAMILY HOLDINGS LTD,United Kingdom,London,W7 2BD,14,1,Sat Aug 01 2026 17:38:05 GMT+0500 (Pakistan Standard Time),0
ent_ch_10549738,GG&R FAMILY HOLDINGS LTD,unconfirmed,,qualifying,false,true,false,Mr Graeme Robin Cottam,,,https://www.linkedin.com/in/robin-cottam-14b3a4101,"COTTAM, Graeme Robin",,GG&R FAMILY HOLDINGS LTD,United Kingdom,Petersfield,GU32 1BJ,13,1,Sat Aug 01 2026 17:38:12 GMT+0500 (Pakistan Standard Time),0
ent_ch_10560236,THE REISS FAMILY INVESTMENT COMPANY LIMITED,unconfirmed,,qualifying,false,true,false,"JOSEPH, Simon",,,https://uk.linkedin.com/in/simon-joseph-b523a112b,"JOSEPH, Simon",,THE REISS FAMILY INVESTMENT COMPANY LIMITED,United Kingdom,London,N6 5HX,12,1,Sat Aug 01 2026 17:38:17 GMT+0500 (Pakistan Standard Time),0
ent_ch_10576309,CARON & ROBERT DREYFUSS FAMILY INVESTMENT LIMITED,unconfirmed,single_family_office,qualifying,false,false,false,Caron Frances Dreyfuss,,,,"DREYFUSS, Caron Frances",,CARON & ROBERT DREYFUSS FAMILY INVESTMENT LIMITED,United Kingdom,London,WC2B 5AH,13,1,Sat Aug 01 2026 16:10:09 GMT+0500 (Pakistan Standard Time),0
ent_ch_10602471,BLASS FAMILY HOLDINGS LTD,unconfirmed,single_family_office,qualifying,false,true,false,Mr Richard Graham Blass,,,https://www.linkedin.com/in/linda-blass-myers-05a31719,"BLASS, Linda",,BLASS FAMILY HOLDINGS LTD,United Kingdom,Bexhill,TN39 5ES,15,1,Sat Aug 01 2026 17:38:24 GMT+0500 (Pakistan Standard Time),0
ent_ch_10603668,MAPLE FAMILY HOLDINGS LIMITED,unconfirmed,,qualifying,false,true,false,Mr Matthew Joseph Plaskow,,,https://uk.linkedin.com/in/edwardplaskow,"PLASKOW, Matthew Joseph",,MAPLE FAMILY HOLDINGS LIMITED,United Kingdom,London,N2 0EN,13,1,Sat Aug 01 2026 17:38:30 GMT+0500 (Pakistan Standard Time),0
ent_ch_10621693,BRADFORD FAMILY HOLDINGS LTD,unconfirmed,single_family_office,qualifying,false,true,false,Mr Stuart Elmer Bradford,,,https://uk.linkedin.com/in/stuart-bradford-25a84614,"BRADFORD, Susan",,BRADFORD FAMILY HOLDINGS LTD,United Kingdom,Harrogate,HG1 5EF,14,1,Sat Aug 01 2026 17:38:35 GMT+0500 (Pakistan Standard Time),0
ent_ch_10626560,LYNCH FAMILY HOLDINGS LTD,unconfirmed,single_family_office,qualifying,false,true,true,Mr David Philip Lynch,,,https://www.linkedin.com/in/david-lynch-3597692,"LYNCH, David Philip","ROMAN WAY, ST. MARGARETS-AT-CLIFFE, DOVER, CT15 6AH",LYNCH FAMILY HOLDINGS LTD,United Kingdom,Dover,CT15 6AH,13,1,Sat Aug 01 2026 17:38:42 GMT+0500 (Pakistan Standard Time),0
ent_ch_10626745,LYON FAMILY HOLDINGS LTD,unconfirmed,single_family_office,qualifying,false,true,false,Ms Geraldene Ann Lyon,,,https://www.linkedin.com/in/charles-lyon-46773465,"LYON, Geraldene Ann",,LYON FAMILY HOLDINGS LTD,United Kingdom,Billingham,TS23 4EA,15,1,Sat Aug 01 2026 17:38:47 GMT+0500 (Pakistan Standard Time),0
ent_ch_10639305,SAFIULLAH FAMILY HOLDINGS LTD,unconfirmed,single_family_office,qualifying,false,true,true,Mr Junaid Safiullah,,,https://uk.linkedin.com/in/junaid-safiullah-43608569,"SAFIULLAH, Junaid","BIZ HUB TEES VALLEY, BELASIS HALL TECHNOLOGY PARK, BILLINGHAM, TS23 4EA",SAFIULLAH FAMILY HOLDINGS LTD,United Kingdom,Billingham,TS23 4EA,13,1,Sat Aug 01 2026 17:38:52 GMT+0500 (Pakistan Standard Time),0
ent_ch_10639321,GUNN FAMILY HOLDINGS LTD,unconfirmed,single_family_office,qualifying,false,true,false,Helen Louise Garrett-Gunn,,,https://www.linkedin.com/in/garrettgunn,"GARRETT-GUNN, Helen Louise",,GUNN FAMILY HOLDINGS LTD,United Kingdom,Luton,LU1 3TD,15,1,Sat Aug 01 2026 17:38:59 GMT+0500 (Pakistan Standard Time),0
ent_ch_10644150,LUCE FAMILY INVESTMENT LTD,unconfirmed,single_family_office,qualifying,false,true,false,Mr Mark Philip Luce,,,https://www.linkedin.com/in/alexandraluce,"LUCE, Mark Philip",,LUCE FAMILY INVESTMENT LTD,United Kingdom,Winchester,SO23 8SR,15,1,Sat Aug 01 2026 17:39:04 GMT+0500 (Pakistan Standard Time),0
ent_ch_10651264,PP FAMILY OFFICE LIMITED,unconfirmed,,qualifying,false,true,true,Mrs Lisa Michelle Paris,,,https://www.linkedin.com/in/lisaparis22,"PARIS, Lisa Michelle","140 HIGH STREET, EDGWARE, HA8 7LW",PP FAMILY OFFICE LIMITED,United Kingdom,Edgware,HA8 7LW,15,1,Sat Aug 01 2026 17:45:05 GMT+0500 (Pakistan Standard Time),0
ent_ch_10662882,AJW FAMILY INVESTMENT COMPANY LIMITED,unconfirmed,,qualifying,false,true,false,Jessica Louise Burgess,,,https://uk.linkedin.com/in/andrew-burgess-94a48082,"BURGESS, Andrew Richard",,AJW FAMILY INVESTMENT COMPANY LIMITED,United Kingdom,Bristol,BS2 0ZX,13,1,Sat Aug 01 2026 17:39:12 GMT+0500 (Pakistan Standard Time),1
ent_ch_10673941,HORTON FAMILY HOLDINGS LTD,unconfirmed,single_family_office,qualifying,false,true,false,Mr Colin Edward Horton,,,https://www.linkedin.com/in/colin-horton,"HORTON, Colin Edward",,HORTON FAMILY HOLDINGS LTD,United Kingdom,Billingham,TS23 4EA,15,1,Sat Aug 01 2026 17:45:10 GMT+0500 (Pakistan Standard Time),0
ent_ch_10677389,THE SHENKMAN FAMILY INVESTMENT COMPANY,unconfirmed,single_family_office,qualifying,false,false,false,Mr Maximilian Ivan Michael Shenkman,,,,"SHENKMAN, Susan Mary",,THE SHENKMAN FAMILY INVESTMENT COMPANY,United Kingdom,Salisbury,SP3 4UF,15,1,Sat Aug 01 2026 16:01:48 GMT+0500 (Pakistan Standard Time),0
ent_ch_10688862,JONES FAMILY HOLDINGS LTD,unconfirmed,single_family_office,qualifying,false,true,false,Mr Harri Olo Jones,,,https://uk.linkedin.com/in/harri-k-jones,"JONES, Susan",,JONES FAMILY HOLDINGS LTD,United Kingdom,Billingham,TS23 4EA,14,1,Sat Aug 01 2026 17:39:20 GMT+0500 (Pakistan Standard Time),0
ent_ch_10690127,RICHARDS FAMILY HOLDINGS LIMITED,unconfirmed,single_family_office,qualifying,false,false,false,Mr David Pender Richards,,,,"EDEN, Robert",,RICHARDS FAMILY HOLDINGS LIMITED,United Kingdom,Banbury,OX16 4XD,14,1,Sat Aug 01 2026 16:56:36 GMT+0500 (Pakistan Standard Time),0
ent_ch_10696753,SEYMOUR FAMILY INVESTMENT COMPANY LIMITED,unconfirmed,single_family_office,qualifying,false,true,true,Mr Adam Hugh Seymour,,,https://uk.linkedin.com/in/adam-seymour-349b72259,"SEYMOUR, Adam Hugh","6 NEW STREET SQUARE, NEW FETTER LANE, LONDON, EC4A 3AQ",SEYMOUR FAMILY INVESTMENT COMPANY LIMITED,United Kingdom,London,EC4A 3AQ,13,1,Sat Aug 01 2026 17:39:31 GMT+0500 (Pakistan Standard Time),0
ent_ch_10729416,WILDER FAMILY HOLDINGS LTD,unconfirmed,single_family_office,qualifying,false,true,true,Mr Brian James Wilder,,,https://www.linkedin.com/in/brianwildercfp,"WILDER, Brian James","BIZ HUB TEES VALLEY, BELASIS HALL TECHNOLOGY PARK, BILLINGHAM, TS23 4EA",WILDER FAMILY HOLDINGS LTD,United Kingdom,Billingham,TS23 4EA,13,1,Sat Aug 01 2026 17:39:37 GMT+0500 (Pakistan Standard Time),0
ent_ch_10733196,PALADIN HERITAGE HOLDINGS LTD,unconfirmed,,qualifying,false,false,true,"NORFORD, Alexander Darryl",,,,"NORFORD, Alexander Darryl","HOLCOT LANE, SYWELL, NN6 0BG",PALADIN HERITAGE HOLDINGS LTD,United Kingdom,Sywell,NN6 0BG,12,1,Fri Jul 31 2026 13:52:31 GMT+0500 (Pakistan Standard Time),0
ent_ch_10741878,SOLEAS FAMILY HOLDINGS LTD,unconfirmed,single_family_office,qualifying,false,false,false,Ms Magdalene Lena Soleas,,,,"SOLEAS, Magdalene Lena",,SOLEAS FAMILY HOLDINGS LTD,United Kingdom,Billingham,TS23 4EA,13,1,Sat Aug 01 2026 16:51:40 GMT+0500 (Pakistan Standard Time),0
ent_ch_10751826,ALI LEGACY CAPITAL LTD,unconfirmed,,qualifying,false,false,false,Anfor Ali,,,,"ALI, Mujahid",,ALI LEGACY CAPITAL LTD,United Kingdom,Hoddesdon,EN11 9QH,12,1,Fri Jul 31 2026 13:48:44 GMT+0500 (Pakistan Standard Time),0
ent_ch_10757193,THOMASON FAMILY HOLDINGS LTD,unconfirmed,single_family_office,qualifying,false,false,false,Mr Paul Gideon Thomason,,,,"THOMASON, Paul Gideon",,THOMASON FAMILY HOLDINGS LTD,United Kingdom,Bexhill,TN39 5ES,13,1,Sat Aug 01 2026 16:46:21 GMT+0500 (Pakistan Standard Time),0
ent_ch_10788562,CARSON FAMILY HOLDINGS LTD,unconfirmed,single_family_office,qualifying,false,true,false,Mr Stephen Carson,,,https://uk.linkedin.com/in/stephen-carson-9203789,"CARSON, Shoshana Rosette",,CARSON FAMILY HOLDINGS LTD,United Kingdom,Billingham,TS23 4EA,14,1,Sat Aug 01 2026 17:39:49 GMT+0500 (Pakistan Standard Time),0
ent_ch_10793032,BADEJO FAMILY HOLDINGS LTD,unconfirmed,single_family_office,qualifying,false,true,false,Mrs Bolanle Bukola Badejo,,,https://ng.linkedin.com/in/adedayobadejo,"BADEJO, Bolanle Bukola",,BADEJO FAMILY HOLDINGS LTD,United Kingdom,Billingham,TS23 4EA,14,1,Sat Aug 01 2026 17:39:54 GMT+0500 (Pakistan Standard Time),0
ent_ch_10797364,WILLS FAMILY INVESTMENT CO LTD,unconfirmed,single_family_office,qualifying,false,true,false,Miss Lisa Wills,,,https://uk.linkedin.com/in/andrew-wills-180a18a8,"WILLS, Joanne",,WILLS FAMILY INVESTMENT CO LTD,United Kingdom,Ivybridge,PL21 0AD,19,1,Sat Aug 01 2026 17:40:00 GMT+0500 (Pakistan Standard Time),0
ent_ch_10811839,READING FAMILY INVESTMENT LIMITED,unconfirmed,single_family_office,qualifying,false,false,false,Mr David Thomas Reading,,,,"READING, Charles David",,READING FAMILY INVESTMENT LIMITED,United Kingdom,Corby,NN17 3AH,16,1,Sat Aug 01 2026 16:00:16 GMT+0500 (Pakistan Standard Time),0
ent_ch_10815714,RICHARDSON FAMILY HOLDINGS LIMITED,unconfirmed,single_family_office,qualifying,false,true,false,Mrs Samantha Richardson,,,https://www.linkedin.com/in/thomasjrichardson,"RICHARDSON, Samantha",,RICHARDSON FAMILY HOLDINGS LIMITED,United Kingdom,Peterborough,PE8 5TW,14,1,Sat Aug 01 2026 17:40:13 GMT+0500 (Pakistan Standard Time),0
ent_ch_10816140,MARTIN FAMILY INVESTMENT COMPANY LIMITED,unconfirmed,,qualifying,false,true,false,"MARTIN, Thomas Geoffrey",,,https://uk.linkedin.com/in/martinmthomas,"MARTIN, Thomas Geoffrey",,MARTIN FAMILY INVESTMENT COMPANY LIMITED,United Kingdom,Richmond,TW9 4AS,13,1,Sat Aug 01 2026 17:40:18 GMT+0500 (Pakistan Standard Time),0
ent_ch_10876208,SHA FAMILY OFFICE LTD,unconfirmed,,qualifying,false,true,true,Mr Sharnpreet Singh Buttar,,,https://hk.linkedin.com/in/kuldeep-singh-buttar-148b4613,"BUTTAR, Sharnpreet Singh","3 MERCHANT SQUARE, PADDINGTON, LONDON, W2 1BF",SHA FAMILY OFFICE LTD,United Kingdom,London,W2 1BF,12,1,Fri Jul 31 2026 18:11:33 GMT+0500 (Pakistan Standard Time),0
ent_ch_10896880,PHILLIPS FAMILY HOLDINGS LTD,unconfirmed,single_family_office,qualifying,false,true,false,Christina Lesley Lias As Executor Of The Estate Of Gerald Phillips,,,https://www.linkedin.com/in/christina-phillips-52793b12a,"WEEKS, Samantha Christine",,PHILLIPS FAMILY HOLDINGS LTD,United Kingdom,Billingham,TS23 4EA,16,1,Sat Aug 01 2026 17:40:26 GMT+0500 (Pakistan Standard Time),0
ent_ch_10899982,THE M FAMILY INVESTMENT COMPANY LIMITED,unconfirmed,,qualifying,false,false,false,Mr Kenya Matsumoto,,,,"MATSUMOTO, Miho",,THE M FAMILY INVESTMENT COMPANY LIMITED,United Kingdom,London,WC2B 5AH,12,1,Sat Aug 01 2026 16:16:36 GMT+0500 (Pakistan Standard Time),0
ent_ch_10906075,BURTON FAMILY HOLDINGS LTD,unconfirmed,single_family_office,qualifying,false,true,false,Ms Tania Deborah Pilkington,,,https://www.linkedin.com/in/james-burton-aa1904291,"BURTON, James Lionel",,BURTON FAMILY HOLDINGS LTD,United Kingdom,London,SW9 8DA,14,1,Sat Aug 01 2026 17:40:32 GMT+0500 (Pakistan Standard Time),0
ent_ch_10906179,M & V LEWIS FAMILY HOLDINGS LTD,unconfirmed,single_family_office,qualifying,false,false,false,Mr Marcus John Attlee Lewis,,,,"LEWIS, Marcus John Attlee",,M & V LEWIS FAMILY HOLDINGS LTD,United Kingdom,London,SW9 8DA,12,1,Sat Aug 01 2026 16:35:08 GMT+0500 (Pakistan Standard Time),0
ent_ch_10906185,A & C LEWIS FAMILY HOLDINGS LTD,unconfirmed,single_family_office,qualifying,false,true,false,Mr Alexander Harold Langford Lewis,,,https://www.linkedin.com/in/lewislangford,"LEWIS, Camilla Jacqueline",,A & C LEWIS FAMILY HOLDINGS LTD,United Kingdom,London,SW9 8DA,14,1,Sat Aug 01 2026 17:40:38 GMT+0500 (Pakistan Standard Time),0
ent_ch_10909023,TRM HERITAGE LIMITED,unconfirmed,,qualifying,false,true,true,Mr Timothy Robert Meiris,,,https://uk.linkedin.com/in/timothy-meiris-69508a86?trk=public_profile_browsemap,"MEIRIS, Timothy Robert","HERITAGE GARDENS, PORTCHESTER, FAREHAM, PO16 9BZ",TRM HERITAGE LIMITED,United Kingdom,Fareham,PO16 9BZ,13,1,Fri Jul 31 2026 18:11:38 GMT+0500 (Pakistan Standard Time),0
ent_ch_10931193,GELLING FAMILY OFFICE LIMITED,unconfirmed,single_family_office,qualifying,false,false,false,Mrs Alexandra Louise Hartley Gelling,,,,"GELLING, Alexandra Louise Hartley",,GELLING FAMILY OFFICE LIMITED,United Kingdom,Newmarket,CB8 7GJ,13,1,Sat Aug 01 2026 15:50:16 GMT+0500 (Pakistan Standard Time),0
ent_ch_10937176,KLM FAMILY INVESTMENT COMPANY LIMITED,unconfirmed,,qualifying,false,false,false,Mrs Valerie Ann Millard,,,,"MILLARD, Kenneth Leslie, Mr.",,KLM FAMILY INVESTMENT COMPANY LIMITED,United Kingdom,Huntingdon,PE28 3PY,13,1,Sat Aug 01 2026 16:16:14 GMT+0500 (Pakistan Standard Time),0
ent_ch_10937186,ERM FAMILY INVESTMENT COMPANY LIMITED,unconfirmed,,qualifying,false,true,true,Mr. Edward Thomas William Millard,,,https://uk.linkedin.com/in/rosemary-millard-38230b12,"MILLARD, Rosemary Anne","THE SHIRES, CHATTERIS, PE16 6DQ",ERM FAMILY INVESTMENT COMPANY LIMITED,United Kingdom,Chatteris,PE16 6DQ,15,1,Sat Aug 01 2026 17:40:46 GMT+0500 (Pakistan Standard Time),0
ent_ch_10943288,TRM FAMILY INVESTMENT COMPANY LIMITED,unconfirmed,,qualifying,false,true,false,Mr. Roy John Millard,,,https://uk.linkedin.com/in/roy-millard-00369921,"MILLARD, Roy John, Mr.",,TRM FAMILY INVESTMENT COMPANY LIMITED,United Kingdom,March,PE15 0RN,14,1,Sat Aug 01 2026 17:40:51 GMT+0500 (Pakistan Standard Time),0
ent_ch_10945840,LOBBAN FAMILY HOLDINGS LTD,unconfirmed,single_family_office,qualifying,false,true,true,Mr Kane Lobban,,,https://nz.linkedin.com/in/klobban,"LOBBAN, Kane","BIZ HUB TEES VALLEY, BELASIS HALL TECHNOLOGY PARK, BILLINGHAM, TS23 4EA",LOBBAN FAMILY HOLDINGS LTD,United Kingdom,Billingham,TS23 4EA,13,1,Sat Aug 01 2026 17:40:57 GMT+0500 (Pakistan Standard Time),0
ent_ch_10955775,BAYLEY FAMILY HOLDINGS LTD,unconfirmed,single_family_office,qualifying,false,true,false,Mrs Gail Julie Robson-Bayley,,,https://uk.linkedin.com/in/trevor-bayley-3356776a,"BAYLEY, Trevor Charles Rowan",,BAYLEY FAMILY HOLDINGS LTD,United Kingdom,Redcar,TS10 1RS,14,1,Sat Aug 01 2026 17:41:02 GMT+0500 (Pakistan Standard Time),0
ent_ch_11031775,RALPH FAMILY OFFICE LIMITED,unconfirmed,single_family_office,qualifying,false,true,false,Mr Jan De Ridder Ralph,,,https://uk.linkedin.com/in/jan-ralph-440673389,"RALPH, Melanie Lynette",,RALPH FAMILY OFFICE LIMITED,United Kingdom,London,W1S 4JL,14,1,Fri Jul 31 2026 18:31:03 GMT+0500 (Pakistan Standard Time),0
ent_ch_11037136,WILLWAY LEGACY LTD,unconfirmed,,qualifying,false,true,true,Mr Christopher Fooks,,,https://uk.linkedin.com/in/christopher-fooks-3498361a4,"FOOKS, Christopher","4-6 SPICER STREET, ST. ALBANS, AL3 4PQ",WILLWAY LEGACY LTD,United Kingdom,St. Albans,AL3 4PQ,23,1,Sat Aug 01 2026 15:48:30 GMT+0500 (Pakistan Standard Time),0
ent_ch_11048242,KESSLER FAMILY HOLDINGS LTD,unconfirmed,single_family_office,qualifying,false,true,false,Peter Kessler,,,https://www.linkedin.com/in/greg-kessler-91221510,"KESSLER, Gregory Peter",,KESSLER FAMILY HOLDINGS LTD,United Kingdom,Billingham,TS23 4EA,17,1,Sat Aug 01 2026 17:41:08 GMT+0500 (Pakistan Standard Time),0
ent_ch_11057096,BACON FAMILY HOLDINGS LTD,unconfirmed,single_family_office,qualifying,false,true,false,Mr Peter Graham Kenneth Bacon,,,https://au.linkedin.com/in/peter-bacon-mdea-191a3020,"HANLON, Katherine Lesley",,BACON FAMILY HOLDINGS LTD,United Kingdom,Billingham,TS23 4EA,14,1,Sat Aug 01 2026 17:41:13 GMT+0500 (Pakistan Standard Time),0
ent_ch_11065001,MCGINLEY FAMILY CHARITABLE TRUST,unconfirmed,,qualifying,false,true,false,Mr Seamus Patrick Mcginley,,,https://uk.linkedin.com/in/patrick-mcginley-536ba4115,"MCGINLEY, Seamus Patrick",,MCGINLEY FAMILY CHARITABLE TRUST,United Kingdom,Barnet,EN5 5TZ,14,1,Fri Jul 31 2026 18:31:08 GMT+0500 (Pakistan Standard Time),0
ent_ch_11084807,ABOOTALEBI FAMILY HOLDINGS LTD,unconfirmed,single_family_office,qualifying,false,false,false,Ms Laila Hamidi-Manesh,,,,"HAMIDI-MANESH, Laila",,ABOOTALEBI FAMILY HOLDINGS LTD,United Kingdom,Canary Wharf,E14 9XL,14,1,Sat Aug 01 2026 17:01:52 GMT+0500 (Pakistan Standard Time),0
ent_ch_11118419,LEWCZYNSKI FAMILY HOLDINGS LTD,unconfirmed,single_family_office,qualifying,false,false,true,Mr Mark Zbigniew Lewczynski,,,,"LEWCZYNSKI, Mark Zbigniew","BIZ HUB TEES VALLEY, BELASIS HALL TECHNOLOGY PARK, BILLINGHAM, TS23 4EA",LEWCZYNSKI FAMILY HOLDINGS LTD,United Kingdom,Billingham,TS23 4EA,12,1,Sat Aug 01 2026 16:56:14 GMT+0500 (Pakistan Standard Time),0
ent_ch_11137409,WALLACE FAMILY INVESTMENT CO. LIMITED,unconfirmed,single_family_office,qualifying,false,true,false,Kylie Ann Hunter,,,https://www.linkedin.com/in/margaretjwallace,"WALLACE, Phillip Owen",,WALLACE FAMILY INVESTMENT CO. LIMITED,United Kingdom,Loughton,IG10 4PL,17,1,Sat Aug 01 2026 17:45:28 GMT+0500 (Pakistan Standard Time),0
ent_ch_11137710,STANBRIDGE FAMILY OFFICE LTD,unconfirmed,,qualifying,false,true,false,"SHARLEY, Susan Jayne",,,https://uk.linkedin.com/in/michael-fordham-a3a32026,"SHARLEY, Susan Jayne",,STANBRIDGE FAMILY OFFICE LTD,United Kingdom,Southampton,SO32 3NB,16,1,Sat Aug 01 2026 17:41:26 GMT+0500 (Pakistan Standard Time),0
ent_ch_11165342,REGAN FAMILY HOLDINGS LIMITED,unconfirmed,single_family_office,qualifying,false,true,true,Mrs Emma Regan,,,https://uk.linkedin.com/in/emma-regan-9ba78640,"REGAN, Emma","SHIRLEY ROAD, RUSHDEN, NN10 6BZ",REGAN FAMILY HOLDINGS LIMITED,United Kingdom,Rushden,NN10 6BZ,16,1,Sat Aug 01 2026 17:41:31 GMT+0500 (Pakistan Standard Time),0
ent_ch_11213617,CAVENDISH FAMILY OFFICE (LONDON) LIMITED,unconfirmed,,qualifying,false,true,false,Mrs Tracy Estcourt,,,https://uk.linkedin.com/in/markestcourt,"ESTCOURT, Tracy Pamela",,CAVENDISH FAMILY OFFICE (LONDON) LIMITED,United Kingdom,Sheffield,S11 8AE,13,1,Sat Aug 01 2026 17:41:36 GMT+0500 (Pakistan Standard Time),0
ent_ch_11241871,NBC FAMILY HOLDINGS LIMITED,unconfirmed,,qualifying,false,true,false,Ms Catherine Alexandra Bauer,,,https://www.linkedin.com/in/catherinebauer5,"BAUER, Catherine Alexandra",,NBC FAMILY HOLDINGS LIMITED,United Kingdom,Billingham,TS23 4EA,13,1,Sat Aug 01 2026 17:41:43 GMT+0500 (Pakistan Standard Time),0
ent_ch_11251210,HOOKER FAMILY HOLDINGS LTD,unconfirmed,single_family_office,qualifying,false,true,false,Mr Stephen John Hooker,,,https://www.linkedin.com/in/denise-hooker-08,"HOOKER, Stephen John",,HOOKER FAMILY HOLDINGS LTD,United Kingdom,Billingham,TS23 4EA,14,1,Sat Aug 01 2026 17:41:49 GMT+0500 (Pakistan Standard Time),0
ent_ch_11260750,ANDREWS FAMILY HOLDINGS LIMITED,unconfirmed,single_family_office,qualifying,false,true,true,Mr Christopher John Andrews,,,https://www.linkedin.com/in/chandrews,"ANDREWS, Christopher John","FRANCIS STREET, LEICESTER, LE2 2BD",ANDREWS FAMILY HOLDINGS LIMITED,United Kingdom,Leicester,LE2 2BD,13,1,Sat Aug 01 2026 17:41:54 GMT+0500 (Pakistan Standard Time),0
ent_ch_11265787,SPRINGFIELD FAMILY INVESTMENT COMPANY,unconfirmed,,qualifying,false,false,false,Duncan Robert Spooner,,,,"SPOONER, Katy Helen",,SPRINGFIELD FAMILY INVESTMENT COMPANY,United Kingdom,Bath,BA1 5RA,12,1,Sat Aug 01 2026 16:05:41 GMT+0500 (Pakistan Standard Time),0
ent_ch_11266953,VANN FAMILY HOLDINGS LIMITED,unconfirmed,single_family_office,qualifying,false,false,true,Mr Michael Richard Vann,,,,"HOMER, Arnold John","HILLWOOD ROAD, FOUR OAKS, SUTTON COLDFIELD, B75 5QP",VANN FAMILY HOLDINGS LIMITED,United Kingdom,West Midlands,WS2 9NW,16,1,Sat Aug 01 2026 16:33:25 GMT+0500 (Pakistan Standard Time),0
ent_ch_11268917,AKROYD FAMILY INVESTMENT COMPANY LIMITED,unconfirmed,single_family_office,qualifying,false,false,false,Mr Nicholas Akroyd,,,,"AKROYD, Nicholas",,AKROYD FAMILY INVESTMENT COMPANY LIMITED,United Kingdom,Ashford,TW15 1HJ,13,1,Sat Aug 01 2026 16:18:54 GMT+0500 (Pakistan Standard Time),0
ent_ch_11274256,THE SMART FAMILY INVESTMENT COMPANY LTD,unconfirmed,,qualifying,false,true,false,Mr Rhodri Hopkin Thomas,,,https://nz.linkedin.com/in/rhodrithomas,"THOMAS, Suzanne",,THE SMART FAMILY INVESTMENT COMPANY LTD,United Kingdom,Cowbridge,CF71 7DG,14,1,Sat Aug 01 2026 17:42:03 GMT+0500 (Pakistan Standard Time),0
ent_ch_11292956,THE MALICK FAMILY HOLDINGS LTD,unconfirmed,single_family_office,qualifying,false,false,false,Mrs Shanaz Akhtar Malick,,,,"MALICK, Shanaz Akhtar",,THE MALICK FAMILY HOLDINGS LTD,United Kingdom,Billingham,TS23 4EA,13,1,Sat Aug 01 2026 16:45:37 GMT+0500 (Pakistan Standard Time),0
ent_ch_11303983,MADHOK FAMILY HOLDINGS LTD,unconfirmed,single_family_office,qualifying,false,true,true,Mr Navtej Paul Madhok,,,https://uk.linkedin.com/in/navtejmadhok,"MADHOK, Navtej Paul","BIZ HUB TEES VALLEY, BELASIS HALL TECHNOLOGY PARK, BILLINGHAM, TS23 4EA",MADHOK FAMILY HOLDINGS LTD,United Kingdom,Billingham,TS23 4EA,13,1,Sat Aug 01 2026 17:42:11 GMT+0500 (Pakistan Standard Time),0
ent_ch_11306066,ARTHOUSING FAMILY HOLDINGS LTD,unconfirmed,,qualifying,false,true,false,Mr Theodore Kirwan,,,https://uk.linkedin.com/in/theo-kirwan-47373a310,"KIRWAN, Theodore",,ARTHOUSING FAMILY HOLDINGS LTD,United Kingdom,Billingham,TS23 4EA,12,1,Sat Aug 01 2026 17:42:16 GMT+0500 (Pakistan Standard Time),0
ent_ch_11341103,SR FAMILY HOLDINGS LTD,unconfirmed,,qualifying,false,false,true,Mr Simon Russell Royall,,,,"ROYALL, Simon Russell","BIZ HUB TEES VALLEY, BELASIS HALL TECHNOLOGY PARK, BILLINGHAM, TS23 4EA",SR FAMILY HOLDINGS LTD,United Kingdom,Billingham,TS23 4EA,11,1,Sat Aug 01 2026 17:05:42 GMT+0500 (Pakistan Standard Time),0
ent_ch_11346129,RAZAR FAMILY HOLDINGS LIMITED,unconfirmed,,qualifying,false,false,true,Mr Karim Noorali Rahemtulla,,,,"RAHEMTULLA, Karim Noorali","BIZ HUB TEES VALLEY, BELASIS HALL TECHNOLOGY PARK, BILLINGHAM, TS23 4EA",RAZAR FAMILY HOLDINGS LIMITED,United Kingdom,Billingham,TS23 4EA,11,1,Sat Aug 01 2026 17:16:19 GMT+0500 (Pakistan Standard Time),0
ent_ch_11359934,COLLINS FAMILY HOLDINGS LTD,unconfirmed,single_family_office,qualifying,false,false,true,Mrs Veronica Collins,,,,"BAILEY, Adrienne Claire Florence","23 LONG STREET, TETBURY, GL8 8AA",COLLINS FAMILY HOLDINGS LTD,United Kingdom,Chepstow,NP16 5EP,15,1,Sat Aug 01 2026 17:04:28 GMT+0500 (Pakistan Standard Time),0
ent_ch_11363024,SHEARS FAMILY HOLDINGS LTD,unconfirmed,,qualifying,false,false,true,Mr Colin Norman Harrison,,,,"HARRISON, Colin Norman","BIZ HUB TEES VALLEY, BELASIS HALL TECHNOLOGY PARK, BILLINGHAM, TS23 4EA",SHEARS FAMILY HOLDINGS LTD,United Kingdom,Billingham,TS23 4EA,11,1,Sat Aug 01 2026 16:22:04 GMT+0500 (Pakistan Standard Time),0
ent_ch_11363148,HARRISON FAMILY HOLDINGS LIMITED,unconfirmed,single_family_office,qualifying,false,true,true,Mr Colin Norman Harrison,,,https://nz.linkedin.com/in/colin-harrison-34337450,"HARRISON, Colin Norman","BIZ HUB TEES VALLEY, BELASIS HALL TECHNOLOGY PARK, BILLINGHAM, TS23 4EA",HARRISON FAMILY HOLDINGS LIMITED,United Kingdom,Billingham,TS23 4EA,14,1,Sat Aug 01 2026 17:42:26 GMT+0500 (Pakistan Standard Time),0
ent_ch_11405722,SIMPSON FAMILY HOLDINGS LTD,unconfirmed,single_family_office,qualifying,false,true,false,Mr David Simpson,,,https://www.linkedin.com/in/annesimpsonft,"SIMPSON, Anne",,SIMPSON FAMILY HOLDINGS LTD,United Kingdom,Billingham,TS23 4EA,13,1,Sat Aug 01 2026 17:42:32 GMT+0500 (Pakistan Standard Time),0
ent_ch_11422798,PHARAR FAMILY HOLDINGS LTD,unconfirmed,single_family_office,qualifying,false,false,true,Mr Deljit Singh Pharar,,,,"PHARAR, Deljit Singh","BIZ HUB TEES VALLEY, BELASIS HALL TECHNOLOGY PARK, BILLINGHAM, TS23 4EA",PHARAR FAMILY HOLDINGS LTD,United Kingdom,Billingham,TS23 4EA,12,1,Sat Aug 01 2026 16:52:01 GMT+0500 (Pakistan Standard Time),0
ent_ch_11439436,GIBBS FAMILY INVESTMENT COMPANY LIMITED,unconfirmed,,qualifying,false,false,false,Lord Vicary Tyser Aldenham,,,,"ALDENHAM, Vicary Tyser, Lord",,GIBBS FAMILY INVESTMENT COMPANY LIMITED,United Kingdom,Elstree,WD6 3AW,15,1,Sat Aug 01 2026 16:02:53 GMT+0500 (Pakistan Standard Time),0
ent_ch_11445498,WATTS FAMILY HOLDINGS LTD,unconfirmed,single_family_office,qualifying,false,true,false,Mrs Nuala Frances Watts,,,https://uk.linkedin.com/in/nuala-watts-9b301872,"WATTS, Roger John",,WATTS FAMILY HOLDINGS LTD,United Kingdom,Billingham,TS23 4EA,14,1,Sat Aug 01 2026 17:42:39 GMT+0500 (Pakistan Standard Time),0
ent_ch_11450308,JACOB FAMILY INVESTMENT COMPANY LIMITED,unconfirmed,single_family_office,qualifying,false,false,true,Mr James Nathaniel Kamalarajan Jacob,,,,"JACOB, James Nathaniel Kamalarajan","THE NEXUS BUILDING, BROADWAY, LETCHWORTH GARDEN CITY, SG6 3TA",JACOB FAMILY INVESTMENT COMPANY LIMITED,United Kingdom,Letchworth Garden City,SG6 3TA,15,1,Sat Aug 01 2026 16:14:52 GMT+0500 (Pakistan Standard Time),0
ent_ch_11454185,HERITAGE GROUP HOLDINGS LTD,unconfirmed,,qualifying,false,true,true,"CULSHAW, Paul",,,https://uk.linkedin.com/in/paul-culshaw-5811a619,"CULSHAW, Paul","1 CRANFIELD ROAD, LOSTOCK, BOLTON, BL6 4SB",HERITAGE GROUP HOLDINGS LTD,United Kingdom,Bolton,BL6 4SB,12,1,Fri Jul 31 2026 18:11:55 GMT+0500 (Pakistan Standard Time),0
ent_ch_11454380,CHRIS BROGAN FAMILY HOLDINGS LIMITED,unconfirmed,single_family_office,qualifying,false,true,true,Mr Christopher Stig Brogan,,,https://www.linkedin.com/in/cbrogan,"BROGAN, Christopher Stig","BIZ HUB TEES VALLEY, BELASIS HALL TECHNOLOGY PARK, BILLINGHAM, TS23 4EA",CHRIS BROGAN FAMILY HOLDINGS LIMITED,United Kingdom,Billingham,TS23 4EA,13,1,Sat Aug 01 2026 17:42:45 GMT+0500 (Pakistan Standard Time),0
ent_ch_11454750,MARK BROGAN FAMILY HOLDINGS LIMITED,unconfirmed,single_family_office,qualifying,false,true,true,Mr Mark Nicholas Brogan,,,https://uk.linkedin.com/in/mark-brogan-02260347,"BROGAN, Mark Nicholas","BIZ HUB TEES VALLEY, BELASIS HALL TECHNOLOGY PARK, BILLINGHAM, TS23 4EA",MARK BROGAN FAMILY HOLDINGS LIMITED,United Kingdom,Billingham,TS23 4EA,13,1,Sat Aug 01 2026 17:42:52 GMT+0500 (Pakistan Standard Time),0
ent_ch_11459757,HAWES FAMILY HOLDINGS LIMITED,unconfirmed,single_family_office,qualifying,false,false,false,Mr Anthony Steven Hawes,,,,"HAWES, Anthony Steven",,HAWES FAMILY HOLDINGS LIMITED,United Kingdom,Billingham,TS23 4EA,13,1,Sat Aug 01 2026 17:07:00 GMT+0500 (Pakistan Standard Time),0
ent_ch_11511262,JASSAL FAMILY HOLDINGS LIMITED,unconfirmed,single_family_office,qualifying,false,true,false,Mrs Kanwal Jeet Kaur Jassal,,,https://in.linkedin.com/in/tejinder-singh-jassal,"JASSAL, Kanwal Jeet Kaur",,JASSAL FAMILY HOLDINGS LIMITED,United Kingdom,Billingham,TS23 4EA,14,1,Sat Aug 01 2026 17:43:00 GMT+0500 (Pakistan Standard Time),0
ent_ch_11522146,GERSHON FAMILY INVESTMENT LIMITED,unconfirmed,single_family_office,qualifying,false,true,true,Mr Anthony Howard Gershon,,,https://www.linkedin.com/in/howard-gershon-b82976,"THAKRAR, Bharat Kantilal","LONDON, W1S 3AN",GERSHON FAMILY INVESTMENT LIMITED,United Kingdom,Edgware,HA8 7DB,16,1,Fri Jul 31 2026 18:18:49 GMT+0500 (Pakistan Standard Time),0
ent_ch_11529611,KAPOOR FAMILY HOLDINGS LTD,unconfirmed,single_family_office,qualifying,false,true,false,Mr Nirav Kapoor,,,https://uk.linkedin.com/in/avni-kapoor-8961761a7,"KAPOOR, Nirav",,KAPOOR FAMILY HOLDINGS LTD,United Kingdom,London,NW11 8DD,14,1,Sat Aug 01 2026 17:43:05 GMT+0500 (Pakistan Standard Time),0
ent_ch_11529655,BLG FAMILY OFFICE UK LIMITED,unconfirmed,,qualifying,false,true,false,Mr Keith Young,,,https://ie.linkedin.com/in/donalbolgerblg,"BOLGER, Donal",,BLG FAMILY OFFICE UK LIMITED,United Kingdom,Stoke-On-Trent,ST6 1DY,15,1,Fri Jul 31 2026 18:31:14 GMT+0500 (Pakistan Standard Time),0
ent_ch_11566618,JOHN COOK & FAMILY HOLDINGS LTD,unconfirmed,single_family_office,qualifying,false,true,false,Mrs Patricia Mary Cook,,,https://www.linkedin.com/in/john-cook-78785751,"COOK, Patricia Mary",,JOHN COOK & FAMILY HOLDINGS LTD,United Kingdom,Wembley,HA9 0LB,15,1,Sat Aug 01 2026 17:43:10 GMT+0500 (Pakistan Standard Time),0
ent_ch_11567605,GRIFFIN FAMILY INVESTMENT LIMITED,unconfirmed,,qualifying,false,true,false,Mrs Rachel Byrne,,,https://www.linkedin.com/in/rachel-byrne-374a2b5a,"BYRNE, Stephen Kenneth",,GRIFFIN FAMILY INVESTMENT LIMITED,United Kingdom,Manchester,M2 4PD,16,1,Sat Aug 01 2026 17:43:16 GMT+0500 (Pakistan Standard Time),0
ent_ch_11582260,DOYLE FAMILY HOLDINGS LIMITED,unconfirmed,single_family_office,qualifying,false,true,false,Mr Anthony James Doyle,,,https://uk.linkedin.com/in/anthony-james-doyle-155202255,"DOYLE, Wendy",,DOYLE FAMILY HOLDINGS LIMITED,United Kingdom,Manchester,M2 4PD,14,1,Sat Aug 01 2026 17:43:21 GMT+0500 (Pakistan Standard Time),0
ent_ch_11586460,STONE FAMILY HOLDINGS LTD,unconfirmed,single_family_office,qualifying,false,true,true,Lisa Morreen Stone,,,https://www.linkedin.com/in/lisa-stone-aa3255163,"STONE, Lisa Morreen","BIZ HUB TEES VALLEY, BELASIS HALL TECHNOLOGY PARK, BILLINGHAM, TS23 4EA",STONE FAMILY HOLDINGS LTD,United Kingdom,Billingham,TS23 4EA,13,1,Sat Aug 01 2026 17:43:27 GMT+0500 (Pakistan Standard Time),0
ent_ch_11599401,MOORE FAMILY OFFICE LIMITED,unconfirmed,,qualifying,false,true,false,"MOORE, Richard Hobart John De Courcy",,,https://www.linkedin.com/in/hobart-moore,"MOORE, Richard Hobart John De Courcy",,MOORE FAMILY OFFICE LIMITED,United Kingdom,London,SE1 3TQ,12,1,Sat Aug 01 2026 17:43:35 GMT+0500 (Pakistan Standard Time),1
ent_ch_11602778,SHAUNAK FAMILY HOLDINGS LTD,unconfirmed,single_family_office,qualifying,false,false,false,Mrs Nilu Bala Shaunak,,,,"SHAUNAK, Nilu Bala",,SHAUNAK FAMILY HOLDINGS LTD,United Kingdom,Billingham,TS23 4EA,13,1,Sat Aug 01 2026 16:37:29 GMT+0500 (Pakistan Standard Time),0
ent_ch_11627659,THE MORAN FAMILY INVESTMENT COMPANY LIMITED,unconfirmed,single_family_office,qualifying,false,true,false,Dr Rhetta Ann Moran,,,https://www.linkedin.com/in/leon-moran-78694139,"MORAN, Leon",,THE MORAN FAMILY INVESTMENT COMPANY LIMITED,United Kingdom,Bury,BL9 0DN,14,1,Sat Aug 01 2026 17:45:48 GMT+0500 (Pakistan Standard Time),0
ent_ch_11628891,BRYMORE FAMILY HOLDINGS LTD,unconfirmed,,qualifying,false,true,false,Dr Alan Webber,,,https://uk.linkedin.com/in/lucinda-lewis-a7552a123,"LEWIS, Leonard Sidney, Mr.",,BRYMORE FAMILY HOLDINGS LTD,United Kingdom,Hove,BN3 4BA,16,1,Sat Aug 01 2026 17:43:44 GMT+0500 (Pakistan Standard Time),0
ent_ch_11631993,NOAKES FAMILY HOLDINGS LIMITED,unconfirmed,,qualifying,false,true,true,"NOAKES, Bernard Carl",,,https://www.linkedin.com/in/carl-noakes-45b84925,"NOAKES, Bernard Carl","MUCKLOW OFFICE PARK, MUCKLOW HILL, HALESOWEN, B62 8DY",NOAKES FAMILY HOLDINGS LIMITED,United Kingdom,Halesowen,B62 8DY,14,1,Sat Aug 01 2026 17:45:54 GMT+0500 (Pakistan Standard Time),0
ent_ch_11638670,MAY FAMILY HOLDINGS LIMITED,unconfirmed,single_family_office,qualifying,false,true,false,Mrs Jill Miranda May,,,https://uk.linkedin.com/in/jill-may-a5b22a41,"MAY, Jill Miranda",,MAY FAMILY HOLDINGS LIMITED,United Kingdom,Dorchester,DT2 7PZ,13,1,Fri Jul 31 2026 18:12:00 GMT+0500 (Pakistan Standard Time),0
ent_ch_11638984,LANGHAM FAMILY HOLDINGS LIMITED,unconfirmed,single_family_office,qualifying,false,true,false,Miss Sophie Olivia Langham,,,https://uk.linkedin.com/in/catherine-langham-b230759a,"LANGHAM, Catherine Elspeth, Mrs.",,LANGHAM FAMILY HOLDINGS LIMITED,United Kingdom,Dorchester,DT2 7PZ,18,1,Sat Aug 01 2026 17:45:59 GMT+0500 (Pakistan Standard Time),0
ent_ch_11667140,BATEMAN FAMILY HOLDINGS LIMITED,unconfirmed,,qualifying,false,true,false,"BATEMAN, Leslie Melvyn",,,https://uk.linkedin.com/in/edward-bateman-2627811,"BATEMAN, Leslie Melvyn",,BATEMAN FAMILY HOLDINGS LIMITED,United Kingdom,Leek,ST13 7HN,14,1,Sat Aug 01 2026 17:46:05 GMT+0500 (Pakistan Standard Time),0
ent_ch_11676465,FREEDOM FAMILY INVESTMENT LTD,unconfirmed,,qualifying,false,true,true,Mr Garry Crawford,,,https://uk.linkedin.com/in/garry-crawford-3b7997176,"CRAWFORD, Garry","SCHOOL WAY, REDCAR, TS10 2PW",FREEDOM FAMILY INVESTMENT LTD,United Kingdom,London,EC2A 4NA,12,1,Sat Aug 01 2026 17:43:53 GMT+0500 (Pakistan Standard Time),0
ent_ch_11692247,LAUDER FAMILY HOLDINGS,unconfirmed,single_family_office,qualifying,false,true,false,Mr Gordon Lauder,,,https://www.linkedin.com/in/alison-lauder,"LAUDER, Alison Rebecca",,LAUDER FAMILY HOLDINGS,United Kingdom,London,W1W 7LT,15,1,Sat Aug 01 2026 17:43:58 GMT+0500 (Pakistan Standard Time),0
ent_ch_11698256,DESAI FAMILY HOLDINGS LIMITED,unconfirmed,single_family_office,qualifying,false,true,false,Mrs Geeta Sharadchandra Desai,,,https://in.linkedin.com/in/geeta-desai-70078a14,"DESAI, Sharadchandra Shantilal",,DESAI FAMILY HOLDINGS LIMITED,United Kingdom,Billingham,TS23 4EA,15,1,Sat Aug 01 2026 17:44:04 GMT+0500 (Pakistan Standard Time),0
ent_ch_11721803,THE ANDERSON FAMILY INVESTMENT COMPANY LIMITED,unconfirmed,single_family_office,qualifying,false,true,false,Mr Michael Roy Anderson,,,https://www.linkedin.com/in/joanne-anderson-69b421a6,"ANDERSON, Joanne Veronica",,THE ANDERSON FAMILY INVESTMENT COMPANY LIMITED,United Kingdom,Rochdale,OL11 5SL,14,1,Sat Aug 01 2026 17:46:11 GMT+0500 (Pakistan Standard Time),0
ent_ch_11723488,HENCHOZ FAMILY INVESTMENT LTD,unconfirmed,single_family_office,qualifying,false,false,false,Mr Mitchell Yann Henchoz,,,,"HENCHOZ, Mitchell Yann",,HENCHOZ FAMILY INVESTMENT LTD,United Kingdom,Hereford,HR1 4LD,14,1,Sat Aug 01 2026 16:10:44 GMT+0500 (Pakistan Standard Time),0
ent_ch_11739601,MASCARI FAMILY HOLDINGS LIMITED,unconfirmed,single_family_office,qualifying,false,true,true,Mrs Patricia Mary Mascari,,,https://uk.linkedin.com/in/patricia-mascari-327b5571,"MASCARI, Patricia Mary","BIZ HUB TEES VALLEY, BELASIS HALL TECHNOLOGY PARK, BILLINGHAM, TS23 4EA",MASCARI FAMILY HOLDINGS LIMITED,United Kingdom,Billingham,TS23 4EA,13,1,Sat Aug 01 2026 17:46:17 GMT+0500 (Pakistan Standard Time),0
ent_ch_11746968,BRYANT FAMILY HOLDINGS LTD,unconfirmed,single_family_office,qualifying,false,true,false,Mr David John Bryant,,,https://www.linkedin.com/in/angela-bryant-cfcs-89b48197,"BRYANT, Angela Clare",,BRYANT FAMILY HOLDINGS LTD,United Kingdom,Horsham,RH12 1ER,15,1,Sat Aug 01 2026 17:46:22 GMT+0500 (Pakistan Standard Time),0
ent_ch_11796660,BAINBRIDGE FAMILY HOLDINGS LIMITED,unconfirmed,single_family_office,qualifying,false,false,true,Mr Sam Hardy Bainbridge,,,,"BAINBRIDGE, Sam Hardy","BIZ HUB TEES VALLEY, BELASIS HALL TECHNOLOGY PARK, BILLINGHAM, TS23 4EA",BAINBRIDGE FAMILY HOLDINGS LIMITED,United Kingdom,Billingham,TS23 4EA,12,1,Sat Aug 01 2026 17:13:53 GMT+0500 (Pakistan Standard Time),0
ent_ch_11862115,BOWEN FAMILY HOLDINGS LTD,unconfirmed,single_family_office,qualifying,false,true,false,Mrs Audra Gloria Bowen,,,https://www.linkedin.com/in/gloria-bowen-4739631a,"BOWEN, Lee",,BOWEN FAMILY HOLDINGS LTD,United Kingdom,Billingham,TS23 4EA,14,1,Sat Aug 01 2026 17:46:28 GMT+0500 (Pakistan Standard Time),0
ent_ch_11872294,CHRISP FAMILY HOLDINGS LTD,unconfirmed,single_family_office,qualifying,false,false,true,Mr John Oswald Chrisp,,,,"CHRISP, John Oswald","HORSEMAN SIDE, NAVESTOCK, BRENTWOOD, CM14 5ST",CHRISP FAMILY HOLDINGS LTD,United Kingdom,Brentwood,CM14 5ST,13,1,Sat Aug 01 2026 17:26:23 GMT+0500 (Pakistan Standard Time),0
ent_ch_11876443,WALLS FAMILY HOLDINGS LIMITED,unconfirmed,single_family_office,qualifying,false,false,true,Miss Eleanor Helen Ramsay Walls,,,,"WALLS, Eleanor Helen Ramsay","HORSEMAN SIDE, NAVESTOCK, BRENTWOOD, CM14 5ST",WALLS FAMILY HOLDINGS LIMITED,United Kingdom,Brentwood,CM14 5ST,13,1,Sat Aug 01 2026 16:41:34 GMT+0500 (Pakistan Standard Time),0
ent_ch_11889867,CARTER FAMILY HOLDINGS LIMITED,unconfirmed,,qualifying,false,true,false,"CARTER, Julie",,,https://www.linkedin.com/in/julie-carter-887927120,"CARTER, Julie",,CARTER FAMILY HOLDINGS LIMITED,United Kingdom,Washington,NE37 1EZ,14,1,Fri Jul 31 2026 18:12:10 GMT+0500 (Pakistan Standard Time),0
ent_ch_11897012,THE NORSEMAN FAMILY OFFICE LTD,unconfirmed,,qualifying,false,true,false,"BRIGGS, Linda",,,https://www.linkedin.com/in/john-h-briggs,"BRIGGS, Linda",,THE NORSEMAN FAMILY OFFICE LTD,United Kingdom,London,EC1N 8UN,11,1,Fri Jul 31 2026 18:12:15 GMT+0500 (Pakistan Standard Time),0
ent_ch_11915326,CLARE FAMILY OFFICE LTD,unconfirmed,single_family_office,qualifying,false,true,false,Mr Michael George Clare,,,https://ie.linkedin.com/in/clare-alexander-5209941a6,"CLARE, Michael George",,CLARE FAMILY OFFICE LTD,United Kingdom,Beaconsfield,HP9 2UQ,14,1,Sat Aug 01 2026 17:46:36 GMT+0500 (Pakistan Standard Time),0
ent_ch_11935580,COX FAMILY INVESTMENT COMPANY LIMITED,unconfirmed,single_family_office,qualifying,false,true,false,Mr Jonson Cox,,,https://www.linkedin.com/in/carla-cox-4a9737290,"COX, Carla Beatrice",,COX FAMILY INVESTMENT COMPANY LIMITED,United Kingdom,Milton Keynes,MK17 9BG,16,1,Sat Aug 01 2026 17:46:41 GMT+0500 (Pakistan Standard Time),0
ent_ch_11953499,MINNEAR FAMILY HOLDINGS LTD,unconfirmed,single_family_office,qualifying,false,false,true,Ms Shirley Geok Kim Minnear,,,,"MINNEAR, Shirley Geok Kim","BIZ HUB TEES VALLEY, BELASIS HALL TECHNOLOGY PARK, BILLINGHAM, TS23 4EA",MINNEAR FAMILY HOLDINGS LTD,United Kingdom,Billingham,TS23 4EA,12,1,Sat Aug 01 2026 17:00:22 GMT+0500 (Pakistan Standard Time),0
ent_ch_11962500,FAIRWAY FAMILY INVESTMENT COMPANY LIMITED,unconfirmed,,qualifying,false,false,true,Mr Sean Loughlin,,,,"LOUGHLIN, Sean","CROSSOAKS FARM, BOREHAMWOOD, WD6 5PH",FAIRWAY FAMILY INVESTMENT COMPANY LIMITED,United Kingdom,Borehamwood,WD6 5PH,13,1,Sat Aug 01 2026 16:06:04 GMT+0500 (Pakistan Standard Time),0
ent_ch_11966761,WALTON FAMILY HOLDINGS LIMITED,unconfirmed,,qualifying,false,true,false,"WALTON, Peter Alfred",,,https://uk.linkedin.com/in/david-walton-1933362b,"WALTON, Peter Alfred",,WALTON FAMILY HOLDINGS LIMITED,United Kingdom,Nr Lutterworth,LE17 5QS,15,1,Sat Aug 01 2026 17:46:48 GMT+0500 (Pakistan Standard Time),0
ent_ch_11986090,N FAMILY HOLDINGS LTD,unconfirmed,,qualifying,false,true,false,"BALTA, Andrei",,,https://uk.linkedin.com/in/peter-bachmann-20260737,"BALTA, Andrei",,N FAMILY HOLDINGS LTD,United Kingdom,London,EC2A 3QT,17,1,Sat Aug 01 2026 17:46:54 GMT+0500 (Pakistan Standard Time),0
ent_ch_11986920,UNITA FAMILY OFFICE UK LIMITED,unconfirmed,,qualifying,false,true,false,Carlos Pires Oliveira Dias,,,https://br.linkedin.com/in/julianafilippetti,"CORREA SOBRINHO, Jose Sampaio",,UNITA FAMILY OFFICE UK LIMITED,United Kingdom,London,EC4M 7AN,15,1,Sat Aug 01 2026 17:47:00 GMT+0500 (Pakistan Standard Time),0
ent_ch_12010223,ROOPLAL FAMILY HOLDINGS LIMITED,unconfirmed,single_family_office,qualifying,false,true,false,Mr Nishal Rooplal,,,https://uk.linkedin.com/in/karuna-rooplal-a10510207,"ROOPLAL, Karuna",,ROOPLAL FAMILY HOLDINGS LIMITED,United Kingdom,Billingham,TS23 4EA,13,1,Sat Aug 01 2026 17:47:05 GMT+0500 (Pakistan Standard Time),0
ent_ch_12012880,KAUSHAL FAMILY HOLDINGS LTD,unconfirmed,single_family_office,qualifying,false,true,false,Mrs Asokamala Kaushal,,,https://www.linkedin.com/in/ajey-kaushal,"KAUSHAL, Ajey",,KAUSHAL FAMILY HOLDINGS LTD,United Kingdom,Billingham,TS23 4EA,14,1,Sat Aug 01 2026 17:47:10 GMT+0500 (Pakistan Standard Time),0
ent_ch_12047051,STC FAMILY INVESTMENT LIMITED,unconfirmed,,qualifying,false,true,false,Mr Simon David Cook,,,https://uk.linkedin.com/in/simon-cook-99534b21,"COOK, Susan",,STC FAMILY INVESTMENT LIMITED,United Kingdom,Stockport,SK4 4NB,13,1,Sat Aug 01 2026 17:47:16 GMT+0500 (Pakistan Standard Time),0
ent_ch_12061108,LWIN FAMILY HOLDINGS LTD,unconfirmed,single_family_office,qualifying,false,true,true,Ms Tin Tin Lwin,,,https://mm.linkedin.com/in/tin-lwin-5178a3135,"LWIN, Tin Tin","BIZ HUB TEES VALLEY, BELASIS HALL TECHNOLOGY PARK, BILLINGHAM, TS23 4EA",LWIN FAMILY HOLDINGS LTD,United Kingdom,Billingham,TS23 4EA,13,1,Sat Aug 01 2026 17:47:21 GMT+0500 (Pakistan Standard Time),0
ent_ch_12111382,FAMILY CONNECT (HOLDINGS) LIMITED,unconfirmed,,qualifying,false,true,false,Mr Masih Family,,,https://uk.linkedin.com/in/nmissaghi,"MISSAGHI, Newsha",,FAMILY CONNECT (HOLDINGS) LIMITED,United Kingdom,Leeds,LS7 3QB,14,1,Fri Jul 31 2026 18:12:21 GMT+0500 (Pakistan Standard Time),0
ent_ch_12112241,CLARKE FAMILY HOLDINGS LTD,unconfirmed,single_family_office,qualifying,false,true,true,Mr Peter James Clarke,,,https://uk.linkedin.com/in/peter-clarke-2b6b777,"CLARKE, Peter James","LANGESTON ROAD, LOUGHTON, IG10 3TQ",CLARKE FAMILY HOLDINGS LTD,United Kingdom,Loughton,IG10 3TQ,14,1,Sat Aug 01 2026 17:47:27 GMT+0500 (Pakistan Standard Time),0
ent_ch_12120974,BARRY FAMILY HOLDINGS LTD,unconfirmed,single_family_office,qualifying,false,true,true,Mr Francis Colin Barry,,,https://www.linkedin.com/in/barryfrancis,"BARRY, Francis Colin","BIZ HUB TEES VALLEY, BELASIS HALL TECHNOLOGY PARK, BILLINGHAM, TS23 4EA",BARRY FAMILY HOLDINGS LTD,United Kingdom,Billingham,TS23 4EA,13,1,Sat Aug 01 2026 17:47:33 GMT+0500 (Pakistan Standard Time),0
ent_ch_12129918,DAY FAMILY INVESTMENT COMPANY LTD,unconfirmed,single_family_office,qualifying,false,true,true,Mr Paul Francis Day,,,https://www.linkedin.com/in/paulcsday,"DAY, Paul Francis","CRESCENT ROAD, WORTHING, BN11 1RL",DAY FAMILY INVESTMENT COMPANY LTD,United Kingdom,Worthing,BN11 1RL,13,1,Sat Aug 01 2026 17:47:38 GMT+0500 (Pakistan Standard Time),0
ent_ch_12146845,JOHN AND KARIN BROWN FAMILY HOLDINGS LTD,unconfirmed,,qualifying,false,true,false,"BROWN, The Executors Of The Late John",,,https://uk.linkedin.com/in/karin-brown-3138a7128,"BROWN, The Executors Of The Late John",,JOHN AND KARIN BROWN FAMILY HOLDINGS LTD,United Kingdom,Billingham,TS23 4EA,12,1,Sat Aug 01 2026 17:47:44 GMT+0500 (Pakistan Standard Time),0
ent_ch_12161447,ADEGBOYEGA BELLO FAMILY HOLDINGS LTD,unconfirmed,single_family_office,qualifying,false,false,false,Mr Adegboyega Basheer Bello,,,,"BELLO, Misturah Adebola",,ADEGBOYEGA BELLO FAMILY HOLDINGS LTD,United Kingdom,Billingham,TS23 4EA,12,1,Sat Aug 01 2026 16:37:49 GMT+0500 (Pakistan Standard Time),0
ent_ch_12166977,ALLT FAMILY HOLDINGS LTD,unconfirmed,single_family_office,qualifying,false,false,false,Mr John David Allt,,,,"ALLT, Janet Patricia",,ALLT FAMILY HOLDINGS LTD,United Kingdom,Bristol,BS9 3UU,13,1,Sat Aug 01 2026 16:34:11 GMT+0500 (Pakistan Standard Time),0
ent_ch_12167015,ZUTSHI FAMILY HOLDINGS LTD,unconfirmed,single_family_office,qualifying,false,true,true,Mr Simon Wyndham Hope Zutshi,,,https://uk.linkedin.com/in/simonzutshi,"ZUTSHI, Simon Wyndham Hope","BIZ HUB TEES VALLEY, BELASIS HALL TECHNOLOGY PARK, BILLINGHAM, TS23 4EA",ZUTSHI FAMILY HOLDINGS LTD,United Kingdom,Billingham,TS23 4EA,13,1,Sat Aug 01 2026 17:47:52 GMT+0500 (Pakistan Standard Time),0
ent_ch_12176541,DODD FAMILY HOLDINGS LTD,unconfirmed,single_family_office,qualifying,false,true,true,Mr Charles Joseph Dodd,,,https://www.linkedin.com/in/charles-dodd-59b043139,"DODD, Charles Joseph","BIZ HUB TEES VALLEY, BELASIS HALL TECHNOLOGY PARK, BILLINGHAM, TS23 4EA",DODD FAMILY HOLDINGS LTD,United Kingdom,Billingham,TS23 4EA,13,1,Sat Aug 01 2026 17:47:58 GMT+0500 (Pakistan Standard Time),0
ent_ch_12186556,FAROUGHIAN FAMILY HOLDINGS LTD,unconfirmed,single_family_office,qualifying,false,false,false,Mr Farhad David Faroughian,,,,"FAROUGHIAN, Hoda Azizi",,FAROUGHIAN FAMILY HOLDINGS LTD,United Kingdom,Billingham,TS23 4EA,13,1,Sat Aug 01 2026 16:52:11 GMT+0500 (Pakistan Standard Time),0
ent_ch_12190235,CHAUHAN FAMILY HOLDINGS LIMITED,unconfirmed,single_family_office,qualifying,false,true,false,Mr Aleksandrs Putjatins,,,https://www.linkedin.com/in/bhavini-chauhan,"PUTJATINS, Aleksandrs",,CHAUHAN FAMILY HOLDINGS LIMITED,United Kingdom,Northampton,NN4 7BF,15,1,Sat Aug 01 2026 17:48:05 GMT+0500 (Pakistan Standard Time),0
ent_ch_12200715,SAMRINA FAMILY HOLDINGS LTD,unconfirmed,,qualifying,false,true,false,Mr Minesh Patel,,,https://www.linkedin.com/in/anjanippatel,"PATEL, Minesh",,SAMRINA FAMILY HOLDINGS LTD,United Kingdom,Billingham,TS23 4EA,13,1,Sat Aug 01 2026 17:48:11 GMT+0500 (Pakistan Standard Time),0
ent_ch_12215924,NELSON FAMILY INVESTMENT COMPANY LIMITED,unconfirmed,single_family_office,qualifying,false,true,false,Mr Andrew John Nelson,,,https://www.linkedin.com/in/john-nelson-60607a60,"NELSON, Andrew John",,NELSON FAMILY INVESTMENT COMPANY LIMITED,United Kingdom,Whitchurch,SY13 2LB,14,1,Sat Aug 01 2026 17:48:16 GMT+0500 (Pakistan Standard Time),0
ent_ch_12223389,YAZDANPANAHI FAMILY HOLDINGS LTD,unconfirmed,single_family_office,qualifying,false,false,false,Mrs Jennifer Lee Yazdanpanahi,,,,"YAZDANPANAHI, Jennifer Lee",,YAZDANPANAHI FAMILY HOLDINGS LTD,United Kingdom,Billingham,TS23 4EA,14,1,Sat Aug 01 2026 16:50:22 GMT+0500 (Pakistan Standard Time),0
ent_ch_12248005,RAJI FAMILY INVESTMENT LIMITED,unconfirmed,,qualifying,false,true,true,Mr Imran Ayub Patel,,,https://in.linkedin.com/in/ayub-patel-22b84a154,"PATEL, Imran Ayub","JAMAICA ROAD, LONDON, SE16 4RT",RAJI FAMILY INVESTMENT LIMITED,United Kingdom,London,SE16 4RT,12,1,Sat Aug 01 2026 17:48:22 GMT+0500 (Pakistan Standard Time),0
ent_ch_12298182,AHMAD FAMILY HOLDINGS LTD,unconfirmed,single_family_office,qualifying,false,true,false,Mr Shamim Ahmad,,,https://in.linkedin.com/in/shamim-ahmad-ip,"AHMAD, Shamim",,AHMAD FAMILY HOLDINGS LTD,United Kingdom,Billingham,TS23 4EA,15,1,Sat Aug 01 2026 17:48:28 GMT+0500 (Pakistan Standard Time),0
ent_ch_12304686,THE WARD FAMILY HOLDINGS LTD,unconfirmed,single_family_office,qualifying,false,true,true,Mr Nicholas John Henry Ward,,,https://www.linkedin.com/in/johnhenry-ward,"WARD, Nicholas John Henry","BIZ HUB TEES VALLEY, BELASIS HALL TECHNOLOGY PARK, BILLINGHAM, TS23 4EA",THE WARD FAMILY HOLDINGS LTD,United Kingdom,Billingham,TS23 4EA,15,1,Sat Aug 01 2026 17:48:36 GMT+0500 (Pakistan Standard Time),0
ent_ch_12336957,LINK FAMILY HOLDINGS LTD,unconfirmed,,qualifying,false,true,false,Professor Paul Anthony Ellis,,,https://ng.linkedin.com/in/dove-edwin-3a714112b,"ELLIS, Paul Anthony, Professor",,LINK FAMILY HOLDINGS LTD,United Kingdom,London,NW1 3ER,13,1,Sat Aug 01 2026 17:52:40 GMT+0500 (Pakistan Standard Time),0
ent_ch_12350680,FARRINGTON FAMILY INVESTMENT COMPANY LTD,unconfirmed,single_family_office,qualifying,false,true,true,Mrs Megan Lucy Farrington,,,https://www.linkedin.com/in/farrington-megan,"FARRINGTON, Megan Lucy","SOUTH ROAD, BRIGHTON, BN1 6SB",FARRINGTON FAMILY INVESTMENT COMPANY LTD,United Kingdom,Brighton,BN1 6SB,14,1,Sat Aug 01 2026 17:48:43 GMT+0500 (Pakistan Standard Time),0
ent_ch_12351966,ILOKO FAMILY HOLDINGS LTD,unconfirmed,,qualifying,false,false,true,Mrs Emily Agbomma Okoli,,,,"OKOLI, Emily Agbomma","BIZ HUB TEES VALLEY, BELASIS HALL TECHNOLOGY PARK, BILLINGHAM, TS23 4EA",ILOKO FAMILY HOLDINGS LTD,United Kingdom,Billingham,TS23 4EA,12,1,Sat Aug 01 2026 17:15:16 GMT+0500 (Pakistan Standard Time),0
ent_ch_12353486,WALGATE FAMILY OFFICE LIMITED,unconfirmed,,qualifying,false,false,false,"GORDON, Grant David",,,,"GORDON, Grant David",,WALGATE FAMILY OFFICE LIMITED,United Kingdom,London,WC2B 5DG,11,1,Sat Aug 01 2026 15:58:25 GMT+0500 (Pakistan Standard Time),0
ent_ch_12355318,PARTRIDGE FAMILY INVESTMENT COMPANY LIMITED,unconfirmed,single_family_office,qualifying,false,true,true,Mrs Rebecca Partridge,,,https://uk.linkedin.com/in/mia-madesclaire,"MADESCLAIRE, Mia Gratiaen","APARTMENT W142, LONDON, N17 9QW",PARTRIDGE FAMILY INVESTMENT COMPANY LIMITED,United Kingdom,London,N1C 4BX,18,1,Sat Aug 01 2026 17:48:51 GMT+0500 (Pakistan Standard Time),0
ent_ch_12362997,HUNTER FAMILY OFFICE LTD,unconfirmed,single_family_office,qualifying,false,true,true,Mr Lucas Hunter,,,https://uk.linkedin.com/in/lucasjhunter,"HUNTER, Lucas","BROOK STREET, CHESTER, CH1 3DZ",HUNTER FAMILY OFFICE LTD,United Kingdom,Chester,CH1 2LP,13,1,Sat Aug 01 2026 17:48:57 GMT+0500 (Pakistan Standard Time),0
ent_ch_12367716,THE HICKS FAMILY HOLDINGS COMPANY LTD,unconfirmed,single_family_office,qualifying,false,true,false,Mr Alan Hicks,,,https://www.linkedin.com/in/alan-hicks-2a4b3148,"HICKS, Alan",,THE HICKS FAMILY HOLDINGS COMPANY LTD,United Kingdom,Alvechurch,B45 7DJ,15,1,Sat Aug 01 2026 17:49:04 GMT+0500 (Pakistan Standard Time),0
ent_ch_12372588,WENTWORTH FAMILY HOLDINGS LTD,unconfirmed,,qualifying,false,false,false,Mr Carmine Carnevale,,,,"GANDOLFI, Lucia",,WENTWORTH FAMILY HOLDINGS LTD,United Kingdom,London,N12 0DR,15,1,Sat Aug 01 2026 16:59:46 GMT+0500 (Pakistan Standard Time),0
ent_ch_12407751,HUNTER FAMILY HOLDINGS LTD,unconfirmed,single_family_office,qualifying,false,false,true,Adam Hunter,,,,"CHAMBERS, Niashah Lorayne Natasha","ALDERTON ROAD, TOWCESTER, NN12 7LS",HUNTER FAMILY HOLDINGS LTD,United Kingdom,Towcester,NN12 7LS,15,1,Sat Aug 01 2026 17:09:06 GMT+0500 (Pakistan Standard Time),0
ent_ch_12409606,CLEOPATRA FAMILY INVESTMENT COMPANY LTD,unconfirmed,,qualifying,false,true,true,Mrs Penelope Jane Cheshire,,,https://uk.linkedin.com/in/jane-cheshire-631aa013,"CHESHIRE, Penelope Jane","166 PRESCOT ROAD, ST HELENS, WA10 3TS",CLEOPATRA FAMILY INVESTMENT COMPANY LTD,United Kingdom,St Helens,WA10 3TS,13,1,Sat Aug 01 2026 17:52:51 GMT+0500 (Pakistan Standard Time),0
ent_ch_12409902,CARROLL FAMILY INVESTMENT COMPANY LTD,unconfirmed,single_family_office,qualifying,false,true,false,Mrs June Carroll,,,https://www.linkedin.com/in/june-carroll-3a868bba,"CARROLL, Thomas George",,CARROLL FAMILY INVESTMENT COMPANY LTD,United Kingdom,St Helens,WA10 3TS,15,1,Sat Aug 01 2026 17:49:13 GMT+0500 (Pakistan Standard Time),0
ent_ch_12410715,GATES FAMILY HOLDINGS LTD,unconfirmed,single_family_office,qualifying,false,true,false,Mrs Jancis Elizabeth Gates,,,https://uk.linkedin.com/in/jack-gates-44923b159,"GATES, Jack Arthur",,GATES FAMILY HOLDINGS LTD,United Kingdom,Quorn,LE12 8DX,16,1,Sat Aug 01 2026 17:49:19 GMT+0500 (Pakistan Standard Time),0
ent_ch_12429558,FAMILY INVESTMENTS AND SECURITIES HOLDINGS LTD,unconfirmed,,qualifying,false,true,false,Mrs Mary Schaefer-Suren,,,https://uk.linkedin.com/in/jochen-schaefer-suren-67948612,"SCHAEFER-SUREN, Jochen",,FAMILY INVESTMENTS AND SECURITIES HOLDINGS LTD,United Kingdom,Edgware,HA8 7DB,15,1,Sat Aug 01 2026 17:49:24 GMT+0500 (Pakistan Standard Time),0
ent_ch_12432275,RAI UPPAL FAMILY HOLDINGS LTD,unconfirmed,single_family_office,qualifying,false,false,false,Ms Balbinder Kaur Bhupa,,,,"RAI, Jagtar Singh",,RAI UPPAL FAMILY HOLDINGS LTD,United Kingdom,Wolverhampton,WV6 8UQ,14,1,Sat Aug 01 2026 16:40:02 GMT+0500 (Pakistan Standard Time),0
ent_ch_12434727,GUPPY FAMILY HOLDINGS LTD,unconfirmed,single_family_office,qualifying,false,true,true,Mr Guy James Guppy,,,https://www.linkedin.com/in/james-guppy-a7211a30,"GUPPY, Guy James","UNIT 1, 4 SOLENT ROAD, HAVANT, PO9 1JH",GUPPY FAMILY HOLDINGS LTD,United Kingdom,Havant,PO9 1JH,15,1,Sat Aug 01 2026 17:49:31 GMT+0500 (Pakistan Standard Time),0
ent_ch_12436381,WRIGHT FAMILY HOLDINGS LIMITED,unconfirmed,single_family_office,qualifying,false,true,false,Mr Simon Andrew Wright,,,https://uk.linkedin.com/in/beverley-wright-9a243114,"WRIGHT, Beverley Jayne",,WRIGHT FAMILY HOLDINGS LIMITED,United Kingdom,Stockport,SK1 3TH,15,1,Sat Aug 01 2026 17:49:37 GMT+0500 (Pakistan Standard Time),0
ent_ch_12460408,NDK PATEL FAMILY HOLDINGS LTD,unconfirmed,single_family_office,qualifying,false,true,false,Mr Dinesh Chonibhai Patel,,,https://www.linkedin.com/in/dinesh-c-patel,"PATEL, Dinesh Chonibhai",,NDK PATEL FAMILY HOLDINGS LTD,United Kingdom,Billingham,TS23 4EA,14,1,Sat Aug 01 2026 17:49:43 GMT+0500 (Pakistan Standard Time),0
ent_ch_12476534,DORMOR FAMILY INVESTMENT COMPANY LTD,unconfirmed,,qualifying,false,false,false,"DORMOR, Robert",,,,"DORMOR, Robert",,DORMOR FAMILY INVESTMENT COMPANY LTD,United Kingdom,Exeter,EX5 1GD,12,1,Sat Aug 01 2026 16:19:16 GMT+0500 (Pakistan Standard Time),0
ent_ch_12505476,WILLIAMS FAMILY HOLDINGS LTD,unconfirmed,single_family_office,qualifying,false,true,false,Mr Frank Leslie Williams,,,https://www.linkedin.com/in/annalouisewilliams,"WILLIAMS, Anne Louise",,WILLIAMS FAMILY HOLDINGS LTD,United Kingdom,Canary Wharf,E14 9XL,15,1,Sat Aug 01 2026 17:49:49 GMT+0500 (Pakistan Standard Time),0
ent_ch_12509031,WALSH FAMILY HOLDINGS LTD,unconfirmed,single_family_office,qualifying,false,true,false,Mr Michael John Walsh,,,https://www.linkedin.com/in/marycatherinewalsh,"WALSH, Michael John",,WALSH FAMILY HOLDINGS LTD,United Kingdom,Billingham,TS23 4EA,14,1,Sat Aug 01 2026 17:49:54 GMT+0500 (Pakistan Standard Time),0
ent_ch_12526289,SUMMERHILL FAMILY INVESTMENT COMPANY LIMITED,unconfirmed,,qualifying,false,false,false,Mrs Samantha Anne Deehan,,,,"DEEHAN, Samantha Anne",,SUMMERHILL FAMILY INVESTMENT COMPANY LIMITED,United Kingdom,Exeter,EX5 1GB,12,1,Sat Aug 01 2026 16:09:22 GMT+0500 (Pakistan Standard Time),0
ent_ch_12530501,AUXILIA FAMILY OFFICE (UK) LTD,unconfirmed,,qualifying,false,false,false,Mr Raffaele Saurwein,,,,"KASTAL, Anna Maria",,AUXILIA FAMILY OFFICE (UK) LTD,United Kingdom,London,W1H 6DU,11,1,Sat Aug 01 2026 15:52:53 GMT+0500 (Pakistan Standard Time),0
ent_ch_12574812,KERAI FAMILY HOLDINGS LTD,unconfirmed,single_family_office,qualifying,false,true,true,Mr Manji Shivji Kerai,,,https://uk.linkedin.com/in/manjikerai,"KERAI, Manji Shivji","BIZ HUB TEES VALLEY, BELASIS HALL TECHNOLOGY PARK, BILLINGHAM, TS23 4EA",KERAI FAMILY HOLDINGS LTD,United Kingdom,Billingham,TS23 4EA,13,1,Sat Aug 01 2026 17:50:02 GMT+0500 (Pakistan Standard Time),0
ent_ch_12640988,WINTERSHALL FAMILY HOLDINGS LIMITED,unconfirmed,,qualifying,false,false,true,Mr Nicholas Peter Hutley,,,,"HUTLEY, Nicholas Peter","BRAMLEY, GU5 0LR",WINTERSHALL FAMILY HOLDINGS LIMITED,United Kingdom,Bramley,GU5 0LR,14,1,Sat Aug 01 2026 17:08:08 GMT+0500 (Pakistan Standard Time),0
ent_ch_12645837,THE ALLEN'S FAMILY HOLDINGS LTD,unconfirmed,single_family_office,qualifying,false,true,true,Mr Lee Roy Allen,,,https://ca.linkedin.com/in/allen-leroy-a790972,"ALLEN, Lee Roy","BIZ HUB TEES VALLEY, BELASIS HALL TECHNOLOGY PARK, BILLINGHAM, TS23 4EA",THE ALLEN'S FAMILY HOLDINGS LTD,United Kingdom,Billingham,TS23 4EA,13,1,Sat Aug 01 2026 17:50:08 GMT+0500 (Pakistan Standard Time),0
ent_ch_12647352,HENRY FAMILY HOLDINGS LTD,unconfirmed,single_family_office,qualifying,false,true,false,Mrs Beverley Joan Henry,,,https://uk.linkedin.com/in/krysta-allen-ma-cipd-l7-817681a7,"AYRES-HENRY, Jonjo James",,HENRY FAMILY HOLDINGS LTD,United Kingdom,Coulsdon,CR5 1PT,16,1,Sat Aug 01 2026 17:50:13 GMT+0500 (Pakistan Standard Time),0
ent_ch_12682173,HUNTER FOUR FAMILY HOLDINGS LTD,unconfirmed,,qualifying,false,true,false,Mrs Maretta Bridget Madigan,,,https://www.linkedin.com/in/tim-madigan-2700613,"MADIGAN, Anthony Timothy",,HUNTER FOUR FAMILY HOLDINGS LTD,United Kingdom,Redcar,TS10 1RS,13,1,Sat Aug 01 2026 17:53:02 GMT+0500 (Pakistan Standard Time),0
ent_ch_12706913,FRANCIS FAMILY OFFICE LIMITED,unconfirmed,single_family_office,qualifying,false,false,false,Mr Benjamin David Francis,,,,"REED, Christopher Ian",,FRANCIS FAMILY OFFICE LIMITED,United Kingdom,Solihull,B90 8AB,14,1,Fri Jul 31 2026 13:19:26 GMT+0500 (Pakistan Standard Time),1
ent_ch_12715461,GUNPUTH FAMILY OFFICE LIMITED,unconfirmed,,qualifying,false,false,true,"GUNPUTH, Kevin Roshan",,,,"GUNPUTH, Kevin Roshan","OLD CHRISTCHURCH ROAD, BOURNEMOUTH, BH1 1JU",GUNPUTH FAMILY OFFICE LIMITED,United Kingdom,Bournemouth,BH1 1JU,14,1,Sat Aug 01 2026 15:51:02 GMT+0500 (Pakistan Standard Time),0
ent_ch_12777718,FAMILY OFFICE TAX SERVICES LIMITED,unconfirmed,,qualifying,false,true,false,Mr Paul Philip Day,,,https://uk.linkedin.com/in/paul-day-4951344a,"DAY, Paul Philip",,FAMILY OFFICE TAX SERVICES LIMITED,United Kingdom,Bexley,DA5 2FD,12,1,Sat Aug 01 2026 17:50:22 GMT+0500 (Pakistan Standard Time),0
ent_ch_12795539,BARNETT FAMILY HOLDINGS LIMITED,unconfirmed,single_family_office,qualifying,false,true,true,Mr Joshua Benjamin Barnett,,,https://www.linkedin.com/in/joshuatbarnett,"BARNETT, Joshua Benjamin","7-12 TAVISTOCK SQUARE, LONDON, WC1H 9BQ",BARNETT FAMILY HOLDINGS LIMITED,United Kingdom,London,WC1H 9BQ,13,1,Fri Jul 31 2026 18:12:35 GMT+0500 (Pakistan Standard Time),0
ent_ch_12905506,PORTER FAMILY HOLDINGS LIMITED,unconfirmed,single_family_office,qualifying,false,true,true,Mr Mark Barry Porter,,,https://www.linkedin.com/in/barryporter74,"PORTER, Mark Barry","KESWICK HOUSE, MAIN STREET, GRANGE-OVER-SANDS, LA11 6AB",PORTER FAMILY HOLDINGS LIMITED,United Kingdom,Grange-Over-Sands,LA11 6AB,15,1,Sat Aug 01 2026 17:50:27 GMT+0500 (Pakistan Standard Time),0
ent_ch_12911663,SIR RICHARD OLVER FAMILY INVESTMENT COMPANY LIMITED,unconfirmed,single_family_office,qualifying,false,false,false,Sir Richard Lake Olver,,,,"BULL, Kathryn Louise Ann",,SIR RICHARD OLVER FAMILY INVESTMENT COMPANY LIMITED,United Kingdom,Cambridge,CB1 2JH,15,1,Sat Aug 01 2026 16:00:03 GMT+0500 (Pakistan Standard Time),1
ent_ch_12912696,SWIX FAMILY OFFICE UK LIMITED,unconfirmed,,qualifying,false,true,false,"BERNASCONI, Giacomo Marco",,,https://ch.linkedin.com/in/manucer-alexander-david-27923456,"BERNASCONI, Giacomo Marco",,SWIX FAMILY OFFICE UK LIMITED,United Kingdom,London,N3 1XW,13,1,Fri Jul 31 2026 18:31:23 GMT+0500 (Pakistan Standard Time),0
ent_ch_12913893,MACCOMBE FAMILY HOLDINGS LIMITED,unconfirmed,single_family_office,qualifying,false,false,false,Mrs Jaime Bharat Maccombe,,,,"MACCOMBE, Colin Henry Wilfred",,MACCOMBE FAMILY HOLDINGS LIMITED,United Kingdom,Billingham,TS23 4EA,13,1,Sat Aug 01 2026 16:37:39 GMT+0500 (Pakistan Standard Time),0
ent_ch_12917742,LEGACY 4 LIMITED,unconfirmed,,qualifying,false,true,false,"HOLLIDAY, Christopher Malcolm Alexander",,,https://www.linkedin.com/in/preston-murray-pe-39a6a911,"HOLLIDAY, Christopher Malcolm Alexander",,LEGACY 4 LIMITED,United Kingdom,Broadway,WR12 7LJ,13,1,Fri Jul 31 2026 18:18:54 GMT+0500 (Pakistan Standard Time),0
ent_ch_12965932,QUARTET FAMILY OFFICE LTD,unconfirmed,,qualifying,false,true,true,Mr Luke Petroc Norwood Dugdale,,,https://uk.linkedin.com/in/edward-hathaway,"HATHAWAY, Edward Thomas William","VICARAGE HILL, LOXWOOD, WEST SUSSEX, RH14 0RQ",QUARTET FAMILY OFFICE LTD,United Kingdom,Billingshurst,RH14 0RQ,29,1,Sat Aug 01 2026 15:44:00 GMT+0500 (Pakistan Standard Time),0
ent_ch_12980963,ALMOND FAMILY HOLDINGS LIMITED,unconfirmed,,qualifying,false,true,true,"ALMOND, Simon Christopher",,,https://uk.linkedin.com/in/emily-raye-almond,"ALMOND, Simon Christopher","KENNFORD, EXETER, EX6 7UN",ALMOND FAMILY HOLDINGS LIMITED,United Kingdom,Exeter,EX2 8PW,14,1,Sat Aug 01 2026 17:50:34 GMT+0500 (Pakistan Standard Time),0
ent_ch_12982776,GORDON FAMILY PROPERTY INVESTMENT LTD,unconfirmed,,qualifying,false,true,false,Mrs Victoria Louise Gordon,,,https://www.linkedin.com/in/peter-gordon-a3b0a7bb,"GORDON, Peter Marcus",,GORDON FAMILY PROPERTY INVESTMENT LTD,United Kingdom,Manchester,M23 9HD,14,1,Sat Aug 01 2026 17:50:41 GMT+0500 (Pakistan Standard Time),0
ent_ch_12996672,MOORE FAMILY OFFICE GROUP LIMITED,unconfirmed,single_family_office,qualifying,false,true,false,Francis Richard Hobart De Courcy Moore,,,https://www.linkedin.com/in/hobart-moore,"MOORE, Richard Hobart John De Courcy",,MOORE FAMILY OFFICE GROUP LIMITED,United Kingdom,London,SE1 3TQ,14,1,Sat Aug 01 2026 17:50:46 GMT+0500 (Pakistan Standard Time),1
ent_ch_13045971,J SHEARS FAMILY HOLDINGS LTD,unconfirmed,,qualifying,false,false,true,Mr Colin Norman Harrison,,,,"HARRISON, Colin Norman","BIZ HUB TEES VALLEY, BELASIS HALL TECHNOLOGY PARK, BILLINGHAM, TS23 4EA",J SHEARS FAMILY HOLDINGS LTD,United Kingdom,Billingham,TS23 4EA,11,1,Sat Aug 01 2026 17:15:39 GMT+0500 (Pakistan Standard Time),0
ent_ch_13058071,MCDOWELL FAMILY PROPERTY INVESTMENT LIMITED,unconfirmed,,qualifying,false,true,false,Mrs Lindsey Victoria Mcdowell,,,https://www.linkedin.com/in/ian-mcdowell-03b94b74,"MCDOWELL, Ian Douglas",,MCDOWELL FAMILY PROPERTY INVESTMENT LIMITED,United Kingdom,Chester,CH1 2LE,14,1,Sat Aug 01 2026 17:50:53 GMT+0500 (Pakistan Standard Time),0
ent_ch_13060984,HOWARTH FAMILY HOLDINGS LTD,unconfirmed,single_family_office,qualifying,false,false,false,Mrs Ailsa Rose Howarth,,,,"HOWARTH, George Hubert Simon",,HOWARTH FAMILY HOLDINGS LTD,United Kingdom,Bath,BA2 4BL,13,1,Sat Aug 01 2026 16:42:18 GMT+0500 (Pakistan Standard Time),0
ent_ch_13063240,RAHMAN FAMILY HOLDINGS LIMITED,unconfirmed,single_family_office,qualifying,false,true,true,Mr Sheikh Anisur Rahman,,,https://www.linkedin.com/in/sheikh-anisur-rahman-075b891a8,"RAHMAN, Sheikh Anisur","BIZ HUB TEES VALLEY, BELASIS HALL TECHNOLOGY PARK, BILLINGHAM, TS23 4EA",RAHMAN FAMILY HOLDINGS LIMITED,United Kingdom,Billingham,TS23 4EA,14,1,Sat Aug 01 2026 17:51:00 GMT+0500 (Pakistan Standard Time),0
ent_ch_13074207,SHOVLIN FAMILY HOLDINGS LTD,unconfirmed,single_family_office,qualifying,false,true,true,Ms Catherine Mary Shovlin,,,https://uk.linkedin.com/in/shovlin,"SHOVLIN, Catherine Mary","BIZ HUB TEES VALLEY, BELASIS HALL TECHNOLOGY PARK, BILLINGHAM, TS23 4EA",SHOVLIN FAMILY HOLDINGS LTD,United Kingdom,Billingham,TS23 4EA,13,1,Sat Aug 01 2026 17:51:06 GMT+0500 (Pakistan Standard Time),0
ent_ch_13091951,BURTON & FAMILY HOLDINGS LIMITED,unconfirmed,single_family_office,qualifying,false,true,true,Mr Paul Edward Burton,,,https://www.linkedin.com/in/pauljburton,"BURTON, Paul Edward","LOW ROAD, SCROOBY, DONCASTER, DN10 6AJ",BURTON & FAMILY HOLDINGS LIMITED,United Kingdom,Doncaster,DN10 6AJ,13,1,Sat Aug 01 2026 17:51:11 GMT+0500 (Pakistan Standard Time),0
ent_ch_13099349,THE JCHW FAMILY INVESTMENT COMPANY LIMITED,unconfirmed,,qualifying,false,false,true,Mr John Charles Hilary Wilkes,,,,"WILKES, John Charles Hilary","48 WESTFERRY CIRCUS, LONDON, E14 8RP",THE JCHW FAMILY INVESTMENT COMPANY LIMITED,United Kingdom,London,E14 8RP,22,1,Sat Aug 01 2026 18:27:43 GMT+0500 (Pakistan Standard Time),0
ent_ch_13136021,DOLLYS FAMILY INVESTMENT LIMITED,unconfirmed,,qualifying,false,true,true,Mr James Kennedy,,,https://uk.linkedin.com/in/carole-kennedy-9871768,"KENNEDY, Carole Ann","LIGHTOWLERS LANE, LITTLEBOROUGH, OL15 0LN",DOLLYS FAMILY INVESTMENT LIMITED,United Kingdom,Littleborough,OL15 0LN,15,1,Sat Aug 01 2026 17:53:14 GMT+0500 (Pakistan Standard Time),0
ent_ch_13138268,CARNOUSTIE GOLF HERITAGE AND HOSPITALITY GROUP LIMITED,unconfirmed,,qualifying,false,false,true,Mr Johann Maximilian Herberstein,,,,"HERBERSTEIN, Johann Maximilian","MANCHESTER SQUARE, LONDON, W1U 3PT",CARNOUSTIE GOLF HERITAGE AND HOSPITALITY GROUP LIMITED,United Kingdom,London,W1B 3DG,13,1,Fri Jul 31 2026 13:52:20 GMT+0500 (Pakistan Standard Time),0
ent_ch_13142989,GERSHON FAMILY HOLDINGS LIMITED,unconfirmed,single_family_office,qualifying,false,true,false,Mr Anthony Howard Gershon,,,https://www.linkedin.com/in/howard-gershon-b82976,"GERSHON, Anthony Howard",,GERSHON FAMILY HOLDINGS LIMITED,United Kingdom,Edgware,HA8 7DB,13,1,Sat Aug 01 2026 17:53:20 GMT+0500 (Pakistan Standard Time),0
ent_ch_13150239,NIEHORSTER FAMILY HOLDINGS LTD,unconfirmed,single_family_office,qualifying,false,false,true,Mr Jeffery Paul Niehorster,,,,"NIEHORSTER, Jeffery Paul","BIZ HUB TEES VALLEY, BELASIS HALL TECHNOLOGY PARK, BILLINGHAM, TS23 4EA",NIEHORSTER FAMILY HOLDINGS LTD,United Kingdom,Billingham,TS23 4EA,12,1,Sat Aug 01 2026 16:38:19 GMT+0500 (Pakistan Standard Time),0
ent_ch_13156746,MHBP FAMILY HOLDINGS LIMITED,unconfirmed,,qualifying,false,false,false,Mr Michael Henry Berkeley Portman,,,,"PORTMAN, Michael Henry Berkeley",,MHBP FAMILY HOLDINGS LIMITED,United Kingdom,Billingham,TS23 4EA,12,1,Sat Aug 01 2026 17:20:18 GMT+0500 (Pakistan Standard Time),0
ent_ch_13159175,DONNELLY FAMILY HOLDINGS UK LTD,unconfirmed,single_family_office,qualifying,false,true,true,Mr Andrew Gerald Donnelly,,,https://uk.linkedin.com/in/andrew-donnelly-770b60b5,"DONNELLY, Andrew Gerald","UNIT 2 OLD BREWERY HOUSE, SOUTH BURNS, CHESTER LE STREET, DH3 3EZ",DONNELLY FAMILY HOLDINGS UK LTD,United Kingdom,Chester Le Street,DH3 3EZ,15,1,Sat Aug 01 2026 17:53:28 GMT+0500 (Pakistan Standard Time),0
ent_ch_13163553,STIMPSON FAMILY HOLDINGS LTD,unconfirmed,single_family_office,qualifying,false,true,false,Ms Yvonne Elizabeth Stimpson,,,https://www.linkedin.com/in/robert-stimpson-a21a7985,"STIMPSON, Yvonne Elizabeth",,STIMPSON FAMILY HOLDINGS LTD,United Kingdom,Billingham,TS23 4EA,14,1,Sat Aug 01 2026 17:53:34 GMT+0500 (Pakistan Standard Time),0
ent_ch_13164702,HERMAN FAMILY HOLDINGS LTD,unconfirmed,single_family_office,qualifying,false,true,false,Mrs Jane Alison Herman,,,https://www.linkedin.com/in/jane-herman-1935aa77,"HERMAN, Jane Alison",,HERMAN FAMILY HOLDINGS LTD,United Kingdom,Billingham,TS23 4EA,14,1,Sat Aug 01 2026 17:53:39 GMT+0500 (Pakistan Standard Time),0
ent_ch_13189797,SHAMIM FAMILY HOLDINGS LIMITED,unconfirmed,single_family_office,qualifying,false,true,false,Mr Zia Ul Fateh Shamim,,,https://pk.linkedin.com/in/fatimashamim00,"SHAMIM, Zia Ul Fateh",,SHAMIM FAMILY HOLDINGS LIMITED,United Kingdom,Billingham,TS23 4EA,14,1,Sat Aug 01 2026 17:53:45 GMT+0500 (Pakistan Standard Time),0
ent_ch_13193375,GRAHAM ANDERSON FAMILY HOLDINGS LTD,unconfirmed,single_family_office,qualifying,false,true,true,Mr Graham Anderson,,,https://www.linkedin.com/in/graham-anderson-9924873,"ANDERSON, Graham","BIZ HUB TEES VALLEY, BELASIS HALL TECHNOLOGY PARK, BILLINGHAM, TS23 4EA",GRAHAM ANDERSON FAMILY HOLDINGS LTD,United Kingdom,Billingham,TS23 4EA,13,1,Sat Aug 01 2026 17:53:51 GMT+0500 (Pakistan Standard Time),0
ent_ch_13208943,YUILL FAMILY HOLDINGS LIMITED,unconfirmed,,qualifying,false,true,true,Mr David James Holland,,,https://uk.linkedin.com/in/ian-yuill-215ba63,"YUILL, Zoe","UPPER HARLESTONE, NORTHAMPTON, NN7 4EL",YUILL FAMILY HOLDINGS LIMITED,United Kingdom,Northampton,NN7 4EL,15,1,Sat Aug 01 2026 17:53:57 GMT+0500 (Pakistan Standard Time),0
ent_ch_13222383,NEWMAN HERITAGE LIMITED,unconfirmed,,qualifying,false,true,false,Mr David William Newman,,,https://www.linkedin.com/in/ianpelliott,"ELLIOTT, Ian Walter",,NEWMAN HERITAGE LIMITED,United Kingdom,Solihull,B94 5DF,20,1,Fri Jul 31 2026 18:19:00 GMT+0500 (Pakistan Standard Time),0
ent_ch_13231874,FOTHERGILL FAMILY INVESTMENT COMPANY LIMITED,unconfirmed,single_family_office,qualifying,false,true,true,Alastair David William Fothergill,,,https://uk.linkedin.com/in/alastair-fothergill-5b747917b,"FOTHERGILL, Alastair David William","ST CATHERINE'S COURT, BERKELEY PLACE, CLIFTON, BRISTOL, BS8 1BQ",FOTHERGILL FAMILY INVESTMENT COMPANY LIMITED,United Kingdom,Bristol,BS8 1BQ,13,1,Sat Aug 01 2026 17:54:02 GMT+0500 (Pakistan Standard Time),0
ent_ch_13235105,MCCULLOCH FAMILY HOLDINGS LTD,unconfirmed,single_family_office,qualifying,false,true,false,Mr Calum Allan Mcculloch,,,https://www.linkedin.com/in/melissa-mcculloch-3872769a,"MCCULLOCH, Melissa Ann",,MCCULLOCH FAMILY HOLDINGS LTD,United Kingdom,West Byfleet,KT14 6ES,14,1,Sat Aug 01 2026 17:54:07 GMT+0500 (Pakistan Standard Time),0
ent_ch_13261412,EVANS FAMILY HOLDINGS LIMITED,unconfirmed,single_family_office,qualifying,false,true,true,Mr Daniel Evans,,,https://www.linkedin.com/in/daniel-r-evans,"EVANS, Daniel","33-37 WATERGATE ROW SOUTH, CHESTER, CH1 2LE",EVANS FAMILY HOLDINGS LIMITED,United Kingdom,Chester,CH1 2LE,13,1,Sat Aug 01 2026 17:54:12 GMT+0500 (Pakistan Standard Time),0
ent_ch_13283128,SCOTT FAMILY HOLDINGS LTD,unconfirmed,single_family_office,qualifying,false,true,true,Mr Ryan Scott,,,https://www.linkedin.com/in/ryan-scott-21b426102,"SCOTT, Ryan","WOODFORD ROAD, FOREST GATE, E7 0HA",SCOTT FAMILY HOLDINGS LTD,United Kingdom,Forest Gate,E7 0HA,14,1,Sat Aug 01 2026 17:54:18 GMT+0500 (Pakistan Standard Time),0
ent_ch_13299347,CK PROPERTIES AND FAMILY OFFICE LIMITED,unconfirmed,,qualifying,false,false,true,Dr. Kylie Hohn,,,,"HOHN, Kylie, Dr.","CLIFFORD STREET, LONDON, W1S 2FT",CK PROPERTIES AND FAMILY OFFICE LIMITED,United Kingdom,Tangmere,PO20 2FS,11,1,Sat Aug 01 2026 15:51:30 GMT+0500 (Pakistan Standard Time),0
ent_ch_13304139,MOORS FAMILY INVESTMENT COMPANY LIMITED,unconfirmed,single_family_office,qualifying,false,true,false,Paul Moors,,,https://uk.linkedin.com/in/paul-moors-6798a54,"MOORS, Lesley Anne",,MOORS FAMILY INVESTMENT COMPANY LIMITED,United Kingdom,Altrincham,WA14 4QG,14,1,Fri Jul 31 2026 18:19:05 GMT+0500 (Pakistan Standard Time),0
ent_ch_13320038,NOBBS FAMILY HOLDINGS LTD,unconfirmed,,qualifying,false,true,false,"NOBBS, Kenneth John",,,https://uk.linkedin.com/in/john-nobbs-54244010,"NOBBS, Kenneth John",,NOBBS FAMILY HOLDINGS LTD,United Kingdom,Bexhill,TN39 5ES,13,1,Sat Aug 01 2026 17:54:24 GMT+0500 (Pakistan Standard Time),0
ent_ch_13321312,GSG FAMILY HOLDINGS LTD,unconfirmed,,qualifying,false,true,false,Mrs Harjeet Kaur Ghuman,,,https://in.linkedin.com/in/paramdeep-singh-ghuman-4b11321a,"GHUMAN, Gyan Singh",,GSG FAMILY HOLDINGS LTD,United Kingdom,Billingham,TS23 4EA,13,1,Sat Aug 01 2026 17:54:30 GMT+0500 (Pakistan Standard Time),0
ent_ch_13323014,THE JED FAMILY INVESTMENT COMPANY LIMITED,unconfirmed,,qualifying,false,false,true,Mr James George Dunkley,,,,"DUNKLEY, James George","WIGGINTON, BANBURY, OX15 4LH",THE JED FAMILY INVESTMENT COMPANY LIMITED,United Kingdom,Banbury,OX15 4LH,11,1,Sat Aug 01 2026 16:12:25 GMT+0500 (Pakistan Standard Time),0
ent_ch_13335864,CLARMOND FAMILY OFFICE LIMITED,unconfirmed,,qualifying,false,true,false,"TEALE, Maria Augusta",,,https://uk.linkedin.com/in/benjamin-teale-b02a8b24,"TEALE, Maria Augusta",,CLARMOND FAMILY OFFICE LIMITED,United Kingdom,Bristol,BS32 4JY,12,1,Sat Aug 01 2026 17:54:36 GMT+0500 (Pakistan Standard Time),0
ent_ch_13341137,DOBSON FAMILY HOLDINGS LTD,unconfirmed,single_family_office,qualifying,false,true,false,Mrs Susan Jane Dobson,,,https://www.linkedin.com/in/peter-dobson-96a3b318,"DOBSON, Susan Jane",,DOBSON FAMILY HOLDINGS LTD,United Kingdom,Billingham,TS23 4EA,14,1,Sat Aug 01 2026 17:54:41 GMT+0500 (Pakistan Standard Time),0
ent_ch_13347221,TF FAMILY OFFICE LIMITED,unconfirmed,,qualifying,false,true,true,"FAKHOURI, Shaker Tawfiq Shaker",,,https://jo.linkedin.com/in/shaker-fakhouri-24741447,"FAKHOURI, Shaker Tawfiq Shaker","KING STREET, ST JAMES'S, LONDON, SW1Y 6QU",TF FAMILY OFFICE LIMITED,United Kingdom,London,SW1Y 6QU,11,1,Sat Aug 01 2026 17:54:47 GMT+0500 (Pakistan Standard Time),0
ent_ch_13370900,EVANS FAMILY GROUP HOLDINGS LTD,unconfirmed,,qualifying,false,true,true,Mrs Pauline Jennifer Evans,,,https://uk.linkedin.com/in/jennifer-evans-bab47a65,"EVANS, Pauline Jennifer","BIZ HUB TEES VALLEY, BELASIS HALL TECHNOLOGY PARK, BILLINGHAM, TS23 4EA",EVANS FAMILY GROUP HOLDINGS LTD,United Kingdom,Billingham,TS23 4EA,12,1,Sat Aug 01 2026 17:54:52 GMT+0500 (Pakistan Standard Time),0
ent_ch_13429642,READMAN FAMILY INVESTMENT COMPANY LIMITED,unconfirmed,single_family_office,qualifying,false,true,false,Mr Benjamin Guy Readman,,,https://ca.linkedin.com/in/andrea-readman-6baaa6116,"READMAN, Andrea",,READMAN FAMILY INVESTMENT COMPANY LIMITED,United Kingdom,London,SW4 0DN,13,1,Sat Aug 01 2026 17:54:58 GMT+0500 (Pakistan Standard Time),0
ent_ch_13438371,SMITH BERNAL FAMILY HOLDINGS LIMITED,unconfirmed,single_family_office,qualifying,false,true,true,Mr Graham Francis Smith-Bernal,,,https://uk.linkedin.com/in/graham-smith-bernal-a915a79,"SMITH-BERNAL, Graham Francis","16 BLACKHILLS, ESHER, KT10 9JW",SMITH BERNAL FAMILY HOLDINGS LIMITED,United Kingdom,Esher,KT10 9JW,14,1,Sat Aug 01 2026 17:55:03 GMT+0500 (Pakistan Standard Time),0
ent_ch_13441560,SWAILES COMMERCIAL FAMILY OFFICE LTD,unconfirmed,single_family_office,qualifying,false,true,true,Robin Harold Horatio Swailes,,,https://uk.linkedin.com/in/robin-swailes-7326b1185,"SWAILES, Robin Harold Horatio","WALTON STREET, OXFORD, OX1 2HG",SWAILES COMMERCIAL FAMILY OFFICE LTD,United Kingdom,Reading,RG1 1PL,14,1,Sat Aug 01 2026 17:55:08 GMT+0500 (Pakistan Standard Time),0
ent_ch_13441570,SWAILES TRADING GROUP FAMILY OFFICE LTD,unconfirmed,single_family_office,qualifying,false,true,true,Robin Harold Horatio Swailes,,,https://www.linkedin.com/in/swailes-robin-47284042,"SWAILES, Robin Harold Horatio","WALTON STREET, OXFORD, OX1 2HG",SWAILES TRADING GROUP FAMILY OFFICE LTD,United Kingdom,Reading,RG1 1PL,14,1,Sat Aug 01 2026 17:55:13 GMT+0500 (Pakistan Standard Time),0
ent_ch_13450258,FOWLER FAMILY HOLDINGS LIMITED,unconfirmed,,qualifying,false,true,false,"GUEST, Anna Edwina",,,https://uk.linkedin.com/in/edfowler,"GUEST, Anna Edwina",,FOWLER FAMILY HOLDINGS LIMITED,United Kingdom,Ravensthorpe,NN6 8EH,13,1,Sat Aug 01 2026 17:55:18 GMT+0500 (Pakistan Standard Time),0
ent_ch_13476266,AHLUWALIA FAMILY OFFICE LIMITED,unconfirmed,,qualifying,false,true,false,"AHLUWALIA, Jai Singh",,,https://uk.linkedin.com/in/sukhpal-singh-ahluwalia,"AHLUWALIA, Jai Singh",,AHLUWALIA FAMILY OFFICE LIMITED,United Kingdom,Reading,RG1 4PN,15,1,Sat Aug 01 2026 17:55:24 GMT+0500 (Pakistan Standard Time),1
ent_ch_13502578,REISS FAMILY HOLDINGS LIMITED,unconfirmed,,qualifying,false,true,false,"REISS, David Anthony",,,https://uk.linkedin.com/in/simon-joseph-b523a112b,"REISS, David Anthony",,REISS FAMILY HOLDINGS LIMITED,United Kingdom,London,N6 5HX,12,1,Fri Jul 31 2026 18:12:50 GMT+0500 (Pakistan Standard Time),0
ent_ch_13503920,JACKSON FAMILY FUNERALS HOLDINGS LIMITED,unconfirmed,,qualifying,false,true,false,"TAYLOR, Paul",,,https://uk.linkedin.com/in/amie-cook-2a81301a7,"TAYLOR, Paul",,JACKSON FAMILY FUNERALS HOLDINGS LIMITED,United Kingdom,Pershore,WR10 2QS,14,1,Sat Aug 01 2026 17:55:29 GMT+0500 (Pakistan Standard Time),0
ent_ch_13510572,DARLETT FAMILY INVESTMENT COMPANY LIMITED,unconfirmed,,qualifying,false,false,false,Sophie Elizabeth Newman,,,,"NEWMAN, Lee",,DARLETT FAMILY INVESTMENT COMPANY LIMITED,United Kingdom,Plymouth,PL1 3GW,13,1,Sat Aug 01 2026 16:13:11 GMT+0500 (Pakistan Standard Time),0
ent_ch_13516862,KEELAN FAMILY HOLDINGS LIMITED,unconfirmed,single_family_office,qualifying,false,true,true,Mr Thomas John Keelan,,,https://www.linkedin.com/in/johnkeelanjr,"KEELAN, Thomas John","BIZ HUB TEES VALLEY, BELASIS HALL TECHNOLOGY PARK, BILLINGHAM, TS23 4EA",KEELAN FAMILY HOLDINGS LIMITED,United Kingdom,Billingham,TS23 4EA,13,1,Sat Aug 01 2026 17:55:36 GMT+0500 (Pakistan Standard Time),0
ent_ch_13522669,PARSONS FAMILY HOLDINGS LIMITED,unconfirmed,single_family_office,qualifying,false,true,false,Ms Megan Parsons,,,https://www.linkedin.com/in/matthewlparsons,"PARSONS, Megan",,PARSONS FAMILY HOLDINGS LIMITED,United Kingdom,York,YO10 4HW,14,1,Sat Aug 01 2026 17:55:43 GMT+0500 (Pakistan Standard Time),0
ent_ch_13536845,GREEN FAMILY INVESTMENTS AND HOLDINGS LIMITED,unconfirmed,,qualifying,false,true,false,Mr Paul Keith Green,,,https://www.linkedin.com/in/jamesgreen,"GREEN, James Adam",,GREEN FAMILY INVESTMENTS AND HOLDINGS LIMITED,United Kingdom,Doncaster,DN4 0BJ,14,1,Fri Jul 31 2026 18:12:55 GMT+0500 (Pakistan Standard Time),0
ent_ch_13538627,DOUCH FAMILY HOLDINGS LIMITED,unconfirmed,single_family_office,qualifying,false,true,false,Nicholas Peter Douch,,,https://uk.linkedin.com/in/john-douch,"DOUCH, Nicholas Peter",,DOUCH FAMILY HOLDINGS LIMITED,United Kingdom,Wimborne,BH21 1AB,18,1,Sat Aug 01 2026 17:55:48 GMT+0500 (Pakistan Standard Time),0
ent_ch_13545587,AXIOM FAMILY HOLDINGS LTD,unconfirmed,,qualifying,false,true,false,Mrs Michaela Shah,,,https://www.linkedin.com/in/mshah2,"SHAH, Milan Yogesh",,AXIOM FAMILY HOLDINGS LTD,United Kingdom,Billingham,TS23 4EA,13,1,Sat Aug 01 2026 17:55:54 GMT+0500 (Pakistan Standard Time),0
ent_ch_13577189,BOWERS FAMILY INVESTMENT LIMITED,unconfirmed,single_family_office,qualifying,false,true,false,Mrs Eileen Marie Bowers,,,https://www.linkedin.com/in/eileen-fry-bowers-phd-jd-aprn-faan-0030a3129,"BOWERS, Eileen Marie",,BOWERS FAMILY INVESTMENT LIMITED,United Kingdom,Newcastle Upon Tyne,NE3 5JW,14,1,Sat Aug 01 2026 17:56:00 GMT+0500 (Pakistan Standard Time),0
ent_ch_13590042,WILKINSON FAMILY HOLDINGS LIMITED,unconfirmed,single_family_office,qualifying,false,true,false,Mrs Emma Wilkinson,,,https://uk.linkedin.com/in/emmawilkinson,"WILKINSON, Philip John",,WILKINSON FAMILY HOLDINGS LIMITED,United Kingdom,Pocklington,YO42 2AE,14,1,Sat Aug 01 2026 17:56:06 GMT+0500 (Pakistan Standard Time),0
ent_ch_13606048,THE AVENT FAMILY INVESTMENT COMPANY LIMITED,unconfirmed,single_family_office,qualifying,false,false,false,Mr Jack Henry Avent,,,,"AVENT, Lesley Hilary",,THE AVENT FAMILY INVESTMENT COMPANY LIMITED,United Kingdom,London,N21 3EQ,16,1,Sat Aug 01 2026 16:01:36 GMT+0500 (Pakistan Standard Time),0
ent_ch_13607817,ATTWELL FAMILY INVESTMENT COMPANY LIMITED,unconfirmed,single_family_office,qualifying,false,true,false,Sallie Amanda Attwell,,,https://uk.linkedin.com/in/dean-attwell-38675b1,"FOLEY, Shaun",,ATTWELL FAMILY INVESTMENT COMPANY LIMITED,United Kingdom,Redditch,B98 9DD,17,1,Sat Aug 01 2026 17:56:13 GMT+0500 (Pakistan Standard Time),0
ent_ch_13642654,SHEPARD FAMILY HOLDINGS LTD,unconfirmed,single_family_office,qualifying,false,true,true,Mr James Shepard,,,https://www.linkedin.com/in/james-shepard-39088085,"SHEPARD, James","BIZ HUB TEES VALLEY, BELASIS HALL TECHNOLOGY PARK, BILLINGHAM, TS23 4EA",SHEPARD FAMILY HOLDINGS LTD,United Kingdom,Billingham,TS23 4EA,13,1,Sat Aug 01 2026 17:56:18 GMT+0500 (Pakistan Standard Time),0
ent_ch_13692510,JSM FAMILY INVESTMENT COMPANY LIMITED,unconfirmed,,qualifying,false,false,false,Mrs Shrina Jitenkumar Mashru,,,,"MASHRU, Jiten Niraj Jayant",,JSM FAMILY INVESTMENT COMPANY LIMITED,United Kingdom,Harrow,HA3 8LJ,12,1,Fri Jul 31 2026 13:42:31 GMT+0500 (Pakistan Standard Time),0
ent_ch_13702458,NATION FAMILY HOLDINGS LIMITED,unconfirmed,,qualifying,false,false,false,"BIRRELL, Huw Protheroe",,,,"BIRRELL, Huw Protheroe",,NATION FAMILY HOLDINGS LIMITED,United Kingdom,Sutton Coldfield,B73 5UE,13,1,Sat Aug 01 2026 17:14:29 GMT+0500 (Pakistan Standard Time),0
ent_ch_13710215,SURAJ FAMILY HOLDINGS LIMITED,unconfirmed,,qualifying,false,false,false,Mrs Sunita Mittal,,,,"PATEL, David",,SURAJ FAMILY HOLDINGS LIMITED,United Kingdom,Harrow,HA1 1PD,13,1,Sat Aug 01 2026 17:06:04 GMT+0500 (Pakistan Standard Time),0
ent_ch_13723609,GELLER FAMILY HOLDINGS LIMITED,unconfirmed,single_family_office,qualifying,false,true,false,Laurence Geller,,,https://www.linkedin.com/in/richard-geller-548b253,"GELLER, Laurence",,GELLER FAMILY HOLDINGS LIMITED,United Kingdom,London,SW6 3JW,13,1,Sat Aug 01 2026 17:56:27 GMT+0500 (Pakistan Standard Time),0
ent_ch_13735132,JUDGE FAMILY INVESTMENT COMPANY LIMITED,unconfirmed,single_family_office,qualifying,false,true,false,Mr Charles Peter Judge,,,https://www.linkedin.com/in/peter-judge-cfa-b55897b,"JUDGE, Charles Peter",,JUDGE FAMILY INVESTMENT COMPANY LIMITED,United Kingdom,Worksop,S80 1QS,17,1,Sat Aug 01 2026 17:56:33 GMT+0500 (Pakistan Standard Time),0
ent_ch_13763370,PENSON FAMILY OFFICE LIMITED,unconfirmed,single_family_office,qualifying,false,true,false,Lee James Penson,,,https://uk.linkedin.com/in/lee-penson-214a2b1,"PENSON, Lucy Isabel",,PENSON FAMILY OFFICE LIMITED,United Kingdom,Alresford,SO24 0AA,14,1,Sat Aug 01 2026 17:56:39 GMT+0500 (Pakistan Standard Time),0
ent_ch_13790774,WEST FAMILY HOLDINGS LTD,unconfirmed,single_family_office,qualifying,false,true,true,Mrs Ruth Helen West,,,https://www.linkedin.com/in/robert-west-2766aa169,"WEST, James Robert","THE RED RIDGE CENTRE, CEFN COCH, WELSHPOOL, SY21 0AZ",WEST FAMILY HOLDINGS LTD,United Kingdom,Welshpool,SY21 0AZ,15,1,Fri Jul 31 2026 18:13:01 GMT+0500 (Pakistan Standard Time),0
ent_ch_13806550,SEMARA FAMILY INVESTMENT LIMITED,unconfirmed,,qualifying,false,true,false,Mrs Katherine Alice Dalton,,,https://uk.linkedin.com/in/alice-dalton-mcbain-6b3763a2,"DALTON, Douglas Peter",,SEMARA FAMILY INVESTMENT LIMITED,United Kingdom,Taunton,TA1 3DU,14,1,Fri Jul 31 2026 18:13:06 GMT+0500 (Pakistan Standard Time),0
ent_ch_13833224,NGUYEN FAMILY HOLDINGS LTD,unconfirmed,,qualifying,false,true,true,"NGUYEN, Dinh Tu",,,https://www.linkedin.com/in/tu-nguyen-dinh-02678a100,"NGUYEN, Dinh Tu","TEAZEL AVENUE, BOURNVILLE, B30 1LZ",NGUYEN FAMILY HOLDINGS LTD,United Kingdom,Bournville,B30 1LZ,12,1,Sat Aug 01 2026 17:56:50 GMT+0500 (Pakistan Standard Time),0
ent_ch_13844767,KHANNA FAMILY HOLDINGS LIMITED,unconfirmed,single_family_office,qualifying,false,false,false,Mr Vinod Kumar Khanna,,,,"KHANNA, Neal",,KHANNA FAMILY HOLDINGS LIMITED,United Kingdom,Northwood,HA6 3ER,13,1,Sat Aug 01 2026 16:36:29 GMT+0500 (Pakistan Standard Time),0
ent_ch_13847464,GEORGALLIS FAMILY HOLDINGS LIMITED,unconfirmed,single_family_office,qualifying,false,false,false,Ms Coulla Georgallis,,,,"GEORGALLIS, Zoe Eleni",,GEORGALLIS FAMILY HOLDINGS LIMITED,United Kingdom,London,N14 6NZ,13,1,Sat Aug 01 2026 16:36:19 GMT+0500 (Pakistan Standard Time),0
ent_ch_13853900,PEARS FAMILY INDUSTRIAL HOLDINGS LIMITED,unconfirmed,,qualifying,false,false,false,Mr Nigel Rowley,,,,"PEARS, Trevor Steven, Sir",,PEARS FAMILY INDUSTRIAL HOLDINGS LIMITED,United Kingdom,London,E1W 9US,20,1,Sat Aug 01 2026 17:17:27 GMT+0500 (Pakistan Standard Time),1
ent_ch_13888048,HARMAN FAMILY HOLDINGS LIMITED,unconfirmed,single_family_office,qualifying,false,true,true,Mr David Harman,,,https://uk.linkedin.com/in/daharman,"HARMAN, Graham Eric","CLEWS ROAD, REDDITCH, B98 7ST",HARMAN FAMILY HOLDINGS LIMITED,United Kingdom,Redditch,B98 7ST,16,1,Sat Aug 01 2026 17:56:58 GMT+0500 (Pakistan Standard Time),0
ent_ch_13891996,KENT FAMILY HOLDINGS LTD,unconfirmed,single_family_office,qualifying,false,true,true,Mr John Arthur Kent,,,https://uk.linkedin.com/in/hannah-kent-60519422,"KENT, Maureen Hannah","CHESTNUT LANE, BARTON-IN-FABIS, NOTTINGHAM, NG11 0AE",KENT FAMILY HOLDINGS LTD,United Kingdom,Nottingham,NG11 0AE,14,1,Fri Jul 31 2026 18:31:38 GMT+0500 (Pakistan Standard Time),0
ent_ch_13909617,WEBB FAMILY HOLDINGS LTD,unconfirmed,single_family_office,qualifying,false,true,true,Mr Paul Webb,,,https://www.linkedin.com/in/brendan-webb-530588130,"WEBB, Brendan Michael","FARNHAM, GU10 3PD",WEBB FAMILY HOLDINGS LTD,United Kingdom,Farnham,GU10 3PD,16,1,Sat Aug 01 2026 17:57:03 GMT+0500 (Pakistan Standard Time),0
ent_ch_13916919,JECKELL FAMILY CAPITAL LTD,unconfirmed,,qualifying,false,false,false,Mr Rory Fraser Jeckell,,,,"JECKELL, Vikki",,JECKELL FAMILY CAPITAL LTD,United Kingdom,Brandon,IP27 0SX,12,1,Fri Jul 31 2026 13:48:34 GMT+0500 (Pakistan Standard Time),0
ent_ch_13925566,CURTIS FAMILY HOLDINGS LTD,unconfirmed,single_family_office,qualifying,false,true,false,Mrs Alice Elisabeth Curtis,,,https://www.linkedin.com/in/alice-j-curtis-899ab992,"CURTIS, Alice Elisabeth",,CURTIS FAMILY HOLDINGS LTD,United Kingdom,Billingham,TS23 4EA,14,1,Sat Aug 01 2026 17:57:10 GMT+0500 (Pakistan Standard Time),0
ent_ch_13949938,LEGACY PROPERTY ASSETS LIMITED,unconfirmed,,qualifying,false,false,false,Mrs Kate Emma Wreford,,,,"WREFORD, Kate Emma",,LEGACY PROPERTY ASSETS LIMITED,United Kingdom,Exeter,EX2 4DG,13,1,Fri Jul 31 2026 13:49:04 GMT+0500 (Pakistan Standard Time),0
ent_ch_13955002,THE HILLIER FAMILY INVESTMENT COMPANY LIMITED,unconfirmed,single_family_office,qualifying,false,true,false,Miles Daniel Hillier,,,https://www.linkedin.com/in/geoffhillier,"HILLIER, David Robert Geoffrey",,THE HILLIER FAMILY INVESTMENT COMPANY LIMITED,United Kingdom,Birmingham,B4 6GA,16,1,Sat Aug 01 2026 17:57:17 GMT+0500 (Pakistan Standard Time),0
ent_ch_13986221,HENNESSY FAMILY HOLDINGS LTD,unconfirmed,single_family_office,qualifying,false,false,false,Mr Richard Hennessy,,,,"HENNESSY, Fiona",,HENNESSY FAMILY HOLDINGS LTD,United Kingdom,Slough,SL2 4AU,13,1,Sat Aug 01 2026 17:03:10 GMT+0500 (Pakistan Standard Time),0
ent_ch_13986226,MCANDREW FAMILY HOLDINGS LTD,unconfirmed,single_family_office,qualifying,false,false,false,Mr Peter Anthony Mcandrew,,,,"MCANDREW, Liza",,MCANDREW FAMILY HOLDINGS LTD,United Kingdom,St. Albans,AL2 2QU,13,1,Sat Aug 01 2026 16:46:53 GMT+0500 (Pakistan Standard Time),0
ent_ch_13997741,BURGAN FAMILY HOLDINGS LIMITED,unconfirmed,single_family_office,qualifying,false,true,true,Mr Philip John Burgan,,,https://uk.linkedin.com/in/philburgan,"BURGAN, Philip John","GELDERD ROAD, LEEDS, WEST YORKSHIRE, LS12 6DB",BURGAN FAMILY HOLDINGS LIMITED,United Kingdom,West Yorkshire,LS12 6DB,13,1,Fri Jul 31 2026 18:13:22 GMT+0500 (Pakistan Standard Time),0
ent_ch_14002824,HERITAGE MIDCO LIMITED,unconfirmed,,qualifying,false,true,false,"LATHAM, Andrew David",,,https://www.linkedin.com/in/andrew-latham-430505a2,"LATHAM, Andrew David",,HERITAGE MIDCO LIMITED,United Kingdom,West Molesey,KT8 2NU,13,1,Fri Jul 31 2026 18:31:46 GMT+0500 (Pakistan Standard Time),0
ent_ch_14003231,HERITAGE BIDCO LIMITED,unconfirmed,,qualifying,false,true,false,"NETTLETON, Andrew Paul",,,https://uk.linkedin.com/in/andrew-latham-7ab40396,"NETTLETON, Andrew Paul",,HERITAGE BIDCO LIMITED,United Kingdom,West Molesey,KT8 2NU,13,1,Fri Jul 31 2026 18:31:51 GMT+0500 (Pakistan Standard Time),0
ent_ch_14003807,S&S FAMILY HOLDINGS LTD,unconfirmed,,qualifying,false,false,true,Ms Rikki Lee Saywell,,,,"SAYWELL, Rikki Lee","REGENT TERRACE, DONCASTER, DN1 2EE",S&S FAMILY HOLDINGS LTD,United Kingdom,Doncaster,DN1 2EE,11,1,Sat Aug 01 2026 16:40:48 GMT+0500 (Pakistan Standard Time),0
ent_ch_14045368,MIAH FAMILY HOLDINGS LTD,unconfirmed,single_family_office,qualifying,false,false,false,Mr Koyes Miah,,,,"MIAH, Juned",,MIAH FAMILY HOLDINGS LTD,United Kingdom,Haslemere,GU27 2QA,14,1,Sat Aug 01 2026 17:11:13 GMT+0500 (Pakistan Standard Time),0
ent_ch_14046216,ARCTURUS FAMILY INVESTMENT LTD,unconfirmed,,qualifying,false,false,true,Ms Pui Man Chan,,,,"CHAN, Pui Man","GREAT PORTLAND STRE, 5TH FLOOR, LONDON, W1W 5PF",ARCTURUS FAMILY INVESTMENT LTD,United Kingdom,London,W1W 5PF,11,1,Sat Aug 01 2026 16:14:30 GMT+0500 (Pakistan Standard Time),0
ent_ch_14077344,D&A FAMILY HOLDINGS LIMITED,unconfirmed,,qualifying,false,false,false,Mr David Craven,,,,"CRAVEN, David",,D&A FAMILY HOLDINGS LIMITED,United Kingdom,Benfleet,SS7 2RD,13,1,Sat Aug 01 2026 17:03:22 GMT+0500 (Pakistan Standard Time),0
ent_ch_14103903,KNOWLES FAMILY HOLDINGS LIMITED,unconfirmed,single_family_office,qualifying,false,false,false,Mrs Samantha Marie Knowles,,,,"KNOWLES, Philip Simon",,KNOWLES FAMILY HOLDINGS LIMITED,United Kingdom,Macclesfield,SK10 1BX,14,1,Sat Aug 01 2026 16:30:58 GMT+0500 (Pakistan Standard Time),0
ent_ch_14110261,T&A FAMILY INVESTMENT LIMITED,unconfirmed,,qualifying,false,false,true,Mr Tamer Saied Mohamed Mohamed Elhariry,,,,"ELHARIRY, Tamer Saied Mohamed Mohamed","CLARKE STREET, DERBY, DE1 2BU",T&A FAMILY INVESTMENT LIMITED,United Kingdom,Derby,DE1 2BU,11,1,Sat Aug 01 2026 16:07:52 GMT+0500 (Pakistan Standard Time),0
ent_ch_14124986,TALFOURD FAMILY HOLDINGS LTD,unconfirmed,,qualifying,false,false,true,Ms Nicola Jane Walker,,,,"WALKER, Nicola Jane","ADMIRALS WAY, CANARY WHARF, E14 9XL",TALFOURD FAMILY HOLDINGS LTD,United Kingdom,Canary Wharf,E14 9XL,12,1,Sat Aug 01 2026 17:24:33 GMT+0500 (Pakistan Standard Time),0
ent_ch_14126520,THE OLIVER FAMILY OFFICE LIMITED,unconfirmed,single_family_office,qualifying,false,true,true,Mrs Susan Oliver,,,https://www.linkedin.com/in/susan-oliver-5ab1b9ba,"OLIVER, Susan","ST. PETER'S WHARF, TYNE & WEAR, NEWCASTLE UPON TYNE, NE6 1TZ",THE OLIVER FAMILY OFFICE LIMITED,United Kingdom,Newcastle Upon Tyne,NE6 1TZ,13,1,Fri Jul 31 2026 18:31:56 GMT+0500 (Pakistan Standard Time),0
ent_ch_14127058,PLUMRIDGE FAMILY INVESTMENT COMPANY LTD,unconfirmed,single_family_office,qualifying,false,false,true,Miss Sarah Plumridge,,,,"PLUMRIDGE, Sarah","SALISBURY, SP1 1HG",PLUMRIDGE FAMILY INVESTMENT COMPANY LTD,United Kingdom,Salisbury,SP1 1HG,13,1,Sat Aug 01 2026 16:03:31 GMT+0500 (Pakistan Standard Time),0
ent_ch_14148354,SLK FAMILY HOLDINGS LIMITED,unconfirmed,,qualifying,false,false,false,Mr Amit Karia,,,,"KARIA, Amit",,SLK FAMILY HOLDINGS LIMITED,United Kingdom,London,SW1Y 5JG,12,1,Sat Aug 01 2026 16:42:54 GMT+0500 (Pakistan Standard Time),0
ent_ch_14159473,SANDHU FAMILY HOLDINGS LIMITED,unconfirmed,,qualifying,false,false,false,"EVANS, Daljit",,,,"EVANS, Daljit",,SANDHU FAMILY HOLDINGS LIMITED,United Kingdom,Southampton,SO16 3TQ,14,1,Sat Aug 01 2026 16:48:30 GMT+0500 (Pakistan Standard Time),2
ent_ch_14173108,THE LEON FAMILY INVESTMENT COMPANY LIMITED,unconfirmed,single_family_office,qualifying,false,true,false,Mr Roger Paul Leon,,,https://www.linkedin.com/in/helen-leon-3b22b5294,"LEON, Roger Paul",,THE LEON FAMILY INVESTMENT COMPANY LIMITED,United Kingdom,Leeds,LS1 4DL,14,1,Fri Jul 31 2026 18:19:13 GMT+0500 (Pakistan Standard Time),0
ent_ch_14181657,GAMBLE FAMILY INVESTMENT COMPANY LIMITED,unconfirmed,single_family_office,qualifying,false,false,false,Mr Nicholas Searle Gamble,,,,"GAMBLE, Nicholas Searle",,GAMBLE FAMILY INVESTMENT COMPANY LIMITED,United Kingdom,Huddersfield,HD1 2EW,17,1,Sat Aug 01 2026 16:00:39 GMT+0500 (Pakistan Standard Time),0
ent_ch_14183201,CARDWELL FAMILY HOLDINGS LIMITED,unconfirmed,single_family_office,qualifying,false,false,true,Mr Harry Gelder Cardwell,,,,"CARDWELL, Karen Bridget","NORTH CAVE, BROUGH, HU15 2LW",CARDWELL FAMILY HOLDINGS LIMITED,United Kingdom,Brough,HU15 2LW,16,1,Sat Aug 01 2026 16:45:02 GMT+0500 (Pakistan Standard Time),0
ent_ch_14225018,RICHLAND FAMILY INVESTMENT COMPANY LIMITED,unconfirmed,,qualifying,false,false,false,Mr Robert Andrew Johnston,,,,"WYATT, Alex",,RICHLAND FAMILY INVESTMENT COMPANY LIMITED,United Kingdom,Hawarden,CH5 3DJ,14,1,Sat Aug 01 2026 16:11:10 GMT+0500 (Pakistan Standard Time),0
ent_ch_14245354,MATTHEWS FAMILY INVESTMENT LIMITED,unconfirmed,single_family_office,qualifying,false,false,true,Mr David Charles Thomas Kennedy Matthews,,,,"MATTHEWS, David Charles Thomas Kennedy","THE LEAS, CHESTFIELD, WHITSTABLE, CT5 3LB",MATTHEWS FAMILY INVESTMENT LIMITED,United Kingdom,Whitstable,CT5 3LB,13,1,Sat Aug 01 2026 16:12:37 GMT+0500 (Pakistan Standard Time),0
ent_ch_14254343,KIRSCHEL FAMILY HOLDINGS LIMITED,unconfirmed,single_family_office,qualifying,false,false,true,Laurence Grant Kirschel,,,,"KIRSCHEL, Laurence Grant","LONDON, SW7 4AG",KIRSCHEL FAMILY HOLDINGS LIMITED,United Kingdom,London,SW7 4AG,12,1,Sat Aug 01 2026 16:35:49 GMT+0500 (Pakistan Standard Time),0
ent_ch_14290128,FAMILY INVESTMENT CONSULTING LIMITED,unconfirmed,,qualifying,false,false,true,Mr Alex Khosrowpour,,,,"KHOSROWPOUR, Alex","16 PEPPER STREET, LONDON, E14 9RP",FAMILY INVESTMENT CONSULTING LIMITED,United Kingdom,London,E14 9RP,11,1,Sat Aug 01 2026 16:09:34 GMT+0500 (Pakistan Standard Time),0
ent_ch_14307671,PETERS FAMILY INVESTMENT COMPANY LIMITED,unconfirmed,single_family_office,qualifying,false,true,false,Mr Christopher Joseph Peters,,,https://www.linkedin.com/in/christopher-peters-cfa-9630aa18,"PETERS, James Edward",,PETERS FAMILY INVESTMENT COMPANY LIMITED,United Kingdom,Reading,RG8 7LY,17,1,Fri Jul 31 2026 18:32:02 GMT+0500 (Pakistan Standard Time),0
ent_ch_14397355,GRAD FAMILY HOLDINGS LTD,unconfirmed,,qualifying,false,false,true,Mr Mark Jerzy Gradosielski,,,,"GRADOSIELSKI, Mark Jerzy","BIZ HUB TEES VALLEY, BELASIS HALL TECHNOLOGY PARK, BILLINGHAM, TS23 4EA",GRAD FAMILY HOLDINGS LTD,United Kingdom,Billingham,TS23 4EA,11,1,Sat Aug 01 2026 17:06:29 GMT+0500 (Pakistan Standard Time),0
ent_ch_14399266,LATCHUM HERITAGE WEALTH MANAGEMENT LTD,unconfirmed,,qualifying,false,false,true,Mr Martin Latchum,,,,"LATCHUM, Martin","WHITTLE LE WOODS, CHORLEY, PR6 7RH",LATCHUM HERITAGE WEALTH MANAGEMENT LTD,United Kingdom,Chorley,PR6 7RU,12,1,Fri Jul 31 2026 13:54:49 GMT+0500 (Pakistan Standard Time),0
ent_ch_14404201,SIMMONS FAMILY HOLDINGS LIMITED,unconfirmed,single_family_office,qualifying,false,false,true,Mr Christopher Simmons,,,,"SIMMONS, Paul Ronald","7 QUEENSBRIDGE, NORTHAMPTON, NN4 7BF",SIMMONS FAMILY HOLDINGS LIMITED,United Kingdom,Northampton,NN4 7BF,15,1,Sat Aug 01 2026 17:14:05 GMT+0500 (Pakistan Standard Time),0
ent_ch_14436123,WHITEHEAD FAMILY HOLDINGS LIMITED,unconfirmed,single_family_office,qualifying,false,true,false,John Crompton Whitehead,,,https://uk.linkedin.com/in/whiteheadnicholas,"ATKINSON, Helen Elizabeth",,WHITEHEAD FAMILY HOLDINGS LIMITED,United Kingdom,Bolton,BL6 4SB,16,1,Fri Jul 31 2026 18:32:09 GMT+0500 (Pakistan Standard Time),0
ent_ch_14439639,GEORGE FAMILY INVESTMENT COMPANY LIMITED,unconfirmed,single_family_office,qualifying,false,false,false,Mr Michael Eric George,,,,"GEORGE, Michael Eric",,GEORGE FAMILY INVESTMENT COMPANY LIMITED,United Kingdom,Huntingdon,PE29 1YB,13,1,Sat Aug 01 2026 16:20:39 GMT+0500 (Pakistan Standard Time),0
ent_ch_14478487,GAMMA FAMILY PROPERTY INVESTMENT LIMITED,unconfirmed,,qualifying,false,false,true,Mr Chandima Harsha Gammampila,,,,"GAMMAMPILA, Chandima Harsha","RUSKIN DRIVE, WORCESTER PARK, KT4 8LG",GAMMA FAMILY PROPERTY INVESTMENT LIMITED,United Kingdom,Worcester Park,KT4 8LG,11,1,Sat Aug 01 2026 16:08:56 GMT+0500 (Pakistan Standard Time),0
ent_ch_14487873,MARTIN FAMILY HOLDINGS LIMITED,unconfirmed,single_family_office,qualifying,false,false,false,David Martin,,,,"MCKINNON, Jessica Magdalene",,MARTIN FAMILY HOLDINGS LIMITED,United Kingdom,Alton,GU34 2EN,16,1,Sat Aug 01 2026 16:59:09 GMT+0500 (Pakistan Standard Time),0
ent_ch_14506701,CARISMA FAMILY INVESTMENT COMPANY LIMITED,unconfirmed,,qualifying,false,false,false,Mr Martin Russell Turner,,,,"TURNER, Paul Martin",,CARISMA FAMILY INVESTMENT COMPANY LIMITED,United Kingdom,Watford,WD18 8YH,15,1,Sat Aug 01 2026 16:13:36 GMT+0500 (Pakistan Standard Time),0
ent_ch_14516277,GERSHON FAMILY INVESTMENT GROUP LIMITED,unconfirmed,single_family_office,qualifying,false,true,false,Mr Anthony Howard Gershon,,,https://www.linkedin.com/in/howard-gershon-b82976,"GERSHON, Hayley Lisa",,GERSHON FAMILY INVESTMENT GROUP LIMITED,United Kingdom,Edgware,HA8 7DB,13,1,Fri Jul 31 2026 18:13:48 GMT+0500 (Pakistan Standard Time),0
ent_ch_14519807,IVES FAMILY HOLDINGS LIMITED,unconfirmed,single_family_office,qualifying,false,false,true,Mr James Ives,,,,"IVES, Emma Dawn","NORTH COMMONS, CARLINGFORD",IVES FAMILY HOLDINGS LIMITED,United Kingdom,Llanymynech,SY22 6QJ,16,1,Fri Jul 31 2026 13:45:24 GMT+0500 (Pakistan Standard Time),0
ent_ch_14539221,THE THORNTON ABBOTT FAMILY INVESTMENT COMPANY LIMITED,unconfirmed,single_family_office,qualifying,false,false,false,Rachel Thornton-Abbott,,,,"THORNTON-ABBOTT, Rachel",,THE THORNTON ABBOTT FAMILY INVESTMENT COMPANY LIMITED,United Kingdom,York,YO62 4EJ,14,1,Sat Aug 01 2026 16:18:43 GMT+0500 (Pakistan Standard Time),0
ent_ch_14540398,THE MULHOLLAND FAMILY INVESTMENT COMPANY LIMITED,unconfirmed,single_family_office,qualifying,false,false,false,Mrs Michelle Elizabeth Mulholland,,,,"MULHOLLAND, Kevin Patrick",,THE MULHOLLAND FAMILY INVESTMENT COMPANY LIMITED,United Kingdom,Coventry,CV3 2RQ,16,1,Sat Aug 01 2026 16:14:07 GMT+0500 (Pakistan Standard Time),0
ent_ch_14567942,MEDYNSKY FAMILY OFFICE UK LTD.,unconfirmed,,qualifying,false,true,true,Mr Masood Rashid,,,https://uk.linkedin.com/in/rashid-masood-mirza-39407922b,"RASHID, Masood","KNIGHTSBRIDGE, LONDON, SW7 1DN",MEDYNSKY FAMILY OFFICE UK LTD.,United Kingdom,London,W8 5NJ,12,1,Fri Jul 31 2026 18:14:00 GMT+0500 (Pakistan Standard Time),0
ent_ch_14568277,YABO FAMILY OFFICE LTD,unconfirmed,,qualifying,false,false,true,Mr Yabo Cui,,,,"CUI, Yabo","LONDON STREET, READING, RG1 4QA",YABO FAMILY OFFICE LTD,United Kingdom,Reading,RG1 4QA,12,1,Sat Aug 01 2026 15:54:20 GMT+0500 (Pakistan Standard Time),0
ent_ch_14578402,BODEN RAIL HERITAGE SUPPLIES LIMITED,unconfirmed,,qualifying,false,true,true,Mr Neil Robert Boden,,,https://ca.linkedin.com/in/neil-boden-40356186,"BODEN, Neil Robert","KIRKBY IN ASHFIELD, NOTTINGHAM, NG17 9EL",BODEN RAIL HERITAGE SUPPLIES LIMITED,United Kingdom,Nottingham,NG17 9EL,12,1,Fri Jul 31 2026 18:14:05 GMT+0500 (Pakistan Standard Time),0
ent_ch_14587156,BENNETT FAMILY HOLDINGS LTD,unconfirmed,single_family_office,qualifying,false,true,false,Ms Jane Yvonne Bennett,,,https://www.linkedin.com/in/yvonnekbennett,"BENNETT, Jane Yvonne",,BENNETT FAMILY HOLDINGS LTD,United Kingdom,Brentwood,CM14 4AS,14,1,Fri Jul 31 2026 18:19:19 GMT+0500 (Pakistan Standard Time),0
ent_ch_14604511,ST GEORGE'S HERITAGE LTD,unconfirmed,,qualifying,false,true,true,Dr Robert Charles Patterson,,,https://www.linkedin.com/in/robert-patterson-0014746b,"PATTERSON, Robert Charles, Dr","5TH FLOOR, WALKER HOUSE, EXCHANGE FLAGS, LIVERPOOL, L2 3YL",ST GEORGE'S HERITAGE LTD,United Kingdom,Wirral,CH48 2JF,12,1,Fri Jul 31 2026 18:14:11 GMT+0500 (Pakistan Standard Time),0
ent_ch_14631840,SUR MULTI FAMILY OFFICE LIMITED,unconfirmed,,qualifying,false,true,false,"TARAWNEH, Shouq Ae",,,https://sa.linkedin.com/in/hamad-alsalloom-835a2326b,"TARAWNEH, Shouq Ae",,SUR MULTI FAMILY OFFICE LIMITED,United Kingdom,London,W1K 4HX,11,1,Fri Jul 31 2026 18:19:25 GMT+0500 (Pakistan Standard Time),0
ent_ch_14634052,RENAISSANCE FAMILY OFFICE LIMITED,unconfirmed,,qualifying,false,false,true,Syed Furqan Ahmed,,,,"AHMED, Syed Furqan","ST NICHOLAS WAY, SUTTON, SM1 1JB",RENAISSANCE FAMILY OFFICE LIMITED,United Kingdom,Sutton,SM1 1JB,12,1,Sat Aug 01 2026 15:56:26 GMT+0500 (Pakistan Standard Time),0
ent_ch_14645536,A FAMILY OFFICE LTD,unconfirmed,,qualifying,false,false,true,Mr Mike Peter Adams,,,,"ADAMS, Mike Peter","DEVONSHIRE STREET, GROUND FLOOR, LONDON, W1G 7AJ",A FAMILY OFFICE LTD,United Kingdom,London,W1G 7AJ,11,1,Sat Aug 01 2026 15:58:48 GMT+0500 (Pakistan Standard Time),0
ent_ch_14653484,JKL FAMILY HOLDINGS LIMITED,unconfirmed,,qualifying,false,false,false,Juliet Nicola Mary Liebenberg,,,,"LIEBENBERG, Juliet Nicola Mary",,JKL FAMILY HOLDINGS LIMITED,United Kingdom,Bracknell,RG42 4DU,13,1,Sat Aug 01 2026 17:04:43 GMT+0500 (Pakistan Standard Time),0
ent_ch_14695938,FENTON FAMILY OFFICE LIMITED,unconfirmed,single_family_office,qualifying,false,false,false,Mr Thomas Ashley Fenton,,,,"FENTON, Thomas Ashley",,FENTON FAMILY OFFICE LIMITED,United Kingdom,Hereford,HR4 9DX,13,1,Fri Jul 31 2026 13:19:48 GMT+0500 (Pakistan Standard Time),0
ent_ch_14707786,GRAHAM FAMILY HOLDINGS LIMITED,unconfirmed,single_family_office,qualifying,false,false,true,Mr Thomas Stephen Graham,,,,"GRAHAM, Thomas Stephen","1 ST JAMES' GATE, NEWCASTLE UPON TYNE, NE1 4AD",GRAHAM FAMILY HOLDINGS LIMITED,United Kingdom,Newcastle Upon Tyne,NE1 4AD,12,1,Sat Aug 01 2026 16:41:00 GMT+0500 (Pakistan Standard Time),0
ent_ch_14737303,RPJ FAMILY HOLDINGS LIMITED,unconfirmed,,qualifying,false,true,true,Mrs Sarah Jane Taylor,,,https://uk.linkedin.com/in/sarah-jane-taylor-493a81327,"TAYLOR, Sarah Jane","CHURCH LANE, ARBORFIELD, READING, RG2 9JA",RPJ FAMILY HOLDINGS LIMITED,United Kingdom,Reading,RG2 9JA,13,1,Fri Jul 31 2026 18:14:22 GMT+0500 (Pakistan Standard Time),0
ent_ch_14742055,WAVES FAMILY HOLDINGS LTD,unconfirmed,single_family_office,qualifying,false,false,false,Mr Jason James Eyers Waves,,,,"WAVES, Sophie Elizabeth",,WAVES FAMILY HOLDINGS LTD,United Kingdom,Manchester,M35 9BG,13,1,Sat Aug 01 2026 16:44:28 GMT+0500 (Pakistan Standard Time),0
ent_ch_14758327,DEACON FAMILY INVESTMENT COMPANY LIMITED,unconfirmed,single_family_office,qualifying,false,false,false,Ms Sarah Megan Forsyth,,,,"DEACON, Jonathan William",,DEACON FAMILY INVESTMENT COMPANY LIMITED,United Kingdom,Northumberland,NE65 0UD,13,1,Sat Aug 01 2026 16:18:33 GMT+0500 (Pakistan Standard Time),0
ent_ch_14763546,SUMMERS FAMILY HOLDINGS LIMITED,unconfirmed,single_family_office,qualifying,false,false,false,Mr Richard Summers,,,,"SUMMERS, Richard",,SUMMERS FAMILY HOLDINGS LIMITED,United Kingdom,Sheffield,S36 7GS,14,1,Sat Aug 01 2026 16:54:49 GMT+0500 (Pakistan Standard Time),0
ent_ch_14766096,CHEETHAM FAMILY INVESTMENT COMPANY LIMITED,unconfirmed,single_family_office,qualifying,false,false,false,Mr Daryl Michael Cheetham,,,,"CHEETHAM, Rebecca Liann",,CHEETHAM FAMILY INVESTMENT COMPANY LIMITED,United Kingdom,Altrincham,WA14 1QE,13,1,Sat Aug 01 2026 16:19:37 GMT+0500 (Pakistan Standard Time),0
ent_ch_14781766,POWER & CO. FAMILY OFFICE LTD.,unconfirmed,single_family_office,qualifying,false,true,false,Mr Edward Power,,,https://uk.linkedin.com/in/edward-power-6365b0aa,"POWER, Edward",,POWER & CO. FAMILY OFFICE LTD.,United Kingdom,London,WC2H 9JQ,12,1,Fri Jul 31 2026 18:14:28 GMT+0500 (Pakistan Standard Time),0
ent_ch_14783314,MORGAN FAMILY HOLDINGS LIMITED,unconfirmed,single_family_office,qualifying,false,false,true,Mr Gareth Morgan,,,,"MORGAN, Gareth","MONKS CROSS DRIVE, HUNTINGTON, YORK, YO32 9GZ",MORGAN FAMILY HOLDINGS LIMITED,United Kingdom,York,YO32 9GZ,12,1,Sat Aug 01 2026 16:46:32 GMT+0500 (Pakistan Standard Time),0
ent_ch_14791614,MILLIGAN FAMILY HOLDINGS LTD,unconfirmed,single_family_office,qualifying,false,false,true,Mr Leon James Stevenson-Milligan,,,,"STEVENSON-MILLIGAN, Leon James","COXWOLD WAY, BELASIS HALL TECHNOLOGY PARK, BILLINGHAM, TS23 4EA",MILLIGAN FAMILY HOLDINGS LTD,United Kingdom,Billingham,TS23 4EA,12,1,Sat Aug 01 2026 16:38:51 GMT+0500 (Pakistan Standard Time),0
ent_ch_14792629,STOCKS FAMILY OFFICE LIMITED,unconfirmed,single_family_office,qualifying,false,false,false,Mr William Howard Stocks,,,,"STOCKS, William Howard",,STOCKS FAMILY OFFICE LIMITED,United Kingdom,Harrogate,HG2 8JJ,13,1,Sat Aug 01 2026 15:53:03 GMT+0500 (Pakistan Standard Time),0
ent_ch_14805705,ASG FAMILY HOLDINGS LTD,unconfirmed,,qualifying,false,false,true,Dr Ameet Singh Ghatahora,,,,"GHATAHORA, Ameet Singh, Dr","BIZ HUB TEES VALLEY, BELASIS HALL TECHNOLOGY PARK, BILLINGHAM, TS23 4EA",ASG FAMILY HOLDINGS LTD,United Kingdom,Billingham,TS23 4EA,11,1,Sat Aug 01 2026 16:38:41 GMT+0500 (Pakistan Standard Time),0
ent_ch_14817981,TRRM FAMILY INVESTMENT COMPANY LIMITED,unconfirmed,,qualifying,false,false,false,Mr William Frederick Scales,,,,"SCALES, Thomas William",,TRRM FAMILY INVESTMENT COMPANY LIMITED,United Kingdom,Scarborough,YO11 3TU,12,1,Sat Aug 01 2026 16:19:06 GMT+0500 (Pakistan Standard Time),0
ent_ch_14823039,TANDON FAMILY OFFICE LIMITED,unconfirmed,single_family_office,qualifying,false,true,false,Mr Manoj Tandon,,,https://www.linkedin.com/in/manoj-tandon-ab5baa12,"TANDON, Manoj",,TANDON FAMILY OFFICE LIMITED,United Kingdom,Croydon,CR0 1JB,15,1,Fri Jul 31 2026 18:32:18 GMT+0500 (Pakistan Standard Time),0
ent_ch_14831486,BARBER FAMILY HOLDINGS LIMITED,unconfirmed,single_family_office,qualifying,false,false,true,Mr Mark Peter Barber,,,,"BARBER, Mark Peter","FULWOOD, PRESTON, PR2 3AE",BARBER FAMILY HOLDINGS LIMITED,United Kingdom,Preston,PR2 3AE,13,1,Sat Aug 01 2026 17:00:10 GMT+0500 (Pakistan Standard Time),0
ent_ch_14846008,K & E FAMILY HOLDINGS LTD,unconfirmed,,qualifying,false,false,false,Mrs Samantha Kerry,,,,"KERRY, Karl",,K & E FAMILY HOLDINGS LTD,United Kingdom,Fareham,PO16 8SX,15,1,Sat Aug 01 2026 16:53:22 GMT+0500 (Pakistan Standard Time),0
ent_ch_14858794,KNOWLES FAMILY INVESTMENT COMPANY LIMITED,unconfirmed,single_family_office,qualifying,false,true,false,Mr Zak Adam Knowles,,,https://www.linkedin.com/in/jacqueline-knowles-ba83a341,"KNOWLES, Ryan",,KNOWLES FAMILY INVESTMENT COMPANY LIMITED,United Kingdom,Colchester,CO7 6AG,18,1,Fri Jul 31 2026 18:32:23 GMT+0500 (Pakistan Standard Time),0
ent_ch_14868656,RWHE FAMILY HOLDINGS LTD,unconfirmed,,qualifying,false,false,true,Mr Richard William Hugh English,,,,"ENGLISH, Richard William Hugh","BIZ HUB TEES VALLEY, BELASIS HALL TECHNOLOGY PARK, BILLINGHAM, TS23 4EA",RWHE FAMILY HOLDINGS LTD,United Kingdom,Billingham,TS23 4EA,11,1,Sat Aug 01 2026 17:03:52 GMT+0500 (Pakistan Standard Time),0
ent_ch_14890991,LATTO FAMILY HOLDINGS LTD,unconfirmed,single_family_office,qualifying,false,false,true,Mr Daniel Latto,,,,"LATTO, Daniel","BIZ HUB TEES VALLEY, BELASIS HALL TECHNOLOGY PARK, BILLINGHAM, TS23 4EA",LATTO FAMILY HOLDINGS LTD,United Kingdom,Billingham,TS23 4EA,12,1,Sat Aug 01 2026 16:22:24 GMT+0500 (Pakistan Standard Time),0
ent_ch_14898937,DEAKIN FAMILY INVESTMENT COMPANY LIMITED,unconfirmed,single_family_office,qualifying,false,false,false,Mr Christian James Deakin,,,,"DEAKIN, Christian James",,DEAKIN FAMILY INVESTMENT COMPANY LIMITED,United Kingdom,Fareham,PO16 0EN,14,1,Sat Aug 01 2026 16:07:00 GMT+0500 (Pakistan Standard Time),0
ent_ch_14905096,GEN HERITAGE HOLDINGS LTD,unconfirmed,,qualifying,false,false,true,Ms Ima Kreismane,,,,"KREISMANE, Ima","MINERVA ROAD, ROCHESTER, ME2 3HN",GEN HERITAGE HOLDINGS LTD,United Kingdom,Rochester,ME2 3HN,11,1,Fri Jul 31 2026 13:51:41 GMT+0500 (Pakistan Standard Time),0
ent_ch_14926942,HERITAGE FINANCIAL GROUP LTD,unconfirmed,,qualifying,false,false,false,Mr Andrew Michael Cook,,,,"COOK, Andrew Michael",,HERITAGE FINANCIAL GROUP LTD,United Kingdom,Christchurch,BH23 1QL,14,1,Fri Jul 31 2026 13:50:06 GMT+0500 (Pakistan Standard Time),0
ent_ch_14952707,LINTON FAMILY HOLDINGS FINANCE LTD,unconfirmed,single_family_office,qualifying,false,false,false,Mr Jack David Linton,,,,"EGERTON, Selina Natalie Linton",,LINTON FAMILY HOLDINGS FINANCE LTD,United Kingdom,London,NW5 1RT,16,1,Sat Aug 01 2026 16:49:46 GMT+0500 (Pakistan Standard Time),0
ent_ch_14955492,T AND M FAMILY HOLDINGS LIMITED,unconfirmed,,qualifying,false,false,false,Mr Paul Hindmarsh Morris,,,,"TOURBIER, Florence Marie",,T AND M FAMILY HOLDINGS LIMITED,United Kingdom,Farnham,GU9 7LW,12,1,Sat Aug 01 2026 16:59:24 GMT+0500 (Pakistan Standard Time),0
ent_ch_14957225,MCCREDIE FAMILY HOLDINGS LTD,unconfirmed,single_family_office,qualifying,false,false,true,Mr James Lawrence Alexander Mccredie,,,,"MCCREDIE, James Lawrence Alexander","BIZ HUB TEES VALLEY, BELASIS HALL TECHNOLOGY PARK, BILLINGHAM, TS23 4EA",MCCREDIE FAMILY HOLDINGS LTD,United Kingdom,Billingham,TS23 4EA,12,1,Sat Aug 01 2026 17:07:46 GMT+0500 (Pakistan Standard Time),0
ent_ch_14964155,DAVIDOFF FREY FAMILY OFFICE (UK) LTD,unconfirmed,single_family_office,qualifying,false,true,false,Mrs Tatyana Davidoff,,,https://ch.linkedin.com/in/ariel-sergio-davidoff-lawyer-board-advisor,"DAVIDOFF, Tatyana",,DAVIDOFF FREY FAMILY OFFICE (UK) LTD,United Kingdom,London,WC1R 4PF,13,1,Fri Jul 31 2026 18:32:31 GMT+0500 (Pakistan Standard Time),0
ent_ch_14967803,WHITE FAMILY HOLDINGS LIMITED,unconfirmed,single_family_office,qualifying,false,false,false,Mrs Deborah White,,,,"WHITE, Deborah",,WHITE FAMILY HOLDINGS LIMITED,United Kingdom,Evesham,WR11 7EJ,13,1,Sat Aug 01 2026 16:33:05 GMT+0500 (Pakistan Standard Time),0
ent_ch_14982565,HERITAGE SOMERFIELD HOLDINGS LIMITED,unconfirmed,,qualifying,false,true,false,"MILLWARD, Phillip Robert",,,https://uk.linkedin.com/in/paul-culshaw-5811a619,"MILLWARD, Phillip Robert",,HERITAGE SOMERFIELD HOLDINGS LIMITED,United Kingdom,Bolton,BL6 4SB,12,1,Fri Jul 31 2026 18:19:31 GMT+0500 (Pakistan Standard Time),0
ent_ch_15002441,SINHA FAMILY HOLDINGS LTD,unconfirmed,,qualifying,false,false,false,Mr Harish Deepak,,,,"DEEPAK, Harish",,SINHA FAMILY HOLDINGS LTD,United Kingdom,Manchester,M4 4EY,12,1,Sat Aug 01 2026 17:19:22 GMT+0500 (Pakistan Standard Time),0
ent_ch_15014088,ZAKHARIA FAMILY HOLDINGS LIMITED,unconfirmed,,qualifying,false,false,true,Mr Kalpesh Shah,,,,"SHAH, Kalpesh","MARLBOROUGH HOUSE, 298 REGENTS PARK ROAD, FINCHLEY, N3 2SZ",ZAKHARIA FAMILY HOLDINGS LIMITED,United Kingdom,Finchley,N3 2SZ,12,1,Sat Aug 01 2026 17:10:53 GMT+0500 (Pakistan Standard Time),0
ent_ch_15058153,BRAIN FAMILY HOLDINGS LIMITED,unconfirmed,single_family_office,qualifying,false,true,false,Mr David Maitland Brain,,,https://uk.linkedin.com/in/laura-maitland-brain-3385a615,"BRAIN, David Maitland",,BRAIN FAMILY HOLDINGS LIMITED,United Kingdom,Slough,SL2 3TA,14,1,Fri Jul 31 2026 18:19:37 GMT+0500 (Pakistan Standard Time),0
ent_ch_15062968,RICHARDS HERITAGE COLLECTION LIMITED,unconfirmed,,qualifying,false,true,false,"RICHARDS, Karen",,,https://www.linkedin.com/in/karen-richards-432564106,"RICHARDS, Karen",,RICHARDS HERITAGE COLLECTION LIMITED,United Kingdom,Banbury,OX16 4XD,13,1,Fri Jul 31 2026 18:32:36 GMT+0500 (Pakistan Standard Time),0
ent_ch_15142854,AUXILIUM FAMILY OFFICE LIMITED,unconfirmed,,qualifying,false,false,true,Mr Christopher Theodorou,,,,"THEODOROU, Christopher","GANDER GREEN LANE, CHEAM, SUTTON, SM3 9QZ",AUXILIUM FAMILY OFFICE LIMITED,United Kingdom,Sutton,SM3 9QZ,11,1,Fri Jul 31 2026 13:41:27 GMT+0500 (Pakistan Standard Time),0
ent_ch_15155672,TEAL FAMILY HOLDINGS LIMITED,unconfirmed,single_family_office,qualifying,false,false,false,Mr Nicholas Alexander Teal,,,,"TEAL, Russell",,TEAL FAMILY HOLDINGS LIMITED,United Kingdom,Kirkby In Ashfield,NG17 7JR,15,1,Sat Aug 01 2026 17:17:44 GMT+0500 (Pakistan Standard Time),0
ent_ch_15160048,LLOYD FAMILY HOLDINGS LTD,unconfirmed,single_family_office,qualifying,false,true,false,Margaret Roma Lloyd,,,https://www.linkedin.com/in/kathryn-lloyd-545a6783,"LLOYD, Kathryn Roma",,LLOYD FAMILY HOLDINGS LTD,United Kingdom,Shoeburyness,SS3 9QT,17,1,Fri Jul 31 2026 18:14:55 GMT+0500 (Pakistan Standard Time),0
ent_ch_15172123,MAGUIRE FAMILY LAW HOLDINGS LIMITED,unconfirmed,,qualifying,false,false,false,Ms Eimear Therese Maguire,,,,"MAGUIRE, Eimear Therese",,MAGUIRE FAMILY LAW HOLDINGS LIMITED,United Kingdom,Altrincham,WA14 1EE,13,1,Sat Aug 01 2026 17:05:30 GMT+0500 (Pakistan Standard Time),0
ent_ch_15198072,UGGLA FAMILY OFFICE LIMITED,unconfirmed,single_family_office,qualifying,false,false,true,Mr Lance Darrell Gordon Uggla,,,,"TAYLOR, Roslyn Jane","CAVENDISH SQUARE, LONDON, W1G 0PW",UGGLA FAMILY OFFICE LIMITED,United Kingdom,London,W1G 0PW,12,1,Sat Aug 01 2026 15:58:14 GMT+0500 (Pakistan Standard Time),0
ent_ch_15219502,PELHAM FAMILY HOLDINGS LTD,unconfirmed,,qualifying,false,false,true,Mrs Balbir Dosanjh,,,,"DOSANJH, Balbir","SHARNAL STREET, HIGH HALSTOW, ROCHESTER, ME3 8QW",PELHAM FAMILY HOLDINGS LTD,United Kingdom,Dartford,DA1 3EN,12,1,Sat Aug 01 2026 17:14:41 GMT+0500 (Pakistan Standard Time),0
ent_ch_15229269,BELL FAMILY INVESTMENT COMPANY LIMITED,unconfirmed,single_family_office,qualifying,false,false,false,Mr Martin Bell,,,,"BELL, Martin",,BELL FAMILY INVESTMENT COMPANY LIMITED,United Kingdom,Sittingbourne,ME10 4BJ,14,1,Sat Aug 01 2026 16:17:56 GMT+0500 (Pakistan Standard Time),0
ent_ch_15251398,ORCHARD FAMILY HOLDINGS LTD,unconfirmed,,qualifying,false,false,false,Dr Daniel Masud,,,,"MASUD, Daniel, Dr",,ORCHARD FAMILY HOLDINGS LTD,United Kingdom,Colchester,CO4 9AS,13,1,Sat Aug 01 2026 16:46:10 GMT+0500 (Pakistan Standard Time),0
ent_ch_15280114,FAMILY TREE (HOLDINGS) LIMITED,unconfirmed,,qualifying,false,false,true,Mr David Matthew Sumnall,,,,"SUMNALL, David Matthew","CRESCENT ROAD, WORTHING, BN11 1RL",FAMILY TREE (HOLDINGS) LIMITED,United Kingdom,Worthing,BN11 1RL,12,1,Sat Aug 01 2026 17:02:11 GMT+0500 (Pakistan Standard Time),0
ent_ch_15298042,FAMILY INVESTMENT GROUP LIMITED,unconfirmed,,qualifying,false,false,true,"BENTON, Sophie Kay",,,,"BENTON, Sophie Kay","HEADLAND ROAD, NORTH CURL CURL, SYDNEY, 2099",FAMILY INVESTMENT GROUP LIMITED,United Kingdom,London,WC2H 7HF,14,1,Sat Aug 01 2026 16:18:07 GMT+0500 (Pakistan Standard Time),1
ent_ch_15335777,WCK FAMILY HOLDINGS LIMITED,unconfirmed,,qualifying,false,false,false,Mr Ivan Raymond Woodcock,,,,"WOODCOCK, Timothy Alfred",,WCK FAMILY HOLDINGS LIMITED,United Kingdom,Standish,WN6 0YQ,15,1,Sat Aug 01 2026 16:43:05 GMT+0500 (Pakistan Standard Time),0
ent_ch_15341733,WATSON FAMILY OFFICE GP LIMITED,unconfirmed,single_family_office,qualifying,false,false,false,Ian Watson,,,,"WATSON, Lucinda Margaret",,WATSON FAMILY OFFICE GP LIMITED,United Kingdom,London,EC4A 3AQ,13,1,Sat Aug 01 2026 15:59:49 GMT+0500 (Pakistan Standard Time),1
ent_ch_15349699,NORTH POINT FAMILY INVESTMENT COMPANY LIMITED,unconfirmed,,qualifying,false,false,true,Mrs Carolyn Eyton,,,,"EYTON, Carolyn","BURKES ROAD, BEACONSFIELD, HP9 1PB",NORTH POINT FAMILY INVESTMENT COMPANY LIMITED,United Kingdom,Beaconsfield,HP9 1PB,14,1,Sat Aug 01 2026 16:12:10 GMT+0500 (Pakistan Standard Time),0
ent_ch_15354483,ATLANTIC FAMILY HOLDINGS LTD,unconfirmed,,qualifying,false,false,false,"HILL, Christopher John",,,,"HILL, Christopher John",,ATLANTIC FAMILY HOLDINGS LTD,United Kingdom,Clacton-On-Sea,CO15 4LU,11,1,Sat Aug 01 2026 16:45:26 GMT+0500 (Pakistan Standard Time),0
ent_ch_15368092,HARPIN FAMILY HOLDINGS LTD,unconfirmed,single_family_office,qualifying,false,false,true,Mr Thomas Roy Harpin,,,,"HARPIN, Thomas Roy","GARDEN STREET, THURMASTON, LEICESTER, LE4 8DS",HARPIN FAMILY HOLDINGS LTD,United Kingdom,Leicester,LE4 8DS,14,1,Sat Aug 01 2026 16:40:25 GMT+0500 (Pakistan Standard Time),0
ent_ch_15384815,T G FAMILY HOLDINGS LIMITED,unconfirmed,,qualifying,false,false,true,Mrs Debra Louise Stewart,,,,"STEWART, Saskia","HOLBEACH, SPALDING, PE12 8JD",T G FAMILY HOLDINGS LIMITED,United Kingdom,Spalding,PE12 8JD,17,1,Sat Aug 01 2026 16:43:41 GMT+0500 (Pakistan Standard Time),0
ent_ch_15399803,DARK HORSE FAMILY OFFICE LIMITED,unconfirmed,,qualifying,false,false,true,Mr Alexander Easdale,,,,"STOCKBRIDGE, Brian","ARLINGTON STREET, LONDON, SW1A 1RN",DARK HORSE FAMILY OFFICE LIMITED,United Kingdom,London,SW1A 1RN,13,1,Sat Aug 01 2026 15:52:15 GMT+0500 (Pakistan Standard Time),0
ent_ch_15406592,CHEUNG FAMILY HOLDINGS LIMITED,unconfirmed,,qualifying,false,false,false,Mrs Mary Grace Balanban Camillo,,,,"CHEUNG, Lok Lun",,CHEUNG FAMILY HOLDINGS LIMITED,United Kingdom,Tenby,SA70 7HD,11,1,Sat Aug 01 2026 17:14:18 GMT+0500 (Pakistan Standard Time),0
ent_ch_15411636,FSF FAMILY HOLDINGS LTD,unconfirmed,,qualifying,false,false,false,Ms Elizabeth Suzanne Dougall,,,,"DUFFY, Matthew Iain",,FSF FAMILY HOLDINGS LTD,United Kingdom,London,N22 7XH,12,1,Sat Aug 01 2026 16:36:49 GMT+0500 (Pakistan Standard Time),0
ent_ch_15412173,TUPPY FAMILY HOLDINGS LIMITED,unconfirmed,,qualifying,false,false,true,Mr U Peng Tan,,,,"TAN, U Peng","AZTEC ROW, BERNERS ROAD, ISLINGTON, N1 0PW",TUPPY FAMILY HOLDINGS LIMITED,United Kingdom,Islington,N1 0PW,12,1,Sat Aug 01 2026 16:53:44 GMT+0500 (Pakistan Standard Time),0
ent_ch_15526802,KNIGHT FAMILY HOLDINGS LTD,unconfirmed,single_family_office,qualifying,false,false,false,Mr Stephen Andrew Knight,,,,"KNIGHT, Elizabeth",,KNIGHT FAMILY HOLDINGS LTD,United Kingdom,Cheadle Heath,SK3 0SD,13,1,Sat Aug 01 2026 16:50:44 GMT+0500 (Pakistan Standard Time),0
ent_ch_15528427,AGARWAL FAMILY HOLDINGS LTD,unconfirmed,single_family_office,qualifying,false,false,false,Mr Ankit Agarwal,,,,"GOVIL, Anica",,AGARWAL FAMILY HOLDINGS LTD,United Kingdom,Hornchurch,RM12 6DY,13,1,Sat Aug 01 2026 17:26:35 GMT+0500 (Pakistan Standard Time),0
ent_ch_15559379,EVERSTREAM FAMILY OFFICE LIMITED,unconfirmed,,qualifying,false,false,true,Syed Furqan Ahmed,,,,"AHMED, Syed Furqan","ST. NICHOLAS WAY, SUTTON, SM1 1JB",EVERSTREAM FAMILY OFFICE LIMITED,United Kingdom,Sutton,SM1 1JB,11,1,Sat Aug 01 2026 15:52:04 GMT+0500 (Pakistan Standard Time),0
ent_ch_15588322,BA FAMILY INVESTMENT COMPANY LIMITED,unconfirmed,,qualifying,false,false,true,Mr Ben Thomas Anderson,,,,"ANDERSON, Ben Thomas","FESTIVAL WAY, FESTIVAL PARK, STOKE-ON-TRENT, ST1 5BB",BA FAMILY INVESTMENT COMPANY LIMITED,United Kingdom,Stoke-On-Trent,ST1 5BB,12,1,Sat Aug 01 2026 16:14:40 GMT+0500 (Pakistan Standard Time),0
ent_ch_15590556,CREATIVE PLUS FAMILY HOLDINGS LTD,unconfirmed,,qualifying,false,false,false,Mrs Ilaben Rajesh Sachula,,,,"SACHULA, Ilaben Rajesh",,CREATIVE PLUS FAMILY HOLDINGS LTD,United Kingdom,Peterborough,PE1 2DU,13,1,Sat Aug 01 2026 16:45:15 GMT+0500 (Pakistan Standard Time),0
ent_ch_15595129,IMPERIAL FAMILY OFFICE LIMITED,unconfirmed,,qualifying,false,true,false,"WADE, Alexander Richard Jason",,,https://uk.linkedin.com/in/alexander-wade-45970812,"WADE, Alexander Richard Jason",,IMPERIAL FAMILY OFFICE LIMITED,United Kingdom,London,N1 7GU,13,1,Fri Jul 31 2026 18:19:44 GMT+0500 (Pakistan Standard Time),0
ent_ch_15597475,TOP NOTCH RENTALS FAMILY INVESTMENT COMPANY LIMITED,unconfirmed,,qualifying,false,false,true,Mr Jaswinder Singh Dosanjh,,,,"DOSANJH, Jaswinder Singh","POITIERS ROAD, COVENTRY, CV3 5JY",TOP NOTCH RENTALS FAMILY INVESTMENT COMPANY LIMITED,United Kingdom,Coventry,CV1 4JL,11,1,Sat Aug 01 2026 16:08:15 GMT+0500 (Pakistan Standard Time),0
ent_ch_15608787,KYPRIANOU FAMILY HOLDINGS LTD,unconfirmed,single_family_office,qualifying,false,false,true,Robert Anastassis Kyprianou,,,,"KYPRIANOU, Tasoula","GREEN LANES, LONDON, N21 2SG",KYPRIANOU FAMILY HOLDINGS LTD,United Kingdom,London,N21 2SG,13,1,Sat Aug 01 2026 17:27:27 GMT+0500 (Pakistan Standard Time),0
ent_ch_15657981,SEXTON FAMILY HOLDINGS LIMITED,unconfirmed,single_family_office,qualifying,false,true,false,Mr Patrick Sexton,,,https://www.linkedin.com/in/patrick-sexton-5143332,"SEXTON, David Michael",,SEXTON FAMILY HOLDINGS LIMITED,United Kingdom,Pinner,HA5 3BN,14,1,Fri Jul 31 2026 18:15:01 GMT+0500 (Pakistan Standard Time),0
ent_ch_15662264,PRIOR FAMILY HOLDINGS LTD,unconfirmed,single_family_office,qualifying,false,false,true,Miss Kayleigh Foord,,,,"FOORD, Kayleigh","DOMINION ROAD, BRISTOL, BS16 3ES",PRIOR FAMILY HOLDINGS LTD,United Kingdom,Bristol,BS16 3ES,15,1,Sat Aug 01 2026 17:25:42 GMT+0500 (Pakistan Standard Time),0
ent_ch_15719636,FOOTPRINTS FAMILY OFFICE UK EUROPE LIMITED,unconfirmed,,qualifying,false,false,true,Mrs Faten Mhedhbi,,,,"MHEDHBI, Faten","CITY APARTMENTS, CITY ROAD, CHESTER, CH1 3AB",FOOTPRINTS FAMILY OFFICE UK EUROPE LIMITED,United Kingdom,London,W1J 5HN,12,1,Sat Aug 01 2026 15:51:40 GMT+0500 (Pakistan Standard Time),0
ent_ch_15766097,JOHNSON FAMILY HOLDINGS LIMITED,unconfirmed,single_family_office,qualifying,false,true,true,Matthew David Johnson,,,https://www.linkedin.com/in/matthew-david-johnson,"JOHNSON, Matthew David","HATHERLEY ROAD, SIDCUP, DA14 4DT",JOHNSON FAMILY HOLDINGS LIMITED,United Kingdom,Sidcup,DA14 4DT,13,1,Fri Jul 31 2026 18:15:06 GMT+0500 (Pakistan Standard Time),0
ent_ch_15772387,AINSWORTH FAMILY HOLDINGS LTD,unconfirmed,single_family_office,qualifying,false,false,false,Mrs Suzanne Ainsworth,,,,"AINSWORTH, Suzanne",,AINSWORTH FAMILY HOLDINGS LTD,United Kingdom,Penrith,CA11 0EP,13,1,Sat Aug 01 2026 16:49:59 GMT+0500 (Pakistan Standard Time),0
ent_ch_15794629,CREATIVE PLUS TRADING FAMILY HOLDINGS LTD,unconfirmed,,qualifying,false,false,false,Mrs Ilaben Rajesh Sachula,,,,"SACHULA, Ilaben Rajesh",,CREATIVE PLUS TRADING FAMILY HOLDINGS LTD,United Kingdom,Peterborough,PE1 2DU,13,1,Sat Aug 01 2026 17:21:24 GMT+0500 (Pakistan Standard Time),0
ent_ch_15800562,MAHER FAMILY HOLDINGS LIMITED,unconfirmed,single_family_office,qualifying,false,false,true,Mr David Maher,,,,"MAHER, David John","OLD WOLVERTON ROAD, OLD WOLVERTON, MILTON KEYNES, MK12 5NN",MAHER FAMILY HOLDINGS LIMITED,United Kingdom,Milton Keynes,MK12 5NN,13,1,Sat Aug 01 2026 16:44:07 GMT+0500 (Pakistan Standard Time),0
ent_ch_15810589,SOKA FAMILY HOLDINGS LTD,unconfirmed,,qualifying,false,false,false,"SOKA IQBAL, Malik Zernosh",,,,"SOKA IQBAL, Malik Zernosh",,SOKA FAMILY HOLDINGS LTD,United Kingdom,"Ponteland, Newcastle Upon Tyne",NE20 9HG,12,1,Sat Aug 01 2026 17:12:20 GMT+0500 (Pakistan Standard Time),0
ent_ch_15840786,THE ASHFORD FAMILY INVESTMENT COMPANY LIMITED,unconfirmed,single_family_office,qualifying,false,false,false,Mr James Ashford,,,,"ASHFORD-BELL, Rebecca",,THE ASHFORD FAMILY INVESTMENT COMPANY LIMITED,United Kingdom,Derbyshire,DE21 5EL,13,1,Sat Aug 01 2026 16:00:52 GMT+0500 (Pakistan Standard Time),0
ent_ch_15844033,HANBURY FAMILY INVESTMENT COMPANY LIMITED,unconfirmed,,qualifying,false,false,false,Dr Verity Evetts Buchanan,,,,"BUCHANAN, Verity Evetts, Dr",,HANBURY FAMILY INVESTMENT COMPANY LIMITED,United Kingdom,London,SW10 9NP,12,1,Sat Aug 01 2026 16:08:28 GMT+0500 (Pakistan Standard Time),0
ent_ch_15848391,DPS FAMILY OFFICE LIMITED,unconfirmed,,qualifying,false,false,false,Ms Sibylle Roswitha Labahn,,,,"PATEL, David",,DPS FAMILY OFFICE LIMITED,United Kingdom,Ashford,TN27 0NG,13,1,Sat Aug 01 2026 15:58:58 GMT+0500 (Pakistan Standard Time),0
ent_ch_15850256,C&W FAMILY OFFICE LTD,unconfirmed,,qualifying,false,false,true,Ms Yile Wang,,,,"WANG, Yile","41 MASTMAKER ROAD, LONDON, E14 9XS",C&W FAMILY OFFICE LTD,United Kingdom,London,W1W 7LT,11,1,Sat Aug 01 2026 15:57:32 GMT+0500 (Pakistan Standard Time),0
ent_ch_15852779,KEEGAN FAMILY HOLDINGS LIMITED,unconfirmed,single_family_office,qualifying,false,false,true,Mr Thomas John Keegan,,,,"KEEGAN, Thomas John","GROUND FLOOR, 401 FARADAY STREET, WARRINGTON, CHESHIRE, WA3 6GA",KEEGAN FAMILY HOLDINGS LIMITED,United Kingdom,Warrington,WA3 6GA,15,1,Sat Aug 01 2026 16:51:05 GMT+0500 (Pakistan Standard Time),0
ent_ch_15852865,POXTON FAMILY HOLDINGS LIMITED,unconfirmed,single_family_office,qualifying,false,false,true,Mr David Andrew Poxton,,,,"POXTON, David Andrew","DERBY, DE1 1TJ",POXTON FAMILY HOLDINGS LIMITED,United Kingdom,Alfreton,DE55 7AD,13,1,Sat Aug 01 2026 17:01:29 GMT+0500 (Pakistan Standard Time),0
ent_ch_15863427,ALPHA FAMILY HOLDINGS LIMITED,unconfirmed,,qualifying,false,false,false,Mr Peter Charles Barrett,,,,"BARRETT, Peter Charles",,ALPHA FAMILY HOLDINGS LIMITED,United Kingdom,Haywards Heath,RH16 3TP,15,1,Sat Aug 01 2026 16:49:34 GMT+0500 (Pakistan Standard Time),0
ent_ch_15917302,UNDERHILL FAMILY INVESTMENT LIMITED,unconfirmed,single_family_office,qualifying,false,false,false,John Underhill,,,,"UNDERHILL, Vanessa Sarah",,UNDERHILL FAMILY INVESTMENT LIMITED,United Kingdom,Salisbury,SP1 2AS,14,1,Sat Aug 01 2026 16:01:13 GMT+0500 (Pakistan Standard Time),0
ent_ch_15923647,LAST FAMILY PROPERTY HOLDINGS LIMITED,unconfirmed,,qualifying,false,false,true,Mr Raphael Last,,,,"LAST, Raphael","ELDON GROVE, LONDON, NW3 5PS",LAST FAMILY PROPERTY HOLDINGS LIMITED,United Kingdom,Harrow,HA1 2EN,13,1,Sat Aug 01 2026 17:17:56 GMT+0500 (Pakistan Standard Time),0
ent_ch_15970732,TURRELL FAMILY HOLDINGS GROUP LTD,unconfirmed,single_family_office,qualifying,false,false,true,Mrs Rose Elizabeth Myfanwy Turrell,,,,"TURRELL, Andrew Leonard","OXFORD STREET, SWANSEA, SA1 3JW",TURRELL FAMILY HOLDINGS GROUP LTD,United Kingdom,Swansea,SA1 3JW,14,1,Sat Aug 01 2026 16:53:55 GMT+0500 (Pakistan Standard Time),0
ent_ch_16016681,THE HOCKADAY FAMILY INVESTMENT COMPANY LTD,unconfirmed,single_family_office,qualifying,false,false,false,Mr Christopher Hockaday,,,,"HOCKADAY, Carla Alicia",,THE HOCKADAY FAMILY INVESTMENT COMPANY LTD,United Kingdom,Bishop Auckland,DL14 9PD,14,1,Sat Aug 01 2026 16:12:48 GMT+0500 (Pakistan Standard Time),0
ent_ch_16033118,MILSOM FAMILY HOLDINGS LIMITED,unconfirmed,single_family_office,qualifying,false,false,false,Mr Nigel Richard Milsom,,,,"MILSOM, Lisa Jean",,MILSOM FAMILY HOLDINGS LIMITED,United Kingdom,Bury St. Edmunds,IP30 0AG,14,1,Sat Aug 01 2026 17:23:10 GMT+0500 (Pakistan Standard Time),0
ent_ch_16095654,STEPHENS FAMILY STRATEGIC HOLDINGS LIMITED,unconfirmed,,qualifying,false,false,false,Mr Jonathon Andrew Stephens,,,,"STEPHENS, Gemma Jo",,STEPHENS FAMILY STRATEGIC HOLDINGS LIMITED,United Kingdom,Rendlesham,IP12 2TZ,13,1,Sat Aug 01 2026 16:45:59 GMT+0500 (Pakistan Standard Time),0
ent_ch_16224030,TO FAMILY HOLDINGS LTD,unconfirmed,,qualifying,false,false,true,Mr Calvin Sai Wing To,,,,"TO, Calvin Sai Wing","ARMSTRONG ROAD, MAIDSTONE, ME15 6JZ",TO FAMILY HOLDINGS LTD,United Kingdom,Maidstone,ME15 6JZ,12,1,Sat Aug 01 2026 17:18:34 GMT+0500 (Pakistan Standard Time),0
ent_ch_16292879,BRUCE FAMILY HOLDINGS LTD,unconfirmed,single_family_office,qualifying,false,false,true,Mr Matthew Howard Bruce,,,,"BRUCE, Matthew Howard","463A GLOSSOP ROAD, SHEFFIELD, S10 2QD",BRUCE FAMILY HOLDINGS LTD,United Kingdom,Sheffield,S10 2QD,12,1,Sat Aug 01 2026 16:43:56 GMT+0500 (Pakistan Standard Time),0
ent_ch_16324237,YANIK FAMILY INVESTMENT LTD,unconfirmed,,qualifying,false,false,true,"YANIK, Ibrahim",,,,"YANIK, Ibrahim","OFFICE 3 & 4, LONDON, N3 2LN",YANIK FAMILY INVESTMENT LTD,United Kingdom,London,N3 2LN,11,1,Sat Aug 01 2026 16:06:49 GMT+0500 (Pakistan Standard Time),0
ent_ch_16364862,HARTE FAMILY HOLDINGS LTD,unconfirmed,single_family_office,qualifying,false,false,false,Mr Gavin Michael Harte,,,,"HARTE, Gavin Michael",,HARTE FAMILY HOLDINGS LTD,United Kingdom,Reading,RG8 7LY,13,1,Sat Aug 01 2026 17:21:42 GMT+0500 (Pakistan Standard Time),0
ent_ch_16369858,H&S FAMILY INVESTMENT COMPANY LIMITED,unconfirmed,,qualifying,false,false,true,Ms How Man Wan,,,,"WAN, How Man","WATERWAY HOUSE, BIRMINGHAM, B5 7FE",H&S FAMILY INVESTMENT COMPANY LIMITED,United Kingdom,Birmingham,B5 7FE,11,1,Sat Aug 01 2026 16:19:26 GMT+0500 (Pakistan Standard Time),0
ent_ch_16426395,PAU FAMILY HOLDINGS LIMITED,unconfirmed,single_family_office,qualifying,false,false,false,Mrs Dina Pau,,,,"PAU, Nimesh",,PAU FAMILY HOLDINGS LIMITED,United Kingdom,Coventry,CV6 5FJ,13,1,Sat Aug 01 2026 17:22:16 GMT+0500 (Pakistan Standard Time),0
ent_ch_NI629892,CROSS FAMILY GROUP HOLDINGS LIMITED,unconfirmed,,qualifying,false,true,false,Dr Terence Martin Cross,,,https://www.linkedin.com/in/patrick-cross-51203025,"CROSS, Patrick Martin",,CROSS FAMILY GROUP HOLDINGS LIMITED,United Kingdom,Lisburn,BT27 6TZ,14,1,Fri Jul 31 2026 18:19:52 GMT+0500 (Pakistan Standard Time),0
ent_ch_NI634385,HUGHES FAMILY HOLDINGS LIMITED,unconfirmed,single_family_office,qualifying,false,false,false,Mr Kieran Hughes,,,,"HUGHES, Kieran",,HUGHES FAMILY HOLDINGS LIMITED,United Kingdom,Dungannon,BT71 7EF,13,1,Sat Aug 01 2026 17:11:55 GMT+0500 (Pakistan Standard Time),0
ent_ch_NI648981,CUAN HERITAGE COMPANY LIMITED,unconfirmed,,qualifying,false,false,true,Mr Neville Orr,,,,"MCCANN, John","WHITEROCK ROAD, KILLINCHY, NEWTOWNARDS, BT23 6PT",CUAN HERITAGE COMPANY LIMITED,United Kingdom,Newtownards,BT23 6PT,14,1,Fri Jul 31 2026 13:53:45 GMT+0500 (Pakistan Standard Time),0
ent_ch_NI654643,MCG FAMILY HOLDINGS LIMITED,unconfirmed,,qualifying,false,false,false,Mr Michael Thomas Mcglone,,,,"MCMURRAY, Damien John",,MCG FAMILY HOLDINGS LIMITED,United Kingdom,Antrim,BT41 3SG,11,1,Sat Aug 01 2026 17:18:46 GMT+0500 (Pakistan Standard Time),0
ent_ch_NI659605,AMC LEGACY HOLDINGS LTD,unconfirmed,,qualifying,false,true,true,Mr Martin Mccarron,,,https://uk.linkedin.com/in/martin-mccarron-7996a520,"MCCARRON, Martin","CHURCH STREET, BALLYGAWLEY, BT70 2HB",AMC LEGACY HOLDINGS LTD,United Kingdom,Ballygawley,BT70 2HB,13,1,Fri Jul 31 2026 18:15:17 GMT+0500 (Pakistan Standard Time),0
ent_ch_NI674782,DICKSON FAMILY HOLDINGS LIMITED,unconfirmed,single_family_office,qualifying,false,false,false,Ms Margaret Ruth Dickson,,,,"DICKSON, Margaret Ruth",,DICKSON FAMILY HOLDINGS LIMITED,United Kingdom,Omagh,BT78 1RB,13,1,Sat Aug 01 2026 16:57:41 GMT+0500 (Pakistan Standard Time),0
ent_ch_NI677823,MULHOLLAND FAMILY HOLDINGS LTD,unconfirmed,single_family_office,qualifying,false,false,true,Mr Alan Mulholland,,,,"MULHOLLAND, Alan","NEW FERRY ROAD, BELLAGHY, MAGHERAFELT, BT45 8ND",MULHOLLAND FAMILY HOLDINGS LTD,United Kingdom,Magherafelt,BT45 8ND,12,1,Sat Aug 01 2026 16:59:35 GMT+0500 (Pakistan Standard Time),0
ent_ch_NI683986,AJN FAMILY HOLDINGS LIMITED,unconfirmed,,qualifying,false,false,false,Karen Stewart,,,,"STEWART, Philip",,AJN FAMILY HOLDINGS LIMITED,United Kingdom,Limavady,BT49 0DN,12,1,Sat Aug 01 2026 17:20:53 GMT+0500 (Pakistan Standard Time),0
ent_ch_NI712411,MCSHANE FAMILY HOLDINGS LTD,unconfirmed,single_family_office,qualifying,false,false,false,Mrs Colette Mcshane,,,,"MCSHANE, Declan",,MCSHANE FAMILY HOLDINGS LTD,United Kingdom,Coalisland,BT71 4LP,14,1,Sat Aug 01 2026 17:11:37 GMT+0500 (Pakistan Standard Time),0
ent_ch_OC350440,ASPINALLS FAMILY OFFICE LLP,unconfirmed,,qualifying,false,false,false,"HOYLAND, John Nicolas Jeremy",,,,"HOYLAND, John Nicolas Jeremy",,ASPINALLS FAMILY OFFICE LLP,United Kingdom,Weybridge,KT13 9BW,14,1,Sat Aug 01 2026 15:55:49 GMT+0500 (Pakistan Standard Time),1
ent_ch_OC390165,ALLSKO FAMILY OFFICE RESOURCES LLP,unconfirmed,,qualifying,false,false,false,Ms Susanna Karin Oates,,,,"OATES, Susanna Karin",,ALLSKO FAMILY OFFICE RESOURCES LLP,United Kingdom,London,W1S 4AP,10,1,Sat Aug 01 2026 15:54:53 GMT+0500 (Pakistan Standard Time),1
ent_ch_OC414080,THE LAW FAMILY OFFICE LLP,unconfirmed,single_family_office,qualifying,false,false,false,Mr John William Law,,,,"GARDNER, Kinvara",,THE LAW FAMILY OFFICE LLP,United Kingdom,London,W1J 7UE,15,1,Sat Aug 01 2026 15:54:31 GMT+0500 (Pakistan Standard Time),0
ent_ch_OC421753,INNOCENT FAMILY HOLDINGS LLP,unconfirmed,single_family_office,qualifying,false,false,false,Hannah Elizabeth Innocent,,,,"INNOCENT, Hannah Elizabeth",,INNOCENT FAMILY HOLDINGS LLP,United Kingdom,Middlesbrough,TS7 0LX,14,1,Sat Aug 01 2026 16:43:29 GMT+0500 (Pakistan Standard Time),1
ent_ch_OC428315,THE LAWSON FAMILY OFFICE LLP,unconfirmed,single_family_office,qualifying,false,false,false,Mrs Fiona Jennifer Ann Lawson,,,,"LAWSON, Emily",,THE LAWSON FAMILY OFFICE LLP,United Kingdom,London,SE23 3SQ,18,1,Sat Aug 01 2026 15:52:39 GMT+0500 (Pakistan Standard Time),0
ent_ch_OC435993,FAMILY OFFICE TAX LLP,unconfirmed,,qualifying,false,false,false,Mr Seamus Patrick Murphy,,,,"MURPHY, Seamus Patrick",,FAMILY OFFICE TAX LLP,United Kingdom,London,EC1R 5HL,14,1,Sat Aug 01 2026 15:59:38 GMT+0500 (Pakistan Standard Time),0
ent_ch_OC444089,Q FAMILY OFFICE LLP,unconfirmed,,qualifying,false,false,false,Mr Diego Biasi,,,,"BIASI, Diego",,Q FAMILY OFFICE LLP,United Kingdom,London,W1S 1HS,10,1,Sat Aug 01 2026 15:53:26 GMT+0500 (Pakistan Standard Time),1
ent_ch_OC450252,AKHTAR FAMILY HOLDINGS LLP,unconfirmed,single_family_office,qualifying,false,false,false,Mr Atiq Akhtar,,,,"AKHTAR, Atiq",,AKHTAR FAMILY HOLDINGS LLP,United Kingdom,Dewsbury,WF12 7AX,15,1,Sat Aug 01 2026 16:42:30 GMT+0500 (Pakistan Standard Time),2
ent_ch_SC497921,BIG ISLAND FAMILY INVESTMENT COMPANY LIMITED,unconfirmed,,qualifying,false,false,true,Mr Brian Ross Stewart Miller,,,,"MILLER, Brian Ross Stewart","BELLEVUE CRESCENT, EDINBURGH, EH3 6ND",BIG ISLAND FAMILY INVESTMENT COMPANY LIMITED,United Kingdom,Edinburgh,EH3 6ND,11,1,Sat Aug 01 2026 16:11:56 GMT+0500 (Pakistan Standard Time),0
ent_ch_SC521563,CAPSTONE FAMILY OFFICE (SCOTLAND) LIMITED,unconfirmed,,qualifying,false,false,true,"CAMPBELL, Donald Alasdair",,,,"CAMPBELL, Donald Alasdair","CHARLOTTE SQUARE, EDINBURGH, EH2 4DF",CAPSTONE FAMILY OFFICE (SCOTLAND) LIMITED,United Kingdom,Edinburgh,EH12 6DW,12,1,Sat Aug 01 2026 15:57:53 GMT+0500 (Pakistan Standard Time),0
ent_ch_SC533193,JOHN S. PIRRIE & FAMILY HOLDINGS LIMITED,unconfirmed,single_family_office,qualifying,false,false,false,Mr John Syme Pirrie,,,,"PIRRIE, John Syme",,JOHN S. PIRRIE & FAMILY HOLDINGS LIMITED,United Kingdom,Glasgow,G2 2ND,13,1,Fri Jul 31 2026 13:47:53 GMT+0500 (Pakistan Standard Time),0
ent_ch_SC592622,THE PENDER FAMILY INVESTMENT COMPANY (SCOTLAND) LIMITED,unconfirmed,single_family_office,qualifying,false,false,false,Mrs Kirsty Anne Nicolson Pender,,,,"PENDER, Kirsty Ann Nicolson",,THE PENDER FAMILY INVESTMENT COMPANY (SCOTLAND) LIMITED,United Kingdom,Stirling,FK9 4DU,13,1,Sat Aug 01 2026 16:03:58 GMT+0500 (Pakistan Standard Time),0
ent_ch_SC598475,THE WEIR FAMILY INVESTMENT COMPANY LIMITED,unconfirmed,single_family_office,qualifying,false,false,false,Mrs Sheila Garden Weir,,,,"WEIR, Sheila Garden",,THE WEIR FAMILY INVESTMENT COMPANY LIMITED,United Kingdom,Glasgow,G77 5AJ,13,1,Sat Aug 01 2026 16:19:48 GMT+0500 (Pakistan Standard Time),0
ent_ch_SC609578,DUNSMORE FAMILY HOLDINGS LIMITED,unconfirmed,,qualifying,false,false,false,"DUNSMORE, Lynne",,,,"DUNSMORE, Lynne",,DUNSMORE FAMILY HOLDINGS LIMITED,United Kingdom,Edinburgh,EH10 5AY,11,1,Sat Aug 01 2026 17:10:00 GMT+0500 (Pakistan Standard Time),0
ent_ch_SC630935,THE ALLAN DONNACHIE FAMILY INVESTMENT COMPANY LIMITED,unconfirmed,single_family_office,qualifying,false,false,false,Mr Allan Leslie Donnachie,,,,"DONNACHIE, Marie Louise",,THE ALLAN DONNACHIE FAMILY INVESTMENT COMPANY LIMITED,United Kingdom,Perth,PH2 9GA,13,1,Sat Aug 01 2026 16:05:07 GMT+0500 (Pakistan Standard Time),0
ent_ch_SC631974,THE DAVID DONNACHIE FAMILY INVESTMENT COMPANY LIMITED,unconfirmed,single_family_office,qualifying,false,false,false,Mr David James Donnachie,,,,"DONNACHIE, Angela",,THE DAVID DONNACHIE FAMILY INVESTMENT COMPANY LIMITED,United Kingdom,Auchterarder,PH3 1ND,13,1,Sat Aug 01 2026 16:05:18 GMT+0500 (Pakistan Standard Time),0
ent_ch_SC633205,ACER FAMILY OFFICE LIMITED,unconfirmed,,qualifying,false,true,false,Mr Stuart Gunderson,,,https://www.linkedin.com/in/williamsonelizabeth,"GUNDERSON, Stuart",,ACER FAMILY OFFICE LIMITED,United Kingdom,Edinburgh,EH3 9EE,14,1,Fri Jul 31 2026 18:32:46 GMT+0500 (Pakistan Standard Time),0
ent_ch_SC688215,JEFFERSON FAMILY INVESTMENT COMPANY LIMITED,unconfirmed,single_family_office,qualifying,false,false,true,Ms Jamie Grace Jefferson,,,,"JEFFERSON, Jamie Grace","TITANIUM 1, KINGS INCH PLACE, RENFREW, PA4 8WF",JEFFERSON FAMILY INVESTMENT COMPANY LIMITED,United Kingdom,Renfrew,PA4 8WF,12,1,Sat Aug 01 2026 16:02:32 GMT+0500 (Pakistan Standard Time),0
ent_ch_SC688216,HAMILTON FAMILY INVESTMENT COMPANY LIMITED,unconfirmed,single_family_office,qualifying,false,false,true,Mr Garry Alexander Hamilton,,,,"HAMILTON, Garry Alexander","TITANIUM 1, KING'S INCH PLACE, RENFREW, PA4 8WF",HAMILTON FAMILY INVESTMENT COMPANY LIMITED,United Kingdom,Renfrew,PA4 8WF,14,1,Sat Aug 01 2026 16:02:20 GMT+0500 (Pakistan Standard Time),0
ent_ch_SC705402,LANCERS FAMILY HOLDINGS LTD,unconfirmed,single_family_office,qualifying,false,false,true,Mr Andris Lancers,,,,"LANCERS, Andris","WELLINGTON TERRACE, COVE, ABERDEEN, AB12 3TJ",LANCERS FAMILY HOLDINGS LTD,United Kingdom,Aberdeen,AB12 3TJ,13,1,Fri Jul 31 2026 13:46:37 GMT+0500 (Pakistan Standard Time),0
ent_ch_SC716072,WHITE ROSE FAMILY INVESTMENT GROUP LTD,unconfirmed,,qualifying,false,false,false,Mr John Paul Kirton,,,,"KIRTON, Stephen John",,WHITE ROSE FAMILY INVESTMENT GROUP LTD,United Kingdom,Edinburgh,EH6 5NP,12,1,Sat Aug 01 2026 16:07:12 GMT+0500 (Pakistan Standard Time),0
ent_ch_SC718109,THE STIRLING FAMILY INVESTMENT CO LTD,unconfirmed,single_family_office,qualifying,false,false,true,Mr David Charles Stirling,,,,"STIRLING, David Charles","KENILWORTH ROAD, BRIDGE OF ALLAN, STIRLING, FK9 4DU",THE STIRLING FAMILY INVESTMENT CO LTD,United Kingdom,Stirling,FK9 4DU,12,1,Sat Aug 01 2026 16:16:58 GMT+0500 (Pakistan Standard Time),0
ent_ch_SC741739,THE LANG FAMILY INVESTMENT COMPANY LIMITED,unconfirmed,single_family_office,qualifying,false,true,true,Mr Stuart David Lang,,,https://www.linkedin.com/in/david-lang-6821b720b,"LANG, Stuart David","7-11 MELVILLE STREET, EDINBURGH, EH3 7PE",THE LANG FAMILY INVESTMENT COMPANY LIMITED,United Kingdom,Edinburgh,EH3 7PE,13,1,Fri Jul 31 2026 18:15:31 GMT+0500 (Pakistan Standard Time),0
ent_ch_SC743302,AUSTIN CAREY FAMILY HOLDINGS LTD,unconfirmed,single_family_office,qualifying,false,false,true,Mr Austin Paul Daniel Carey,,,,"CAREY, Austin Paul Daniel","CRAIG LEITH ROAD, STIRLING, FK7 7LQ",AUSTIN CAREY FAMILY HOLDINGS LTD,United Kingdom,Stirling,FK7 7LQ,12,1,Sat Aug 01 2026 16:47:16 GMT+0500 (Pakistan Standard Time),0
ent_ch_SC757740,KERR FAMILY INVESTMENT COMPANY LIMITED,unconfirmed,single_family_office,qualifying,false,false,false,Mr Stuart James Kerr,,,,"KERR, Margaret",,KERR FAMILY INVESTMENT COMPANY LIMITED,United Kingdom,Glasgow,G41 5EU,14,1,Sat Aug 01 2026 16:05:52 GMT+0500 (Pakistan Standard Time),0
ent_ch_SC763213,WOODS & CO FAMILY HOLDINGS LTD,unconfirmed,single_family_office,qualifying,false,false,true,Mrs Kathrine Woods,,,,"WOODS, Brian David","MARYWOOD SQUARE, GLASGOW, G41 2BN",WOODS & CO FAMILY HOLDINGS LTD,United Kingdom,Glasgow,G1 3NA,15,1,Sat Aug 01 2026 16:57:29 GMT+0500 (Pakistan Standard Time),0
ent_ch_SC839261,MALCOLM FAMILY HOLDINGS LTD,unconfirmed,single_family_office,qualifying,false,false,false,Mr Derek Wilson Malcolm,,,,"MALCOLM, Derek Wilson",,MALCOLM FAMILY HOLDINGS LTD,United Kingdom,Bridge Of Allan,FK9 4ND,15,1,Sat Aug 01 2026 17:18:57 GMT+0500 (Pakistan Standard Time),0
ent_ch_SO308027,CAPSTONE FAMILY OFFICE LLP,unconfirmed,,qualifying,false,false,false,Mr Donald Alasdair Campbell,,,,"CAMPBELL, Donald Alasdair",,CAPSTONE FAMILY OFFICE LLP,United Kingdom,Edinburgh,EH2 2BD,11,1,Sat Aug 01 2026 15:53:14 GMT+0500 (Pakistan Standard Time),1
ent_sec_0000887762,"BARINGTON COMPANIES MANAGEMENT, LLC",unconfirmed,,qualifying,true,true,false,James Mitarotonda,Managing Member,212-974-5710,,,,"BARINGTON COMPANIES MANAGEMENT, LLC",United States,NEW YORK,10019,10,1,Fri Jul 31 2026 00:15:28 GMT+0500 (Pakistan Standard Time),0
ent_sec_0001134621,"RBF Capital, LLC",unconfirmed,,qualifying,true,true,false,Richard B. Fullerton,President,415-800-8212,,,,"RBF Capital, LLC",United States,SAN FRANCISCO,94123,10,1,Fri Jul 31 2026 00:14:27 GMT+0500 (Pakistan Standard Time),0
ent_sec_0001281446,GREAT POINT PARTNERS LLC,unconfirmed,,qualifying,false,true,false,"Dr. Jeffrey R. Jay, M.D.",Senior Managing Member,,https://www.linkedin.com/in/jeffrey-jay-m-d-m-b-a-6069a67,,,GREAT POINT PARTNERS LLC,United States,GREENWICH,06830,10,1,Fri Jul 31 2026 18:15:36 GMT+0500 (Pakistan Standard Time),0
ent_sec_0001290162,QVT Financial LP,unconfirmed,,qualifying,true,true,false,Meg Eisner,Authorized Signatory,(212) 705-8888,,,,QVT Financial LP,United States,New York,10106,10,1,Fri Jul 31 2026 00:12:49 GMT+0500 (Pakistan Standard Time),0
ent_sec_0001325447,"First Eagle Investment Management, LLC",unconfirmed,,qualifying,false,true,false,David O'Connor,General Counsel,,https://www.linkedin.com/in/david-o-connor-a29410b2,,,"First Eagle Investment Management, LLC",United States,NEW YORK,10105,10,1,Fri Jul 31 2026 18:15:41 GMT+0500 (Pakistan Standard Time),0
ent_sec_0001345471,"TRIAN FUND MANAGEMENT, L.P.",unconfirmed,,qualifying,false,true,false,Peter W. May,Member of its General Partner,,https://www.linkedin.com/in/petermay,,,"TRIAN FUND MANAGEMENT, L.P.",United States,NEW YORK,10017,10,1,Fri Jul 31 2026 18:15:45 GMT+0500 (Pakistan Standard Time),0
ent_sec_0001347769,Column Group LLC,unconfirmed,,qualifying,true,true,false,James Evangelista,Chief Financial Officer,(415) 865-2050,,,,Column Group LLC,United States,SAN FRANCISCO,94129,10,1,Fri Jul 31 2026 00:13:17 GMT+0500 (Pakistan Standard Time),0
ent_sec_0001373442,"Mariner, LLC",unconfirmed,,qualifying,true,true,false,Anne Dorian,General Counsel and Chief Compliance Officer,913-904-5700,,,,"Mariner, LLC",United States,Overland Park,66211,10,1,Fri Jul 31 2026 00:14:01 GMT+0500 (Pakistan Standard Time),0
ent_sec_0001511137,"PATHSTONE FAMILY OFFICE, LLC",unconfirmed,,qualifying,false,true,false,Rebecca Judd,Director,,https://www.linkedin.com/in/juddrebecca,,,"PATHSTONE FAMILY OFFICE, LLC",United States,ENGLEWOOD,07631,10,1,Fri Jul 31 2026 18:15:50 GMT+0500 (Pakistan Standard Time),0
ent_sec_0001536411,Duquesne Family Office LLC,unconfirmed,,qualifying,true,true,false,Sue Meng,General Counsel,212-830-6500,,,,Duquesne Family Office LLC,United States,New York,10019,10,1,Fri Jul 31 2026 00:13:52 GMT+0500 (Pakistan Standard Time),0
ent_sec_0001562668,JS Capital Management LLC,unconfirmed,,qualifying,true,true,false,Elizabeth Locher,Vice President,212.655.7160,,,,JS Capital Management LLC,United States,NEW YORK,10106,10,1,Fri Jul 31 2026 00:13:27 GMT+0500 (Pakistan Standard Time),0
ent_sec_0001568303,"West Family Investments, Inc.",unconfirmed,,qualifying,true,true,false,Marc Harper,Director and Treasurer,760-602-5788,,,,"West Family Investments, Inc.",United States,CARLSBAD,92008,10,1,Fri Jul 31 2026 00:16:21 GMT+0500 (Pakistan Standard Time),0
ent_sec_0001604873,Summer Road LLC,unconfirmed,,qualifying,false,true,false,Frank S. Vellucci,General Counsel,,https://www.linkedin.com/in/frank-vellucci-5700967,,,Summer Road LLC,United States,WEST PALM BEACH,33401,10,1,Fri Jul 31 2026 18:15:55 GMT+0500 (Pakistan Standard Time),0
ent_sec_0001683689,"Kopp Family Office, LLC",unconfirmed,,qualifying,true,true,false,John P. Flakne,Chief Financial Officer,952-841-0450,,,,"Kopp Family Office, LLC",United States,BLOOMINGTON,55437,10,1,Fri Jul 31 2026 00:18:49 GMT+0500 (Pakistan Standard Time),0
ent_sec_0001687509,Rubric Capital Management LP,unconfirmed,,qualifying,true,true,false,Michael Nachmani,Chief Operating Officer,212-418-1881,,,,Rubric Capital Management LP,United States,New York,10017,10,1,Fri Jul 31 2026 00:12:59 GMT+0500 (Pakistan Standard Time),0
ent_sec_0001697367,"Gen IV Investment Opportunities, LLC",unconfirmed,,qualifying,false,true,false,Jeffrey P. Wade,Chief Compliance Officer,,https://www.linkedin.com/in/jeff-wade-3647586,,,"Gen IV Investment Opportunities, LLC",United States,New York,10019,10,1,Fri Jul 31 2026 18:16:00 GMT+0500 (Pakistan Standard Time),0
ent_sec_0001706220,"Kimmeridge Energy Management Company, LLC",unconfirmed,,qualifying,true,true,false,Tamar Goldstein,General Counsel & Chief Compliance Officer,646-517-3323,,,,"Kimmeridge Energy Management Company, LLC",United States,NEW YORK,10014,10,1,Fri Jul 31 2026 00:14:56 GMT+0500 (Pakistan Standard Time),0
ent_sec_0001730145,"Voss Capital, LP",unconfirmed,,qualifying,true,true,false,Travis W. Cocke,Chief Investment Officer,713-328-1126,,,,"Voss Capital, LP",United States,HOUSTON,77046,10,1,Fri Jul 31 2026 00:12:41 GMT+0500 (Pakistan Standard Time),0
ent_sec_0001741129,"Greenhaven Road Investment Management, L.P.",unconfirmed,,qualifying,true,true,false,Vincent Elia,Director,3216939857,,,,"Greenhaven Road Investment Management, L.P.",United States,GREENWICH,06830,10,1,Fri Jul 31 2026 00:16:05 GMT+0500 (Pakistan Standard Time),0
ent_sec_0001777371,"Tarsadia Capital, LLC",unconfirmed,,qualifying,true,true,false,Andrew M. W. Yeung,General Counsel,332-225-8221,,,,"Tarsadia Capital, LLC",United States,New York,10019,10,1,Fri Jul 31 2026 00:15:14 GMT+0500 (Pakistan Standard Time),0
ent_sec_0001913482,Virtus Family Office LLC,unconfirmed,,qualifying,true,true,false,Norma Angelica Peralta Morales,Chief Compliance Officer,915-730-3885,,,,Virtus Family Office LLC,United States,El Paso,79901,10,1,Fri Jul 31 2026 00:16:54 GMT+0500 (Pakistan Standard Time),0
ent_sec_n_allie_family_office,Allie Family Office LLC,unconfirmed,,qualifying,true,true,false,Daniel Bejarano,Managing Director,7866357162,,,,Allie Family Office LLC,United States,MIAMI,33131,9,1,Fri Jul 31 2026 00:13:39 GMT+0500 (Pakistan Standard Time),0
ent_sec_n_alpha_family,Alpha Family Trust,unconfirmed,,qualifying,false,true,false,"Adam Chesnoff, Attorney in Fact*",Attorney in Fact,,https://www.linkedin.com/in/adam-chesnoff-315343313,,,Alpha Family Trust,United States,Los Angeles,90067,9,1,Fri Jul 31 2026 18:16:05 GMT+0500 (Pakistan Standard Time),0
ent_sec_n_american_family_insurance_mutual_holding,American Family Insurance Mutual Holding Co,unconfirmed,,qualifying,false,true,false,Cody Faust,Assistant Corporate Secretary,,https://www.linkedin.com/in/cody-faust-cpcu-asli-au-3156ab67,,,American Family Insurance Mutual Holding Co,United States,MADISON,53783,9,1,Fri Jul 31 2026 18:16:11 GMT+0500 (Pakistan Standard Time),0
ent_sec_n_american_family_investments,"American Family Investments, Inc.",unconfirmed,,qualifying,true,true,false,David Graham,President,6083453458,,,,"American Family Investments, Inc.",United States,MADISON,53783,9,1,Fri Jul 31 2026 12:58:03 GMT+0500 (Pakistan Standard Time),0
ent_sec_n_american_family_investments_holdings,"American Family Investments Holdings, Inc.",unconfirmed,,qualifying,true,true,false,David Graham,Director,608-249-2111,,,,"American Family Investments Holdings, Inc.",United States,MADISON,53783,9,1,Fri Jul 31 2026 12:58:33 GMT+0500 (Pakistan Standard Time),0
ent_sec_n_american_family_mutual_insurance_s_i,"AMERICAN FAMILY MUTUAL INSURANCE COMPANY, S.I.",unconfirmed,,qualifying,false,true,false,Cody Faust,Assistant Corporate Secretary,,https://www.linkedin.com/in/cody-faust-cpcu-asli-au-3156ab67,,,"AMERICAN FAMILY MUTUAL INSURANCE COMPANY, S.I.",United States,MADISON,53783,9,1,Fri Jul 31 2026 18:16:16 GMT+0500 (Pakistan Standard Time),0
ent_sec_n_arrowroot_family_office,"Arrowroot Family Office, LLC",unconfirmed,,qualifying,true,true,false,Robert Santos,CEO,310.341.4774,,,,"Arrowroot Family Office, LLC",United States,MARINA DEL REY,90292,9,1,Fri Jul 31 2026 00:15:53 GMT+0500 (Pakistan Standard Time),0
ent_sec_n_atlantic_family_wealth,"ATLANTIC FAMILY WEALTH, LLC",unconfirmed,,qualifying,true,true,false,Raul Isern,CCO,305-222-0977,,,,"ATLANTIC FAMILY WEALTH, LLC",United States,CORAL GABLES,33143,9,1,Fri Jul 31 2026 13:00:04 GMT+0500 (Pakistan Standard Time),0
ent_sec_n_aurelius_family_office,Aurelius Family Office LLC,unconfirmed,,qualifying,true,true,false,Brenda Winslow,Chief Compliance Officer,603-602-8550,,,,Aurelius Family Office LLC,United States,BEDFORD,03110,9,1,Fri Jul 31 2026 00:18:30 GMT+0500 (Pakistan Standard Time),0
ent_sec_n_avantra_family_wealth,"Avantra Family Wealth, Inc.",unconfirmed,,qualifying,true,true,false,Wade Hoffman,Chief Compliance Officer,(717) 276-1501,,,,"Avantra Family Wealth, Inc.",United States,MECHANICSBURG,17050,9,1,Fri Jul 31 2026 13:00:33 GMT+0500 (Pakistan Standard Time),0
ent_sec_n_biltmore_family_office,"Biltmore Family Office, LLC",unconfirmed,,qualifying,true,true,false,Christopher H. A. Cecil,President/Chief Compliance Officer,704-412-4246,,,,"Biltmore Family Office, LLC",United States,CHARLOTTE,28203,9,1,Fri Jul 31 2026 00:17:22 GMT+0500 (Pakistan Standard Time),0
ent_sec_n_bmo_family_office,"BMO Family Office, LLC",unconfirmed,,qualifying,true,true,false,Michael R. Hutchinson,Chief Compliance Officer,650-210-5042,,,,"BMO Family Office, LLC",United States,PALO ALTO,94303,9,1,Fri Jul 31 2026 00:19:33 GMT+0500 (Pakistan Standard Time),0
ent_sec_n_boston_family_office,BOSTON FAMILY OFFICE LLC,unconfirmed,,qualifying,true,true,false,George Beal,Managing Partner,617-624-0800,,,,BOSTON FAMILY OFFICE LLC,United States,BOSTON,02110,9,1,Fri Jul 31 2026 00:15:38 GMT+0500 (Pakistan Standard Time),0
ent_sec_n_brady_family_wealth,"BRADY FAMILY WEALTH, LLC",unconfirmed,,qualifying,true,true,false,Andrew Brady,Chief Investment Officer,(314) 919-9151,,,,"BRADY FAMILY WEALTH, LLC",United States,SAINT LOUIS,63144,9,1,Fri Jul 31 2026 13:01:40 GMT+0500 (Pakistan Standard Time),0
ent_sec_n_callan_family_office,"Callan Family Office, LLC",unconfirmed,,qualifying,true,true,false,John Ginter,CEO and CCO,267-250-2036,,,,"Callan Family Office, LLC",United States,RADNOR,19087,9,1,Fri Jul 31 2026 00:17:06 GMT+0500 (Pakistan Standard Time),0
ent_sec_n_capitol_family_office,"Capitol Family Office, Inc.",unconfirmed,,qualifying,true,true,false,Erica Nortman,CCO,5038970236,,,,"Capitol Family Office, Inc.",United States,BEAVERTON,97006,9,1,Fri Jul 31 2026 00:19:09 GMT+0500 (Pakistan Standard Time),0
ent_sec_n_collective_family_office,COLLECTIVE FAMILY OFFICE LLC,unconfirmed,,qualifying,true,true,false,Trevor N. Hoffman,CCO/COO,717-893-5055,,,,COLLECTIVE FAMILY OFFICE LLC,United States,YORK,17402,9,1,Fri Jul 31 2026 00:19:21 GMT+0500 (Pakistan Standard Time),0
ent_sec_n_colony_family_offices,"Colony Family Offices, LLC",unconfirmed,,qualifying,true,true,false,Eric D. Ridenour,Managing Director/Chief Compliance Officer,704-285-7300,,,,"Colony Family Offices, LLC",United States,CHARLOTTE,28209,9,1,Fri Jul 31 2026 13:00:42 GMT+0500 (Pakistan Standard Time),0
ent_sec_n_corus_family_wealth_advisors,Corus Family Wealth Advisors,unconfirmed,,qualifying,true,true,false,Rebecca Loeffler,Director of Operations,972-422-1010,,,,Corus Family Wealth Advisors,United States,MCKINNEY,75070,9,1,Fri Jul 31 2026 12:57:52 GMT+0500 (Pakistan Standard Time),0
ent_sec_n_custos_family_office,"Custos Family Office, LLC",unconfirmed,,qualifying,true,true,false,Audrey Soza,CCO,210.318.4903,,,,"Custos Family Office, LLC",United States,GREENWOOD VILLAGE,80121,9,1,Fri Jul 31 2026 00:18:58 GMT+0500 (Pakistan Standard Time),0
ent_sec_n_cva_family_office,"CVA Family Office, LLC",unconfirmed,,qualifying,true,true,false,Dalyce Tinoco,Dir of Wealth Advisory,3032435620,,,,"CVA Family Office, LLC",United States,DENVER,80206,9,1,Fri Jul 31 2026 00:17:31 GMT+0500 (Pakistan Standard Time),0
ent_sec_n_family_capital,Family Capital Trust Co,unconfirmed,,qualifying,true,true,false,Carolyn B. Bergen,CCO,978-278-9305,,,,Family Capital Trust Co,United States,PEABODY,01960,9,1,Fri Jul 31 2026 00:18:12 GMT+0500 (Pakistan Standard Time),0
ent_sec_n_family_capital_management,"Family Capital Management, Inc.",unconfirmed,,qualifying,true,true,false,Kyle Kelley,President,616-774-4560,,,,"Family Capital Management, Inc.",United States,GRAND RAPIDS,49503,9,1,Fri Jul 31 2026 00:17:55 GMT+0500 (Pakistan Standard Time),0
ent_sec_n_family_cfo,Family CFO Inc,unconfirmed,,qualifying,false,true,false,Cody Branson,Compliance Consultant,,https://www.linkedin.com/in/cody-branson-cpa-abv-59574833,,,Family CFO Inc,United States,LOS ALTOS,94022,9,1,Fri Jul 31 2026 18:16:22 GMT+0500 (Pakistan Standard Time),0
ent_sec_n_family_investment_center,"Family Investment Center, Inc.",unconfirmed,,qualifying,true,true,false,Nathan C. Goodman,Chief Compliance Officer,913-942-2512,,,,"Family Investment Center, Inc.",United States,Saint Joseph,64506,9,1,Fri Jul 31 2026 00:18:22 GMT+0500 (Pakistan Standard Time),0
ent_sec_n_family_legacy,"Family Legacy, Inc.",unconfirmed,,qualifying,true,true,false,Alyssa Standard Book,Chief Compliance Officer,8642330808,,,,"Family Legacy, Inc.",United States,GREENVILLE,29601,9,1,Fri Jul 31 2026 12:58:43 GMT+0500 (Pakistan Standard Time),0
ent_sec_n_family_legacy_financial_solutions,"Family Legacy Financial Solutions, LLC",unconfirmed,,qualifying,true,true,false,Todd Iglehart,CCO,9193799000,,,,"Family Legacy Financial Solutions, LLC",United States,CARY,27513,9,1,Fri Jul 31 2026 13:02:04 GMT+0500 (Pakistan Standard Time),0
ent_sec_n_family_management,Family Management Corp,unconfirmed,,qualifying,true,true,false,Philip Frank,Chief Compliance Officer,212-872-9637,,,,Family Management Corp,United States,NEW YORK,10017,9,1,Fri Jul 31 2026 12:58:25 GMT+0500 (Pakistan Standard Time),0
ent_sec_n_family_office_research,Family Office Research LLC,unconfirmed,,qualifying,true,true,false,Scott M. Freund,President,301-656-6852,,,,Family Office Research LLC,United States,Bethesda,20814,9,1,Fri Jul 31 2026 00:17:14 GMT+0500 (Pakistan Standard Time),0
ent_sec_n_family_wealth_partners,"FAMILY WEALTH PARTNERS, LLC",unconfirmed,,qualifying,false,true,false,Aryn Sands,Agent,,https://www.linkedin.com/in/aryn-sands-1220b14a,,,"FAMILY WEALTH PARTNERS, LLC",United States,MATTHEWS,28105,9,1,Fri Jul 31 2026 18:16:27 GMT+0500 (Pakistan Standard Time),0
ent_sec_n_fiduciary_family_office,"FIDUCIARY FAMILY OFFICE, LLC",unconfirmed,,qualifying,true,true,false,TABITHA LETOURNEAU MEYERER,Chief Compliance Officer,561-353-4440,,,,"FIDUCIARY FAMILY OFFICE, LLC",United States,Boca Raton,33432,9,1,Fri Jul 31 2026 00:17:39 GMT+0500 (Pakistan Standard Time),0
ent_sec_n_forthright_family_wealth_advisory,Forthright Family Wealth Advisory LLC,unconfirmed,,qualifying,true,true,false,Neal D. Carlson,"Managing Director, CCO",713-510-3510,,,,Forthright Family Wealth Advisory LLC,United States,HOUSTON,77024,9,1,Fri Jul 31 2026 13:00:23 GMT+0500 (Pakistan Standard Time),0
ent_sec_n_fortitude_family_office,"Fortitude Family Office, LLC",unconfirmed,,qualifying,true,true,false,Drew Phillips,COO,6028340089,,,,"Fortitude Family Office, LLC",United States,SCOTTSDALE,85256,9,1,Fri Jul 31 2026 00:18:39 GMT+0500 (Pakistan Standard Time),0
ent_sec_n_frg_family_wealth_advisors,FRG Family Wealth Advisors LLC,unconfirmed,,qualifying,false,true,false,Petra Zunt,Compliance Coordinator,,https://www.linkedin.com/in/petrazunt,,,FRG Family Wealth Advisors LLC,United States,BELLEVUE,98004,9,1,Fri Jul 31 2026 18:16:32 GMT+0500 (Pakistan Standard Time),0
ent_sec_n_fusion_family_wealth,Fusion Family Wealth LLC,unconfirmed,,qualifying,true,true,false,Brett Stanton,Chief Compliance Officer,(516) 206-1320,,,,Fusion Family Wealth LLC,United States,WOODBURY,11797,9,1,Fri Jul 31 2026 12:59:56 GMT+0500 (Pakistan Standard Time),0
ent_sec_n_george_kaiser_family_foundation,George Kaiser Family Foundation,unconfirmed,,qualifying,true,true,false,Frederic Dorwart,President,(918) 392-1612,,,,George Kaiser Family Foundation,United States,TULSA,74136,9,1,Fri Jul 31 2026 12:58:51 GMT+0500 (Pakistan Standard Time),0
ent_sec_n_heritage_family_offices,"Heritage Family Offices, LLP",unconfirmed,,qualifying,true,true,false,Michael Frost,"Partner, President, CCO",602-775-5400,,,,"Heritage Family Offices, LLP",United States,SCOTTSDALE,85260,9,1,Fri Jul 31 2026 13:01:48 GMT+0500 (Pakistan Standard Time),0
ent_sec_n_horizon_family_wealth,"Horizon Family Wealth, Inc.",unconfirmed,,qualifying,true,true,false,Joseph Blane Shea,Chief Compliance Officer,312-442-9192,,,,"Horizon Family Wealth, Inc.",United States,CHICAGO,60606,9,1,Fri Jul 31 2026 12:59:40 GMT+0500 (Pakistan Standard Time),0
ent_sec_n_independent_family_office,"Independent Family Office, LLC",unconfirmed,,qualifying,true,true,false,William Reickert,Chief Compliance Officer,(518) 452-8050,,,,"Independent Family Office, LLC",United States,ALBANY,12207,9,1,Fri Jul 31 2026 00:15:05 GMT+0500 (Pakistan Standard Time),0
ent_sec_n_intrepid_family_office,INTREPID FAMILY OFFICE LLC,unconfirmed,,qualifying,true,true,false,Matt Dino,Chief Financial Officer,(203) 862-3372,,,,INTREPID FAMILY OFFICE LLC,United States,SARASOTA,34237,9,1,Fri Jul 31 2026 00:14:37 GMT+0500 (Pakistan Standard Time),0
ent_sec_n_lbj_family_wealth_advisors,"LBJ Family Wealth Advisors, Ltd.",unconfirmed,,qualifying,true,true,false,Faith Vincent,Chief Compliance Officer/ Managing Director,9737236173,,,,"LBJ Family Wealth Advisors, Ltd.",United States,AUSTIN,78756,9,1,Fri Jul 31 2026 13:01:56 GMT+0500 (Pakistan Standard Time),0
ent_sec_n_michels_family_financial,"Michels Family Financial, LLC",unconfirmed,,qualifying,true,true,false,Chelsea Michels,CFO,361-226-3360,,,,"Michels Family Financial, LLC",United States,FORT WORTH,76107,9,1,Fri Jul 31 2026 12:59:25 GMT+0500 (Pakistan Standard Time),0
ent_sec_n_morton_brown_family_wealth,"Morton Brown Family Wealth, LLC",unconfirmed,,qualifying,true,true,false,Kathryn Brown,Founder and Principal,610.709.5072,,,,"Morton Brown Family Wealth, LLC",United States,ALLENTOWN,18101,9,1,Fri Jul 31 2026 13:01:07 GMT+0500 (Pakistan Standard Time),0
ent_sec_n_mosaic_family_wealth_partners,"MOSAIC FAMILY WEALTH PARTNERS, LLC",unconfirmed,,qualifying,true,true,false,Scott Highmark,President & CCO,314-627-5220,,,,"MOSAIC FAMILY WEALTH PARTNERS, LLC",United States,St. Louis,63144,9,1,Fri Jul 31 2026 12:59:08 GMT+0500 (Pakistan Standard Time),0
ent_sec_n_noble_family_wealth,"Noble Family Wealth, LLC",unconfirmed,,qualifying,true,true,false,Brian Glas,Chief Compliance Officer,727-674-1462,,,,"Noble Family Wealth, LLC",United States,Clearwater,33763,9,1,Fri Jul 31 2026 13:01:00 GMT+0500 (Pakistan Standard Time),0
ent_sec_n_oak_family_advisors,"OAK FAMILY ADVISORS, LLC",unconfirmed,,qualifying,true,true,false,Terrence S Wilson,CEO,312-373-7223,,,,"OAK FAMILY ADVISORS, LLC",United States,CHICAGO,60606,9,1,Fri Jul 31 2026 13:00:51 GMT+0500 (Pakistan Standard Time),0
ent_sec_n_omnia_family_wealth,"Omnia Family Wealth, LLC",unconfirmed,,qualifying,true,true,false,Ivan Hernandez,Chief Compliance Officer,(305) 602-9080,,,,"Omnia Family Wealth, LLC",United States,AVENTURA,33180,9,1,Fri Jul 31 2026 12:59:48 GMT+0500 (Pakistan Standard Time),0
ent_sec_n_oneascent_family_office,"OneAscent Family Office, LLC",unconfirmed,,qualifying,false,true,false,Ashleigh Swayze,Counsel,,https://www.linkedin.com/in/ashleigh-swayze-50a90028,,,"OneAscent Family Office, LLC",United States,BIRMINGHAM,35242,9,1,Fri Jul 31 2026 18:16:37 GMT+0500 (Pakistan Standard Time),0
ent_sec_n_petros_family_wealth,"Petros Family Wealth, LLC",unconfirmed,,qualifying,true,true,false,CARL LYMANGOOD,CHIEF COMPLIANCE OFFICER,612-643-9909,,,,"Petros Family Wealth, LLC",United States,BLOOMINGTON,55437,9,1,Fri Jul 31 2026 13:01:17 GMT+0500 (Pakistan Standard Time),0
ent_sec_n_pinnacle_family_advisors,"Pinnacle Family Advisors, LLC",unconfirmed,,qualifying,true,true,false,Paul Carroll,Chief Investment Officer,417-886-6590,,,,"Pinnacle Family Advisors, LLC",United States,Springfield,65807,9,1,Fri Jul 31 2026 12:58:12 GMT+0500 (Pakistan Standard Time),0
ent_sec_n_qtr_family_wealth,"QTR Family Wealth, LLC",unconfirmed,,qualifying,false,true,false,Desaree Tatum,"Team Lead, Compliance Support",,https://www.linkedin.com/in/desaree-tatum-53a202132,,,"QTR Family Wealth, LLC",United States,LAKE MARY,32746,9,1,Fri Jul 31 2026 18:16:43 GMT+0500 (Pakistan Standard Time),0
ent_sec_n_rainier_family_wealth,RAINIER FAMILY WEALTH INC,unconfirmed,,qualifying,false,true,false,Aryn Sands,Agent,,https://www.linkedin.com/in/aryn-sands-1220b14a,,,RAINIER FAMILY WEALTH INC,United States,TACOMA,98402,9,1,Fri Jul 31 2026 18:32:52 GMT+0500 (Pakistan Standard Time),0
ent_sec_n_rdz_family,"RDZ Family, LLC",unconfirmed,,qualifying,false,true,false,Kristina D. Sherman,"Chief Compliance Officer of Brandywine Managers, LLC",,https://www.linkedin.com/in/kristina-sherman-a4180214,,,"RDZ Family, LLC",United States,Hockessin,19707,9,1,Fri Jul 31 2026 18:16:48 GMT+0500 (Pakistan Standard Time),0
ent_sec_n_riverglades_family_offices,RiverGlades Family Offices LLC,unconfirmed,,qualifying,true,true,false,Paul J. Marinelli,Chief Compliance Officer,2392634079,,,,RiverGlades Family Offices LLC,United States,NAPLES,34105,9,1,Fri Jul 31 2026 12:59:16 GMT+0500 (Pakistan Standard Time),0
ent_sec_n_rpg_family_wealth_advisory,"RPg Family Wealth Advisory, LLC",unconfirmed,,qualifying,true,true,false,Maura Dickson,Compliance Director,7819168176,,,,"RPg Family Wealth Advisory, LLC",United States,BURLINGTON,01803,9,1,Fri Jul 31 2026 12:58:59 GMT+0500 (Pakistan Standard Time),0
ent_sec_n_standard_family_office,Standard Family Office LLC,unconfirmed,,qualifying,true,true,false,Kelsey Olson,Chief Compliance Officer,6054967760,,,,Standard Family Office LLC,United States,SIOUX FALLS,57108,9,1,Fri Jul 31 2026 00:14:46 GMT+0500 (Pakistan Standard Time),0
ent_sec_n_stenger_family_office,"Stenger Family Office, LLC",unconfirmed,,qualifying,true,true,false,Julia Patricia Huebner,"Vice President, Operations",630-912-8295,,,,"Stenger Family Office, LLC",United States,Naperville,60563,9,1,Fri Jul 31 2026 00:17:47 GMT+0500 (Pakistan Standard Time),0
ent_sec_n_stokes_family_office,"Stokes Family Office, LLC",unconfirmed,,qualifying,true,true,false,Charles Tiblier,CCO,504-399-4100,,,,"Stokes Family Office, LLC",United States,NEW ORLEANS,70163,9,1,Fri Jul 31 2026 00:14:10 GMT+0500 (Pakistan Standard Time),0
ent_sec_n_strategic_family_wealth_counselors,"Strategic Family Wealth Counselors, L.L.C.",unconfirmed,,qualifying,true,true,false,Joseph L. Sluck,CHIEF COMPLIANCE OFFICER,973-575-3444,,,,"Strategic Family Wealth Counselors, L.L.C.",United States,FAIRFIELD,07004,9,1,Fri Jul 31 2026 12:59:33 GMT+0500 (Pakistan Standard Time),0
ent_sec_n_strengthening_families_communities,"Strengthening Families & Communities, LLC",unconfirmed,,qualifying,true,true,false,Syeda Ayesha Qadri,Investment Advisor Representative,6175301693,,,,"Strengthening Families & Communities, LLC",United States,BOSTON,02118,9,1,Fri Jul 31 2026 13:00:13 GMT+0500 (Pakistan Standard Time),0
ent_sec_n_tarbox_family_office,"Tarbox Family Office, Inc.",unconfirmed,,qualifying,true,true,false,Mary Sigler,Chief Operating Officer,949-721-2330,,,,"Tarbox Family Office, Inc.",United States,NEWPORT BEACH,92660,9,1,Fri Jul 31 2026 00:18:03 GMT+0500 (Pakistan Standard Time),0
ent_sec_n_timonier_family_office,"Timonier Family Office, LTD.",unconfirmed,,qualifying,true,true,false,Janice French,Chief Compliance Officer,(336) 725-5010,,,,"Timonier Family Office, LTD.",United States,WINSTON SALEM,27106,9,1,Fri Jul 31 2026 00:16:46 GMT+0500 (Pakistan Standard Time),0
ent_sec_n_tred_avon_family_wealth,"TRED AVON FAMILY WEALTH, LLC",unconfirmed,,qualifying,false,true,false,MICHELLE ELDRIDGE,SR. COMPLIANCE OFFICER,,https://www.linkedin.com/in/michelle-eldridge-leader,,,"TRED AVON FAMILY WEALTH, LLC",United States,EASTON,21601,9,1,Fri Jul 31 2026 18:16:53 GMT+0500 (Pakistan Standard Time),0
ent_sec_n_walter_scott_family_foundation,Walter Scott Family Foundation,unconfirmed,,qualifying,false,true,false,Christi Annin,Chief Financial Officer,,https://www.linkedin.com/in/christiannin,,,Walter Scott Family Foundation,United States,OMAHA,68122,9,1,Fri Jul 31 2026 18:16:58 GMT+0500 (Pakistan Standard Time),0
